--
-- PostgreSQL database dump
--

-- Dumped from database version 12.12 (Ubuntu 12.12-0ubuntu0.20.04.1)
-- Dumped by pg_dump version 12.12 (Ubuntu 12.12-0ubuntu0.20.04.1)

SET statement_timeout = 0;
SET lock_timeout = 0;
SET idle_in_transaction_session_timeout = 0;
SET client_encoding = 'UTF8';
SET standard_conforming_strings = on;
SELECT pg_catalog.set_config('search_path', '', false);
SET check_function_bodies = false;
SET xmloption = content;
SET client_min_messages = warning;
SET row_security = off;

SET default_tablespace = '';

SET default_table_access_method = heap;

--
-- Name: auth_group; Type: TABLE; Schema: public; Owner: mysite_user
--

CREATE TABLE public.auth_group (
    id integer NOT NULL,
    name character varying(150) NOT NULL
);


ALTER TABLE public.auth_group OWNER TO mysite_user;

--
-- Name: auth_group_id_seq; Type: SEQUENCE; Schema: public; Owner: mysite_user
--

CREATE SEQUENCE public.auth_group_id_seq
    AS integer
    START WITH 1
    INCREMENT BY 1
    NO MINVALUE
    NO MAXVALUE
    CACHE 1;


ALTER TABLE public.auth_group_id_seq OWNER TO mysite_user;

--
-- Name: auth_group_id_seq; Type: SEQUENCE OWNED BY; Schema: public; Owner: mysite_user
--

ALTER SEQUENCE public.auth_group_id_seq OWNED BY public.auth_group.id;


--
-- Name: auth_group_permissions; Type: TABLE; Schema: public; Owner: mysite_user
--

CREATE TABLE public.auth_group_permissions (
    id integer NOT NULL,
    group_id integer NOT NULL,
    permission_id integer NOT NULL
);


ALTER TABLE public.auth_group_permissions OWNER TO mysite_user;

--
-- Name: auth_group_permissions_id_seq; Type: SEQUENCE; Schema: public; Owner: mysite_user
--

CREATE SEQUENCE public.auth_group_permissions_id_seq
    AS integer
    START WITH 1
    INCREMENT BY 1
    NO MINVALUE
    NO MAXVALUE
    CACHE 1;


ALTER TABLE public.auth_group_permissions_id_seq OWNER TO mysite_user;

--
-- Name: auth_group_permissions_id_seq; Type: SEQUENCE OWNED BY; Schema: public; Owner: mysite_user
--

ALTER SEQUENCE public.auth_group_permissions_id_seq OWNED BY public.auth_group_permissions.id;


--
-- Name: auth_permission; Type: TABLE; Schema: public; Owner: mysite_user
--

CREATE TABLE public.auth_permission (
    id integer NOT NULL,
    name character varying(255) NOT NULL,
    content_type_id integer NOT NULL,
    codename character varying(100) NOT NULL
);


ALTER TABLE public.auth_permission OWNER TO mysite_user;

--
-- Name: auth_permission_id_seq; Type: SEQUENCE; Schema: public; Owner: mysite_user
--

CREATE SEQUENCE public.auth_permission_id_seq
    AS integer
    START WITH 1
    INCREMENT BY 1
    NO MINVALUE
    NO MAXVALUE
    CACHE 1;


ALTER TABLE public.auth_permission_id_seq OWNER TO mysite_user;

--
-- Name: auth_permission_id_seq; Type: SEQUENCE OWNED BY; Schema: public; Owner: mysite_user
--

ALTER SEQUENCE public.auth_permission_id_seq OWNED BY public.auth_permission.id;


--
-- Name: auth_user; Type: TABLE; Schema: public; Owner: mysite_user
--

CREATE TABLE public.auth_user (
    id integer NOT NULL,
    password character varying(128) NOT NULL,
    last_login timestamp with time zone,
    is_superuser boolean NOT NULL,
    username character varying(150) NOT NULL,
    first_name character varying(150) NOT NULL,
    last_name character varying(150) NOT NULL,
    email character varying(254) NOT NULL,
    is_staff boolean NOT NULL,
    is_active boolean NOT NULL,
    date_joined timestamp with time zone NOT NULL
);


ALTER TABLE public.auth_user OWNER TO mysite_user;

--
-- Name: auth_user_groups; Type: TABLE; Schema: public; Owner: mysite_user
--

CREATE TABLE public.auth_user_groups (
    id integer NOT NULL,
    user_id integer NOT NULL,
    group_id integer NOT NULL
);


ALTER TABLE public.auth_user_groups OWNER TO mysite_user;

--
-- Name: auth_user_groups_id_seq; Type: SEQUENCE; Schema: public; Owner: mysite_user
--

CREATE SEQUENCE public.auth_user_groups_id_seq
    AS integer
    START WITH 1
    INCREMENT BY 1
    NO MINVALUE
    NO MAXVALUE
    CACHE 1;


ALTER TABLE public.auth_user_groups_id_seq OWNER TO mysite_user;

--
-- Name: auth_user_groups_id_seq; Type: SEQUENCE OWNED BY; Schema: public; Owner: mysite_user
--

ALTER SEQUENCE public.auth_user_groups_id_seq OWNED BY public.auth_user_groups.id;


--
-- Name: auth_user_id_seq; Type: SEQUENCE; Schema: public; Owner: mysite_user
--

CREATE SEQUENCE public.auth_user_id_seq
    AS integer
    START WITH 1
    INCREMENT BY 1
    NO MINVALUE
    NO MAXVALUE
    CACHE 1;


ALTER TABLE public.auth_user_id_seq OWNER TO mysite_user;

--
-- Name: auth_user_id_seq; Type: SEQUENCE OWNED BY; Schema: public; Owner: mysite_user
--

ALTER SEQUENCE public.auth_user_id_seq OWNED BY public.auth_user.id;


--
-- Name: auth_user_user_permissions; Type: TABLE; Schema: public; Owner: mysite_user
--

CREATE TABLE public.auth_user_user_permissions (
    id integer NOT NULL,
    user_id integer NOT NULL,
    permission_id integer NOT NULL
);


ALTER TABLE public.auth_user_user_permissions OWNER TO mysite_user;

--
-- Name: auth_user_user_permissions_id_seq; Type: SEQUENCE; Schema: public; Owner: mysite_user
--

CREATE SEQUENCE public.auth_user_user_permissions_id_seq
    AS integer
    START WITH 1
    INCREMENT BY 1
    NO MINVALUE
    NO MAXVALUE
    CACHE 1;


ALTER TABLE public.auth_user_user_permissions_id_seq OWNER TO mysite_user;

--
-- Name: auth_user_user_permissions_id_seq; Type: SEQUENCE OWNED BY; Schema: public; Owner: mysite_user
--

ALTER SEQUENCE public.auth_user_user_permissions_id_seq OWNED BY public.auth_user_user_permissions.id;


--
-- Name: cart_cart; Type: TABLE; Schema: public; Owner: mysite_user
--

CREATE TABLE public.cart_cart (
    id integer NOT NULL,
    checked_out boolean NOT NULL,
    session_key character varying(255) NOT NULL
);


ALTER TABLE public.cart_cart OWNER TO mysite_user;

--
-- Name: cart_cart_id_seq; Type: SEQUENCE; Schema: public; Owner: mysite_user
--

CREATE SEQUENCE public.cart_cart_id_seq
    AS integer
    START WITH 1
    INCREMENT BY 1
    NO MINVALUE
    NO MAXVALUE
    CACHE 1;


ALTER TABLE public.cart_cart_id_seq OWNER TO mysite_user;

--
-- Name: cart_cart_id_seq; Type: SEQUENCE OWNED BY; Schema: public; Owner: mysite_user
--

ALTER SEQUENCE public.cart_cart_id_seq OWNED BY public.cart_cart.id;


--
-- Name: cart_item; Type: TABLE; Schema: public; Owner: mysite_user
--

CREATE TABLE public.cart_item (
    id integer NOT NULL,
    quantity integer NOT NULL,
    unit_price numeric(18,2) NOT NULL,
    object_id integer NOT NULL,
    cart_id integer NOT NULL,
    content_type_id integer NOT NULL,
    CONSTRAINT cart_item_object_id_check CHECK ((object_id >= 0)),
    CONSTRAINT cart_item_quantity_check CHECK ((quantity >= 0))
);


ALTER TABLE public.cart_item OWNER TO mysite_user;

--
-- Name: cart_item_id_seq; Type: SEQUENCE; Schema: public; Owner: mysite_user
--

CREATE SEQUENCE public.cart_item_id_seq
    AS integer
    START WITH 1
    INCREMENT BY 1
    NO MINVALUE
    NO MAXVALUE
    CACHE 1;


ALTER TABLE public.cart_item_id_seq OWNER TO mysite_user;

--
-- Name: cart_item_id_seq; Type: SEQUENCE OWNED BY; Schema: public; Owner: mysite_user
--

ALTER SEQUENCE public.cart_item_id_seq OWNED BY public.cart_item.id;


--
-- Name: contacts_contacts; Type: TABLE; Schema: public; Owner: mysite_user
--

CREATE TABLE public.contacts_contacts (
    id bigint NOT NULL,
    work_time character varying(255) NOT NULL,
    "whatsApp" character varying(255) NOT NULL,
    instagram character varying(255) NOT NULL,
    email character varying(255) NOT NULL,
    city_id integer,
    phone character varying(255) NOT NULL,
    iframe character varying(255) NOT NULL,
    adress character varying(255) NOT NULL,
    togiz character varying(255) NOT NULL
);


ALTER TABLE public.contacts_contacts OWNER TO mysite_user;

--
-- Name: contacts_contacts_id_seq; Type: SEQUENCE; Schema: public; Owner: mysite_user
--

CREATE SEQUENCE public.contacts_contacts_id_seq
    START WITH 1
    INCREMENT BY 1
    NO MINVALUE
    NO MAXVALUE
    CACHE 1;


ALTER TABLE public.contacts_contacts_id_seq OWNER TO mysite_user;

--
-- Name: contacts_contacts_id_seq; Type: SEQUENCE OWNED BY; Schema: public; Owner: mysite_user
--

ALTER SEQUENCE public.contacts_contacts_id_seq OWNED BY public.contacts_contacts.id;


--
-- Name: django_admin_log; Type: TABLE; Schema: public; Owner: mysite_user
--

CREATE TABLE public.django_admin_log (
    id integer NOT NULL,
    action_time timestamp with time zone NOT NULL,
    object_id text,
    object_repr character varying(200) NOT NULL,
    action_flag smallint NOT NULL,
    change_message text NOT NULL,
    content_type_id integer,
    user_id integer NOT NULL,
    CONSTRAINT django_admin_log_action_flag_check CHECK ((action_flag >= 0))
);


ALTER TABLE public.django_admin_log OWNER TO mysite_user;

--
-- Name: django_admin_log_id_seq; Type: SEQUENCE; Schema: public; Owner: mysite_user
--

CREATE SEQUENCE public.django_admin_log_id_seq
    AS integer
    START WITH 1
    INCREMENT BY 1
    NO MINVALUE
    NO MAXVALUE
    CACHE 1;


ALTER TABLE public.django_admin_log_id_seq OWNER TO mysite_user;

--
-- Name: django_admin_log_id_seq; Type: SEQUENCE OWNED BY; Schema: public; Owner: mysite_user
--

ALTER SEQUENCE public.django_admin_log_id_seq OWNED BY public.django_admin_log.id;


--
-- Name: django_content_type; Type: TABLE; Schema: public; Owner: mysite_user
--

CREATE TABLE public.django_content_type (
    id integer NOT NULL,
    app_label character varying(100) NOT NULL,
    model character varying(100) NOT NULL
);


ALTER TABLE public.django_content_type OWNER TO mysite_user;

--
-- Name: django_content_type_id_seq; Type: SEQUENCE; Schema: public; Owner: mysite_user
--

CREATE SEQUENCE public.django_content_type_id_seq
    AS integer
    START WITH 1
    INCREMENT BY 1
    NO MINVALUE
    NO MAXVALUE
    CACHE 1;


ALTER TABLE public.django_content_type_id_seq OWNER TO mysite_user;

--
-- Name: django_content_type_id_seq; Type: SEQUENCE OWNED BY; Schema: public; Owner: mysite_user
--

ALTER SEQUENCE public.django_content_type_id_seq OWNED BY public.django_content_type.id;


--
-- Name: django_migrations; Type: TABLE; Schema: public; Owner: mysite_user
--

CREATE TABLE public.django_migrations (
    id integer NOT NULL,
    app character varying(255) NOT NULL,
    name character varying(255) NOT NULL,
    applied timestamp with time zone NOT NULL
);


ALTER TABLE public.django_migrations OWNER TO mysite_user;

--
-- Name: django_migrations_id_seq; Type: SEQUENCE; Schema: public; Owner: mysite_user
--

CREATE SEQUENCE public.django_migrations_id_seq
    AS integer
    START WITH 1
    INCREMENT BY 1
    NO MINVALUE
    NO MAXVALUE
    CACHE 1;


ALTER TABLE public.django_migrations_id_seq OWNER TO mysite_user;

--
-- Name: django_migrations_id_seq; Type: SEQUENCE OWNED BY; Schema: public; Owner: mysite_user
--

ALTER SEQUENCE public.django_migrations_id_seq OWNED BY public.django_migrations.id;


--
-- Name: django_session; Type: TABLE; Schema: public; Owner: mysite_user
--

CREATE TABLE public.django_session (
    session_key character varying(40) NOT NULL,
    session_data text NOT NULL,
    expire_date timestamp with time zone NOT NULL
);


ALTER TABLE public.django_session OWNER TO mysite_user;

--
-- Name: django_site; Type: TABLE; Schema: public; Owner: mysite_user
--

CREATE TABLE public.django_site (
    id integer NOT NULL,
    domain character varying(100) NOT NULL,
    name character varying(50) NOT NULL
);


ALTER TABLE public.django_site OWNER TO mysite_user;

--
-- Name: django_site_id_seq; Type: SEQUENCE; Schema: public; Owner: mysite_user
--

CREATE SEQUENCE public.django_site_id_seq
    AS integer
    START WITH 1
    INCREMENT BY 1
    NO MINVALUE
    NO MAXVALUE
    CACHE 1;


ALTER TABLE public.django_site_id_seq OWNER TO mysite_user;

--
-- Name: django_site_id_seq; Type: SEQUENCE OWNED BY; Schema: public; Owner: mysite_user
--

ALTER SEQUENCE public.django_site_id_seq OWNED BY public.django_site.id;


--
-- Name: franchise_order; Type: TABLE; Schema: public; Owner: mysite_user
--

CREATE TABLE public.franchise_order (
    id bigint NOT NULL,
    email character varying(255) NOT NULL,
    fio character varying(255) NOT NULL,
    phone character varying(255) NOT NULL,
    city character varying(255) NOT NULL,
    city_fr character varying(255),
    brend character varying(255) NOT NULL,
    kapital character varying(255) NOT NULL,
    opit character varying(255) NOT NULL,
    obopite text NOT NULL,
    velbiznes character varying(255) NOT NULL,
    pochemu text NOT NULL,
    date_add timestamp with time zone NOT NULL
);


ALTER TABLE public.franchise_order OWNER TO mysite_user;

--
-- Name: franchise_order_id_seq; Type: SEQUENCE; Schema: public; Owner: mysite_user
--

CREATE SEQUENCE public.franchise_order_id_seq
    START WITH 1
    INCREMENT BY 1
    NO MINVALUE
    NO MAXVALUE
    CACHE 1;


ALTER TABLE public.franchise_order_id_seq OWNER TO mysite_user;

--
-- Name: franchise_order_id_seq; Type: SEQUENCE OWNED BY; Schema: public; Owner: mysite_user
--

ALTER SEQUENCE public.franchise_order_id_seq OWNED BY public.franchise_order.id;


--
-- Name: franshiza_order; Type: TABLE; Schema: public; Owner: mysite_user
--

CREATE TABLE public.franshiza_order (
    id bigint NOT NULL,
    email character varying(255) NOT NULL,
    fio character varying(255) NOT NULL,
    phone character varying(255) NOT NULL,
    city character varying(255) NOT NULL,
    brend character varying(255) NOT NULL,
    kapital character varying(255) NOT NULL,
    opit character varying(255) NOT NULL,
    obopite text NOT NULL,
    velbiznes character varying(255) NOT NULL,
    pochemu text NOT NULL,
    date_add timestamp with time zone NOT NULL,
    city_fr character varying(255)
);


ALTER TABLE public.franshiza_order OWNER TO mysite_user;

--
-- Name: franshiza_order_id_seq; Type: SEQUENCE; Schema: public; Owner: mysite_user
--

CREATE SEQUENCE public.franshiza_order_id_seq
    START WITH 1
    INCREMENT BY 1
    NO MINVALUE
    NO MAXVALUE
    CACHE 1;


ALTER TABLE public.franshiza_order_id_seq OWNER TO mysite_user;

--
-- Name: franshiza_order_id_seq; Type: SEQUENCE OWNED BY; Schema: public; Owner: mysite_user
--

ALTER SEQUENCE public.franshiza_order_id_seq OWNED BY public.franshiza_order.id;


--
-- Name: logs_logs; Type: TABLE; Schema: public; Owner: mysite_user
--

CREATE TABLE public.logs_logs (
    id integer NOT NULL,
    text character varying(255) NOT NULL
);


ALTER TABLE public.logs_logs OWNER TO mysite_user;

--
-- Name: logs_logs_id_seq; Type: SEQUENCE; Schema: public; Owner: mysite_user
--

CREATE SEQUENCE public.logs_logs_id_seq
    AS integer
    START WITH 1
    INCREMENT BY 1
    NO MINVALUE
    NO MAXVALUE
    CACHE 1;


ALTER TABLE public.logs_logs_id_seq OWNER TO mysite_user;

--
-- Name: logs_logs_id_seq; Type: SEQUENCE OWNED BY; Schema: public; Owner: mysite_user
--

ALTER SEQUENCE public.logs_logs_id_seq OWNED BY public.logs_logs.id;


--
-- Name: mainapp_category; Type: TABLE; Schema: public; Owner: mysite_user
--

CREATE TABLE public.mainapp_category (
    id integer NOT NULL,
    name character varying(255) NOT NULL
);


ALTER TABLE public.mainapp_category OWNER TO mysite_user;

--
-- Name: mainapp_category_id_seq; Type: SEQUENCE; Schema: public; Owner: mysite_user
--

CREATE SEQUENCE public.mainapp_category_id_seq
    AS integer
    START WITH 1
    INCREMENT BY 1
    NO MINVALUE
    NO MAXVALUE
    CACHE 1;


ALTER TABLE public.mainapp_category_id_seq OWNER TO mysite_user;

--
-- Name: mainapp_category_id_seq; Type: SEQUENCE OWNED BY; Schema: public; Owner: mysite_user
--

ALTER SEQUENCE public.mainapp_category_id_seq OWNED BY public.mainapp_category.id;


--
-- Name: mainapp_city; Type: TABLE; Schema: public; Owner: mysite_user
--

CREATE TABLE public.mainapp_city (
    id integer NOT NULL,
    name character varying(255) NOT NULL,
    url_name character varying(255),
    description character varying(255),
    keywords character varying(255),
    post character varying(255)
);


ALTER TABLE public.mainapp_city OWNER TO mysite_user;

--
-- Name: mainapp_city_id_seq; Type: SEQUENCE; Schema: public; Owner: mysite_user
--

CREATE SEQUENCE public.mainapp_city_id_seq
    AS integer
    START WITH 1
    INCREMENT BY 1
    NO MINVALUE
    NO MAXVALUE
    CACHE 1;


ALTER TABLE public.mainapp_city_id_seq OWNER TO mysite_user;

--
-- Name: mainapp_city_id_seq; Type: SEQUENCE OWNED BY; Schema: public; Owner: mysite_user
--

ALTER SEQUENCE public.mainapp_city_id_seq OWNED BY public.mainapp_city.id;


--
-- Name: mainapp_counts_flowers; Type: TABLE; Schema: public; Owner: mysite_user
--

CREATE TABLE public.mainapp_counts_flowers (
    id integer NOT NULL,
    count_in integer NOT NULL,
    CONSTRAINT mainapp_counts_flowers_count_in_check CHECK ((count_in >= 0))
);


ALTER TABLE public.mainapp_counts_flowers OWNER TO mysite_user;

--
-- Name: mainapp_counts_flowers_id_seq; Type: SEQUENCE; Schema: public; Owner: mysite_user
--

CREATE SEQUENCE public.mainapp_counts_flowers_id_seq
    AS integer
    START WITH 1
    INCREMENT BY 1
    NO MINVALUE
    NO MAXVALUE
    CACHE 1;


ALTER TABLE public.mainapp_counts_flowers_id_seq OWNER TO mysite_user;

--
-- Name: mainapp_counts_flowers_id_seq; Type: SEQUENCE OWNED BY; Schema: public; Owner: mysite_user
--

ALTER SEQUENCE public.mainapp_counts_flowers_id_seq OWNED BY public.mainapp_counts_flowers.id;


--
-- Name: mainapp_extraproducts; Type: TABLE; Schema: public; Owner: mysite_user
--

CREATE TABLE public.mainapp_extraproducts (
    id integer NOT NULL,
    name character varying(255) NOT NULL,
    price integer NOT NULL,
    picture character varying(100) NOT NULL,
    total integer,
    selected boolean NOT NULL,
    col integer NOT NULL,
    CONSTRAINT mainapp_extraproducts_col_check CHECK ((col >= 0)),
    CONSTRAINT mainapp_extraproducts_price_check CHECK ((price >= 0)),
    CONSTRAINT mainapp_extraproducts_total_check CHECK ((total >= 0))
);


ALTER TABLE public.mainapp_extraproducts OWNER TO mysite_user;

--
-- Name: mainapp_extraproducts_id_seq; Type: SEQUENCE; Schema: public; Owner: mysite_user
--

CREATE SEQUENCE public.mainapp_extraproducts_id_seq
    AS integer
    START WITH 1
    INCREMENT BY 1
    NO MINVALUE
    NO MAXVALUE
    CACHE 1;


ALTER TABLE public.mainapp_extraproducts_id_seq OWNER TO mysite_user;

--
-- Name: mainapp_extraproducts_id_seq; Type: SEQUENCE OWNED BY; Schema: public; Owner: mysite_user
--

ALTER SEQUENCE public.mainapp_extraproducts_id_seq OWNED BY public.mainapp_extraproducts.id;


--
-- Name: mainapp_filial; Type: TABLE; Schema: public; Owner: mysite_user
--

CREATE TABLE public.mainapp_filial (
    id integer NOT NULL,
    name character varying(255) NOT NULL,
    post character varying(255)
);


ALTER TABLE public.mainapp_filial OWNER TO mysite_user;

--
-- Name: mainapp_filial_id_seq; Type: SEQUENCE; Schema: public; Owner: mysite_user
--

CREATE SEQUENCE public.mainapp_filial_id_seq
    AS integer
    START WITH 1
    INCREMENT BY 1
    NO MINVALUE
    NO MAXVALUE
    CACHE 1;


ALTER TABLE public.mainapp_filial_id_seq OWNER TO mysite_user;

--
-- Name: mainapp_filial_id_seq; Type: SEQUENCE OWNED BY; Schema: public; Owner: mysite_user
--

ALTER SEQUENCE public.mainapp_filial_id_seq OWNED BY public.mainapp_filial.id;


--
-- Name: mainapp_flowerimages; Type: TABLE; Schema: public; Owner: mysite_user
--

CREATE TABLE public.mainapp_flowerimages (
    id integer NOT NULL,
    image character varying(100) NOT NULL,
    flower_id integer NOT NULL
);


ALTER TABLE public.mainapp_flowerimages OWNER TO mysite_user;

--
-- Name: mainapp_flowerimages_id_seq; Type: SEQUENCE; Schema: public; Owner: mysite_user
--

CREATE SEQUENCE public.mainapp_flowerimages_id_seq
    AS integer
    START WITH 1
    INCREMENT BY 1
    NO MINVALUE
    NO MAXVALUE
    CACHE 1;


ALTER TABLE public.mainapp_flowerimages_id_seq OWNER TO mysite_user;

--
-- Name: mainapp_flowerimages_id_seq; Type: SEQUENCE OWNED BY; Schema: public; Owner: mysite_user
--

ALTER SEQUENCE public.mainapp_flowerimages_id_seq OWNED BY public.mainapp_flowerimages.id;


--
-- Name: mainapp_flowers; Type: TABLE; Schema: public; Owner: mysite_user
--

CREATE TABLE public.mainapp_flowers (
    id integer NOT NULL,
    name character varying(255) NOT NULL,
    description text NOT NULL,
    price integer NOT NULL,
    count_in_id integer NOT NULL,
    ready boolean NOT NULL,
    enable boolean NOT NULL,
    date_time timestamp with time zone NOT NULL,
    comp boolean NOT NULL,
    valentine boolean NOT NULL,
    percent_stock integer NOT NULL,
    stock boolean NOT NULL,
    end_stock date,
    start_stock date,
    filial_id integer,
    set_id bigint,
    col integer NOT NULL,
    total integer NOT NULL,
    CONSTRAINT mainapp_flowers_col_check CHECK ((col >= 0)),
    CONSTRAINT mainapp_flowers_percent_stock_check CHECK ((percent_stock >= 0)),
    CONSTRAINT mainapp_flowers_price_check CHECK ((price >= 0)),
    CONSTRAINT mainapp_flowers_total_check CHECK ((total >= 0))
);


ALTER TABLE public.mainapp_flowers OWNER TO mysite_user;

--
-- Name: mainapp_flowers_category; Type: TABLE; Schema: public; Owner: mysite_user
--

CREATE TABLE public.mainapp_flowers_category (
    id integer NOT NULL,
    flowers_id integer NOT NULL,
    category_id integer NOT NULL
);


ALTER TABLE public.mainapp_flowers_category OWNER TO mysite_user;

--
-- Name: mainapp_flowers_category_id_seq; Type: SEQUENCE; Schema: public; Owner: mysite_user
--

CREATE SEQUENCE public.mainapp_flowers_category_id_seq
    AS integer
    START WITH 1
    INCREMENT BY 1
    NO MINVALUE
    NO MAXVALUE
    CACHE 1;


ALTER TABLE public.mainapp_flowers_category_id_seq OWNER TO mysite_user;

--
-- Name: mainapp_flowers_category_id_seq; Type: SEQUENCE OWNED BY; Schema: public; Owner: mysite_user
--

ALTER SEQUENCE public.mainapp_flowers_category_id_seq OWNED BY public.mainapp_flowers_category.id;


--
-- Name: mainapp_flowers_city; Type: TABLE; Schema: public; Owner: mysite_user
--

CREATE TABLE public.mainapp_flowers_city (
    id integer NOT NULL,
    flowers_id integer NOT NULL,
    city_id integer NOT NULL
);


ALTER TABLE public.mainapp_flowers_city OWNER TO mysite_user;

--
-- Name: mainapp_flowers_city_id_seq; Type: SEQUENCE; Schema: public; Owner: mysite_user
--

CREATE SEQUENCE public.mainapp_flowers_city_id_seq
    AS integer
    START WITH 1
    INCREMENT BY 1
    NO MINVALUE
    NO MAXVALUE
    CACHE 1;


ALTER TABLE public.mainapp_flowers_city_id_seq OWNER TO mysite_user;

--
-- Name: mainapp_flowers_city_id_seq; Type: SEQUENCE OWNED BY; Schema: public; Owner: mysite_user
--

ALTER SEQUENCE public.mainapp_flowers_city_id_seq OWNED BY public.mainapp_flowers_city.id;


--
-- Name: mainapp_flowers_id_seq; Type: SEQUENCE; Schema: public; Owner: mysite_user
--

CREATE SEQUENCE public.mainapp_flowers_id_seq
    AS integer
    START WITH 1
    INCREMENT BY 1
    NO MINVALUE
    NO MAXVALUE
    CACHE 1;


ALTER TABLE public.mainapp_flowers_id_seq OWNER TO mysite_user;

--
-- Name: mainapp_flowers_id_seq; Type: SEQUENCE OWNED BY; Schema: public; Owner: mysite_user
--

ALTER SEQUENCE public.mainapp_flowers_id_seq OWNED BY public.mainapp_flowers.id;


--
-- Name: mainapp_flowers_povod; Type: TABLE; Schema: public; Owner: mysite_user
--

CREATE TABLE public.mainapp_flowers_povod (
    id integer NOT NULL,
    flowers_id integer NOT NULL,
    povods_id integer NOT NULL
);


ALTER TABLE public.mainapp_flowers_povod OWNER TO mysite_user;

--
-- Name: mainapp_flowers_povod_id_seq; Type: SEQUENCE; Schema: public; Owner: mysite_user
--

CREATE SEQUENCE public.mainapp_flowers_povod_id_seq
    AS integer
    START WITH 1
    INCREMENT BY 1
    NO MINVALUE
    NO MAXVALUE
    CACHE 1;


ALTER TABLE public.mainapp_flowers_povod_id_seq OWNER TO mysite_user;

--
-- Name: mainapp_flowers_povod_id_seq; Type: SEQUENCE OWNED BY; Schema: public; Owner: mysite_user
--

ALTER SEQUENCE public.mainapp_flowers_povod_id_seq OWNED BY public.mainapp_flowers_povod.id;


--
-- Name: mainapp_povods; Type: TABLE; Schema: public; Owner: mysite_user
--

CREATE TABLE public.mainapp_povods (
    id integer NOT NULL,
    name character varying(255) NOT NULL
);


ALTER TABLE public.mainapp_povods OWNER TO mysite_user;

--
-- Name: mainapp_povods_id_seq; Type: SEQUENCE; Schema: public; Owner: mysite_user
--

CREATE SEQUENCE public.mainapp_povods_id_seq
    AS integer
    START WITH 1
    INCREMENT BY 1
    NO MINVALUE
    NO MAXVALUE
    CACHE 1;


ALTER TABLE public.mainapp_povods_id_seq OWNER TO mysite_user;

--
-- Name: mainapp_povods_id_seq; Type: SEQUENCE OWNED BY; Schema: public; Owner: mysite_user
--

ALTER SEQUENCE public.mainapp_povods_id_seq OWNED BY public.mainapp_povods.id;


--
-- Name: mainapp_setsextraproducts; Type: TABLE; Schema: public; Owner: mysite_user
--

CREATE TABLE public.mainapp_setsextraproducts (
    id bigint NOT NULL,
    name character varying(255) NOT NULL
);


ALTER TABLE public.mainapp_setsextraproducts OWNER TO mysite_user;

--
-- Name: mainapp_setsextraproducts_extra; Type: TABLE; Schema: public; Owner: mysite_user
--

CREATE TABLE public.mainapp_setsextraproducts_extra (
    id bigint NOT NULL,
    setsextraproducts_id bigint NOT NULL,
    extraproducts_id bigint NOT NULL
);


ALTER TABLE public.mainapp_setsextraproducts_extra OWNER TO mysite_user;

--
-- Name: mainapp_setsextraproducts_extra_id_seq; Type: SEQUENCE; Schema: public; Owner: mysite_user
--

CREATE SEQUENCE public.mainapp_setsextraproducts_extra_id_seq
    START WITH 1
    INCREMENT BY 1
    NO MINVALUE
    NO MAXVALUE
    CACHE 1;


ALTER TABLE public.mainapp_setsextraproducts_extra_id_seq OWNER TO mysite_user;

--
-- Name: mainapp_setsextraproducts_extra_id_seq; Type: SEQUENCE OWNED BY; Schema: public; Owner: mysite_user
--

ALTER SEQUENCE public.mainapp_setsextraproducts_extra_id_seq OWNED BY public.mainapp_setsextraproducts_extra.id;


--
-- Name: mainapp_setsextraproducts_id_seq; Type: SEQUENCE; Schema: public; Owner: mysite_user
--

CREATE SEQUENCE public.mainapp_setsextraproducts_id_seq
    START WITH 1
    INCREMENT BY 1
    NO MINVALUE
    NO MAXVALUE
    CACHE 1;


ALTER TABLE public.mainapp_setsextraproducts_id_seq OWNER TO mysite_user;

--
-- Name: mainapp_setsextraproducts_id_seq; Type: SEQUENCE OWNED BY; Schema: public; Owner: mysite_user
--

ALTER SEQUENCE public.mainapp_setsextraproducts_id_seq OWNED BY public.mainapp_setsextraproducts.id;


--
-- Name: mainapp_users; Type: TABLE; Schema: public; Owner: mysite_user
--

CREATE TABLE public.mainapp_users (
    id integer NOT NULL,
    work character varying(255) NOT NULL,
    user_id integer NOT NULL,
    city_id integer,
    filial_id integer,
    name character varying(255),
    phone character varying(255),
    email character varying(255)
);


ALTER TABLE public.mainapp_users OWNER TO mysite_user;

--
-- Name: mainapp_users_id_seq; Type: SEQUENCE; Schema: public; Owner: mysite_user
--

CREATE SEQUENCE public.mainapp_users_id_seq
    AS integer
    START WITH 1
    INCREMENT BY 1
    NO MINVALUE
    NO MAXVALUE
    CACHE 1;


ALTER TABLE public.mainapp_users_id_seq OWNER TO mysite_user;

--
-- Name: mainapp_users_id_seq; Type: SEQUENCE OWNED BY; Schema: public; Owner: mysite_user
--

ALTER SEQUENCE public.mainapp_users_id_seq OWNED BY public.mainapp_users.id;


--
-- Name: orders_fasrorder; Type: TABLE; Schema: public; Owner: mysite_user
--

CREATE TABLE public.orders_fasrorder (
    id integer NOT NULL,
    first_name character varying(50) NOT NULL,
    phone character varying(255) NOT NULL,
    flower_id integer NOT NULL,
    date_add timestamp with time zone NOT NULL,
    city_id integer,
    filial_id integer
);


ALTER TABLE public.orders_fasrorder OWNER TO mysite_user;

--
-- Name: orders_fasrorder_id_seq; Type: SEQUENCE; Schema: public; Owner: mysite_user
--

CREATE SEQUENCE public.orders_fasrorder_id_seq
    AS integer
    START WITH 1
    INCREMENT BY 1
    NO MINVALUE
    NO MAXVALUE
    CACHE 1;


ALTER TABLE public.orders_fasrorder_id_seq OWNER TO mysite_user;

--
-- Name: orders_fasrorder_id_seq; Type: SEQUENCE OWNED BY; Schema: public; Owner: mysite_user
--

ALTER SEQUENCE public.orders_fasrorder_id_seq OWNED BY public.orders_fasrorder.id;


--
-- Name: orders_order; Type: TABLE; Schema: public; Owner: mysite_user
--

CREATE TABLE public.orders_order (
    id integer NOT NULL,
    first_name character varying(50) NOT NULL,
    recipient_phone character varying(255) NOT NULL,
    adres character varying(255) NOT NULL,
    date date NOT NULL,
    "time" character varying(255) NOT NULL,
    anonim boolean NOT NULL,
    sended_phone character varying(255) NOT NULL,
    email character varying(254) NOT NULL,
    postcard text,
    comments text,
    paired character varying(255) NOT NULL,
    status character varying(255) NOT NULL,
    user_id integer NOT NULL,
    sum_result integer,
    date_add timestamp with time zone NOT NULL,
    like_flower character varying(255) NOT NULL,
    archiv boolean NOT NULL,
    city_id integer,
    filial_id integer,
    CONSTRAINT orders_order_sum_result_check CHECK ((sum_result >= 0))
);


ALTER TABLE public.orders_order OWNER TO mysite_user;

--
-- Name: orders_order_id_seq; Type: SEQUENCE; Schema: public; Owner: mysite_user
--

CREATE SEQUENCE public.orders_order_id_seq
    AS integer
    START WITH 1
    INCREMENT BY 1
    NO MINVALUE
    NO MAXVALUE
    CACHE 1;


ALTER TABLE public.orders_order_id_seq OWNER TO mysite_user;

--
-- Name: orders_order_id_seq; Type: SEQUENCE OWNED BY; Schema: public; Owner: mysite_user
--

ALTER SEQUENCE public.orders_order_id_seq OWNED BY public.orders_order.id;


--
-- Name: orders_order_items; Type: TABLE; Schema: public; Owner: mysite_user
--

CREATE TABLE public.orders_order_items (
    id integer NOT NULL,
    amount integer NOT NULL,
    total_price integer NOT NULL,
    item_id integer NOT NULL,
    order_id integer NOT NULL,
    CONSTRAINT orders_order_items_amount_cb41b09b_check CHECK ((amount >= 0)),
    CONSTRAINT orders_order_items_total_price_check CHECK ((total_price >= 0))
);


ALTER TABLE public.orders_order_items OWNER TO mysite_user;

--
-- Name: orders_order_items_extra_items; Type: TABLE; Schema: public; Owner: mysite_user
--

CREATE TABLE public.orders_order_items_extra_items (
    id bigint NOT NULL,
    amount integer NOT NULL,
    extra_id bigint NOT NULL,
    order_item_id bigint NOT NULL,
    CONSTRAINT orders_order_items_extra_items_amount_check CHECK ((amount >= 0))
);


ALTER TABLE public.orders_order_items_extra_items OWNER TO mysite_user;

--
-- Name: orders_order_items_extra_items_id_seq; Type: SEQUENCE; Schema: public; Owner: mysite_user
--

CREATE SEQUENCE public.orders_order_items_extra_items_id_seq
    START WITH 1
    INCREMENT BY 1
    NO MINVALUE
    NO MAXVALUE
    CACHE 1;


ALTER TABLE public.orders_order_items_extra_items_id_seq OWNER TO mysite_user;

--
-- Name: orders_order_items_extra_items_id_seq; Type: SEQUENCE OWNED BY; Schema: public; Owner: mysite_user
--

ALTER SEQUENCE public.orders_order_items_extra_items_id_seq OWNED BY public.orders_order_items_extra_items.id;


--
-- Name: orders_order_items_id_seq; Type: SEQUENCE; Schema: public; Owner: mysite_user
--

CREATE SEQUENCE public.orders_order_items_id_seq
    AS integer
    START WITH 1
    INCREMENT BY 1
    NO MINVALUE
    NO MAXVALUE
    CACHE 1;


ALTER TABLE public.orders_order_items_id_seq OWNER TO mysite_user;

--
-- Name: orders_order_items_id_seq; Type: SEQUENCE OWNED BY; Schema: public; Owner: mysite_user
--

ALTER SEQUENCE public.orders_order_items_id_seq OWNED BY public.orders_order_items.id;


--
-- Name: orders_orderextra; Type: TABLE; Schema: public; Owner: mysite_user
--

CREATE TABLE public.orders_orderextra (
    id integer NOT NULL,
    extra_id integer NOT NULL,
    flower_id integer NOT NULL,
    order_id integer NOT NULL,
    quantity integer NOT NULL,
    CONSTRAINT orders_orderextra_quantity_check CHECK ((quantity >= 0))
);


ALTER TABLE public.orders_orderextra OWNER TO mysite_user;

--
-- Name: orders_orderextra_id_seq; Type: SEQUENCE; Schema: public; Owner: mysite_user
--

CREATE SEQUENCE public.orders_orderextra_id_seq
    AS integer
    START WITH 1
    INCREMENT BY 1
    NO MINVALUE
    NO MAXVALUE
    CACHE 1;


ALTER TABLE public.orders_orderextra_id_seq OWNER TO mysite_user;

--
-- Name: orders_orderextra_id_seq; Type: SEQUENCE OWNED BY; Schema: public; Owner: mysite_user
--

ALTER SEQUENCE public.orders_orderextra_id_seq OWNED BY public.orders_orderextra.id;


--
-- Name: orders_orderflowerimage; Type: TABLE; Schema: public; Owner: mysite_user
--

CREATE TABLE public.orders_orderflowerimage (
    id integer NOT NULL,
    image character varying(100) NOT NULL,
    order_id integer NOT NULL
);


ALTER TABLE public.orders_orderflowerimage OWNER TO mysite_user;

--
-- Name: orders_orderflowerimage_id_seq; Type: SEQUENCE; Schema: public; Owner: mysite_user
--

CREATE SEQUENCE public.orders_orderflowerimage_id_seq
    AS integer
    START WITH 1
    INCREMENT BY 1
    NO MINVALUE
    NO MAXVALUE
    CACHE 1;


ALTER TABLE public.orders_orderflowerimage_id_seq OWNER TO mysite_user;

--
-- Name: orders_orderflowerimage_id_seq; Type: SEQUENCE OWNED BY; Schema: public; Owner: mysite_user
--

ALTER SEQUENCE public.orders_orderflowerimage_id_seq OWNED BY public.orders_orderflowerimage.id;


--
-- Name: orders_orderkurierimage; Type: TABLE; Schema: public; Owner: mysite_user
--

CREATE TABLE public.orders_orderkurierimage (
    id integer NOT NULL,
    image character varying(100) NOT NULL,
    order_id integer NOT NULL
);


ALTER TABLE public.orders_orderkurierimage OWNER TO mysite_user;

--
-- Name: orders_orderkurierimage_id_seq; Type: SEQUENCE; Schema: public; Owner: mysite_user
--

CREATE SEQUENCE public.orders_orderkurierimage_id_seq
    AS integer
    START WITH 1
    INCREMENT BY 1
    NO MINVALUE
    NO MAXVALUE
    CACHE 1;


ALTER TABLE public.orders_orderkurierimage_id_seq OWNER TO mysite_user;

--
-- Name: orders_orderkurierimage_id_seq; Type: SEQUENCE OWNED BY; Schema: public; Owner: mysite_user
--

ALTER SEQUENCE public.orders_orderkurierimage_id_seq OWNED BY public.orders_orderkurierimage.id;


--
-- Name: auth_group id; Type: DEFAULT; Schema: public; Owner: mysite_user
--

ALTER TABLE ONLY public.auth_group ALTER COLUMN id SET DEFAULT nextval('public.auth_group_id_seq'::regclass);


--
-- Name: auth_group_permissions id; Type: DEFAULT; Schema: public; Owner: mysite_user
--

ALTER TABLE ONLY public.auth_group_permissions ALTER COLUMN id SET DEFAULT nextval('public.auth_group_permissions_id_seq'::regclass);


--
-- Name: auth_permission id; Type: DEFAULT; Schema: public; Owner: mysite_user
--

ALTER TABLE ONLY public.auth_permission ALTER COLUMN id SET DEFAULT nextval('public.auth_permission_id_seq'::regclass);


--
-- Name: auth_user id; Type: DEFAULT; Schema: public; Owner: mysite_user
--

ALTER TABLE ONLY public.auth_user ALTER COLUMN id SET DEFAULT nextval('public.auth_user_id_seq'::regclass);


--
-- Name: auth_user_groups id; Type: DEFAULT; Schema: public; Owner: mysite_user
--

ALTER TABLE ONLY public.auth_user_groups ALTER COLUMN id SET DEFAULT nextval('public.auth_user_groups_id_seq'::regclass);


--
-- Name: auth_user_user_permissions id; Type: DEFAULT; Schema: public; Owner: mysite_user
--

ALTER TABLE ONLY public.auth_user_user_permissions ALTER COLUMN id SET DEFAULT nextval('public.auth_user_user_permissions_id_seq'::regclass);


--
-- Name: cart_cart id; Type: DEFAULT; Schema: public; Owner: mysite_user
--

ALTER TABLE ONLY public.cart_cart ALTER COLUMN id SET DEFAULT nextval('public.cart_cart_id_seq'::regclass);


--
-- Name: cart_item id; Type: DEFAULT; Schema: public; Owner: mysite_user
--

ALTER TABLE ONLY public.cart_item ALTER COLUMN id SET DEFAULT nextval('public.cart_item_id_seq'::regclass);


--
-- Name: contacts_contacts id; Type: DEFAULT; Schema: public; Owner: mysite_user
--

ALTER TABLE ONLY public.contacts_contacts ALTER COLUMN id SET DEFAULT nextval('public.contacts_contacts_id_seq'::regclass);


--
-- Name: django_admin_log id; Type: DEFAULT; Schema: public; Owner: mysite_user
--

ALTER TABLE ONLY public.django_admin_log ALTER COLUMN id SET DEFAULT nextval('public.django_admin_log_id_seq'::regclass);


--
-- Name: django_content_type id; Type: DEFAULT; Schema: public; Owner: mysite_user
--

ALTER TABLE ONLY public.django_content_type ALTER COLUMN id SET DEFAULT nextval('public.django_content_type_id_seq'::regclass);


--
-- Name: django_migrations id; Type: DEFAULT; Schema: public; Owner: mysite_user
--

ALTER TABLE ONLY public.django_migrations ALTER COLUMN id SET DEFAULT nextval('public.django_migrations_id_seq'::regclass);


--
-- Name: django_site id; Type: DEFAULT; Schema: public; Owner: mysite_user
--

ALTER TABLE ONLY public.django_site ALTER COLUMN id SET DEFAULT nextval('public.django_site_id_seq'::regclass);


--
-- Name: franchise_order id; Type: DEFAULT; Schema: public; Owner: mysite_user
--

ALTER TABLE ONLY public.franchise_order ALTER COLUMN id SET DEFAULT nextval('public.franchise_order_id_seq'::regclass);


--
-- Name: franshiza_order id; Type: DEFAULT; Schema: public; Owner: mysite_user
--

ALTER TABLE ONLY public.franshiza_order ALTER COLUMN id SET DEFAULT nextval('public.franshiza_order_id_seq'::regclass);


--
-- Name: logs_logs id; Type: DEFAULT; Schema: public; Owner: mysite_user
--

ALTER TABLE ONLY public.logs_logs ALTER COLUMN id SET DEFAULT nextval('public.logs_logs_id_seq'::regclass);


--
-- Name: mainapp_category id; Type: DEFAULT; Schema: public; Owner: mysite_user
--

ALTER TABLE ONLY public.mainapp_category ALTER COLUMN id SET DEFAULT nextval('public.mainapp_category_id_seq'::regclass);


--
-- Name: mainapp_city id; Type: DEFAULT; Schema: public; Owner: mysite_user
--

ALTER TABLE ONLY public.mainapp_city ALTER COLUMN id SET DEFAULT nextval('public.mainapp_city_id_seq'::regclass);


--
-- Name: mainapp_counts_flowers id; Type: DEFAULT; Schema: public; Owner: mysite_user
--

ALTER TABLE ONLY public.mainapp_counts_flowers ALTER COLUMN id SET DEFAULT nextval('public.mainapp_counts_flowers_id_seq'::regclass);


--
-- Name: mainapp_extraproducts id; Type: DEFAULT; Schema: public; Owner: mysite_user
--

ALTER TABLE ONLY public.mainapp_extraproducts ALTER COLUMN id SET DEFAULT nextval('public.mainapp_extraproducts_id_seq'::regclass);


--
-- Name: mainapp_filial id; Type: DEFAULT; Schema: public; Owner: mysite_user
--

ALTER TABLE ONLY public.mainapp_filial ALTER COLUMN id SET DEFAULT nextval('public.mainapp_filial_id_seq'::regclass);


--
-- Name: mainapp_flowerimages id; Type: DEFAULT; Schema: public; Owner: mysite_user
--

ALTER TABLE ONLY public.mainapp_flowerimages ALTER COLUMN id SET DEFAULT nextval('public.mainapp_flowerimages_id_seq'::regclass);


--
-- Name: mainapp_flowers id; Type: DEFAULT; Schema: public; Owner: mysite_user
--

ALTER TABLE ONLY public.mainapp_flowers ALTER COLUMN id SET DEFAULT nextval('public.mainapp_flowers_id_seq'::regclass);


--
-- Name: mainapp_flowers_category id; Type: DEFAULT; Schema: public; Owner: mysite_user
--

ALTER TABLE ONLY public.mainapp_flowers_category ALTER COLUMN id SET DEFAULT nextval('public.mainapp_flowers_category_id_seq'::regclass);


--
-- Name: mainapp_flowers_city id; Type: DEFAULT; Schema: public; Owner: mysite_user
--

ALTER TABLE ONLY public.mainapp_flowers_city ALTER COLUMN id SET DEFAULT nextval('public.mainapp_flowers_city_id_seq'::regclass);


--
-- Name: mainapp_flowers_povod id; Type: DEFAULT; Schema: public; Owner: mysite_user
--

ALTER TABLE ONLY public.mainapp_flowers_povod ALTER COLUMN id SET DEFAULT nextval('public.mainapp_flowers_povod_id_seq'::regclass);


--
-- Name: mainapp_povods id; Type: DEFAULT; Schema: public; Owner: mysite_user
--

ALTER TABLE ONLY public.mainapp_povods ALTER COLUMN id SET DEFAULT nextval('public.mainapp_povods_id_seq'::regclass);


--
-- Name: mainapp_setsextraproducts id; Type: DEFAULT; Schema: public; Owner: mysite_user
--

ALTER TABLE ONLY public.mainapp_setsextraproducts ALTER COLUMN id SET DEFAULT nextval('public.mainapp_setsextraproducts_id_seq'::regclass);


--
-- Name: mainapp_setsextraproducts_extra id; Type: DEFAULT; Schema: public; Owner: mysite_user
--

ALTER TABLE ONLY public.mainapp_setsextraproducts_extra ALTER COLUMN id SET DEFAULT nextval('public.mainapp_setsextraproducts_extra_id_seq'::regclass);


--
-- Name: mainapp_users id; Type: DEFAULT; Schema: public; Owner: mysite_user
--

ALTER TABLE ONLY public.mainapp_users ALTER COLUMN id SET DEFAULT nextval('public.mainapp_users_id_seq'::regclass);


--
-- Name: orders_fasrorder id; Type: DEFAULT; Schema: public; Owner: mysite_user
--

ALTER TABLE ONLY public.orders_fasrorder ALTER COLUMN id SET DEFAULT nextval('public.orders_fasrorder_id_seq'::regclass);


--
-- Name: orders_order id; Type: DEFAULT; Schema: public; Owner: mysite_user
--

ALTER TABLE ONLY public.orders_order ALTER COLUMN id SET DEFAULT nextval('public.orders_order_id_seq'::regclass);


--
-- Name: orders_order_items id; Type: DEFAULT; Schema: public; Owner: mysite_user
--

ALTER TABLE ONLY public.orders_order_items ALTER COLUMN id SET DEFAULT nextval('public.orders_order_items_id_seq'::regclass);


--
-- Name: orders_order_items_extra_items id; Type: DEFAULT; Schema: public; Owner: mysite_user
--

ALTER TABLE ONLY public.orders_order_items_extra_items ALTER COLUMN id SET DEFAULT nextval('public.orders_order_items_extra_items_id_seq'::regclass);


--
-- Name: orders_orderextra id; Type: DEFAULT; Schema: public; Owner: mysite_user
--

ALTER TABLE ONLY public.orders_orderextra ALTER COLUMN id SET DEFAULT nextval('public.orders_orderextra_id_seq'::regclass);


--
-- Name: orders_orderflowerimage id; Type: DEFAULT; Schema: public; Owner: mysite_user
--

ALTER TABLE ONLY public.orders_orderflowerimage ALTER COLUMN id SET DEFAULT nextval('public.orders_orderflowerimage_id_seq'::regclass);


--
-- Name: orders_orderkurierimage id; Type: DEFAULT; Schema: public; Owner: mysite_user
--

ALTER TABLE ONLY public.orders_orderkurierimage ALTER COLUMN id SET DEFAULT nextval('public.orders_orderkurierimage_id_seq'::regclass);


--
-- Data for Name: auth_group; Type: TABLE DATA; Schema: public; Owner: mysite_user
--

COPY public.auth_group (id, name) FROM stdin;
1	Менеджеры
\.


--
-- Data for Name: auth_group_permissions; Type: TABLE DATA; Schema: public; Owner: mysite_user
--

COPY public.auth_group_permissions (id, group_id, permission_id) FROM stdin;
1	1	33
2	1	34
3	1	35
4	1	36
5	1	66
6	1	68
7	1	70
8	1	72
9	1	65
14	1	69
17	1	74
18	1	76
19	1	77
20	1	78
21	1	80
22	1	67
24	1	71
25	1	73
26	1	75
27	1	79
28	1	40
29	1	37
30	1	38
31	1	39
\.


--
-- Data for Name: auth_permission; Type: TABLE DATA; Schema: public; Owner: mysite_user
--

COPY public.auth_permission (id, name, content_type_id, codename) FROM stdin;
1	Can add log entry	1	add_logentry
2	Can change log entry	1	change_logentry
3	Can delete log entry	1	delete_logentry
4	Can view log entry	1	view_logentry
5	Can add permission	2	add_permission
6	Can change permission	2	change_permission
7	Can delete permission	2	delete_permission
8	Can view permission	2	view_permission
9	Can add group	3	add_group
10	Can change group	3	change_group
11	Can delete group	3	delete_group
12	Can view group	3	view_group
13	Can add user	4	add_user
14	Can change user	4	change_user
15	Can delete user	4	delete_user
16	Can view user	4	view_user
17	Can add content type	5	add_contenttype
18	Can change content type	5	change_contenttype
19	Can delete content type	5	delete_contenttype
20	Can view content type	5	view_contenttype
21	Can add session	6	add_session
22	Can change session	6	change_session
23	Can delete session	6	delete_session
24	Can view session	6	view_session
25	Can add Категория	7	add_category
26	Can change Категория	7	change_category
27	Can delete Категория	7	delete_category
28	Can view Категория	7	view_category
29	Can add Поводы	8	add_povods
30	Can change Поводы	8	change_povods
31	Can delete Поводы	8	delete_povods
32	Can view Поводы	8	view_povods
33	Can add Цветы	9	add_flowers
34	Can change Цветы	9	change_flowers
35	Can delete Цветы	9	delete_flowers
36	Can view Цветы	9	view_flowers
37	Can add Картины	10	add_flowerimages
38	Can change Картины	10	change_flowerimages
39	Can delete Картины	10	delete_flowerimages
40	Can view Картины	10	view_flowerimages
41	Can add Количество	11	add_counts_flowers
42	Can change Количество	11	change_counts_flowers
43	Can delete Количество	11	delete_counts_flowers
44	Can view Количество	11	view_counts_flowers
45	Can add Дополнительно	12	add_extraproducts
46	Can change Дополнительно	12	change_extraproducts
47	Can delete Дополнительно	12	delete_extraproducts
48	Can view Дополнительно	12	view_extraproducts
49	Can add Корзина продукта	13	add_cartextra
50	Can change Корзина продукта	13	change_cartextra
51	Can delete Корзина продукта	13	delete_cartextra
52	Can view Корзина продукта	13	view_cartextra
53	Can add Пользователи	14	add_users
54	Can change Пользователи	14	change_users
55	Can delete Пользователи	14	delete_users
56	Can view Пользователи	14	view_users
57	Can add cart	15	add_cart
58	Can change cart	15	change_cart
59	Can delete cart	15	delete_cart
60	Can view cart	15	view_cart
61	Can add item	16	add_item
62	Can change item	16	change_item
63	Can delete item	16	delete_item
64	Can view item	16	view_item
65	Can add Быстрая заявка	17	add_fasrorder
66	Can change Быстрая заявка	17	change_fasrorder
67	Can delete Быстрая заявка	17	delete_fasrorder
68	Can view Быстрая заявка	17	view_fasrorder
69	Can add Заявки	18	add_order
70	Can change Заявки	18	change_order
71	Can delete Заявки	18	delete_order
72	Can view Заявки	18	view_order
73	Can add Корзина продукта	19	add_orderextra
74	Can change Корзина продукта	19	change_orderextra
75	Can delete Корзина продукта	19	delete_orderextra
76	Can view Корзина продукта	19	view_orderextra
77	Can add Продукты	20	add_order_items
78	Can change Продукты	20	change_order_items
79	Can delete Продукты	20	delete_order_items
80	Can view Продукты	20	view_order_items
81	Can add site	21	add_site
82	Can change site	21	change_site
83	Can delete site	21	delete_site
84	Can view site	21	view_site
85	Can add cart	22	add_cart
86	Can change cart	22	change_cart
87	Can delete cart	22	delete_cart
88	Can view cart	22	view_cart
89	Can add Корзина продукта	23	add_cartproduct
90	Can change Корзина продукта	23	change_cartproduct
91	Can delete Корзина продукта	23	delete_cartproduct
92	Can view Корзина продукта	23	view_cartproduct
93	Can add logs	24	add_logs
94	Can change logs	24	change_logs
95	Can delete logs	24	delete_logs
96	Can view logs	24	view_logs
97	Can add Корзина курьера	25	add_orderkurierimage
98	Can change Корзина курьера	25	change_orderkurierimage
99	Can delete Корзина курьера	25	delete_orderkurierimage
100	Can view Корзина курьера	25	view_orderkurierimage
101	Can add Фото букета	26	add_orderflowerimage
102	Can change Фото букета	26	change_orderflowerimage
103	Can delete Фото букета	26	delete_orderflowerimage
104	Can view Фото букета	26	view_orderflowerimage
105	Can add Контакты	27	add_contacts
106	Can change Контакты	27	change_contacts
107	Can delete Контакты	27	delete_contacts
108	Can view Контакты	27	view_contacts
109	Can add Описание	28	add_textdescription
110	Can change Описание	28	change_textdescription
111	Can delete Описание	28	delete_textdescription
112	Can view Описание	28	view_textdescription
113	Can add Описание	29	add_textname
114	Can change Описание	29	change_textname
115	Can delete Описание	29	delete_textname
116	Can view Описание	29	view_textname
117	Can add Город	30	add_city
118	Can change Город	30	change_city
119	Can delete Город	30	delete_city
120	Can view Город	30	view_city
121	Can add Контент вопросов	31	add_textcontent
122	Can change Контент вопросов	31	change_textcontent
123	Can delete Контент вопросов	31	delete_textcontent
124	Can view Контент вопросов	31	view_textcontent
125	Can add Доставка	32	add_delivery
126	Can change Доставка	32	change_delivery
127	Can delete Доставка	32	delete_delivery
128	Can view Доставка	32	view_delivery
129	Can add Заявка	33	add_order
130	Can change Заявка	33	change_order
131	Can delete Заявка	33	delete_order
132	Can view Заявка	33	view_order
133	Can add Филиал	34	add_filial
134	Can change Филиал	34	change_filial
135	Can delete Филиал	34	delete_filial
136	Can view Филиал	34	view_filial
137	Can add Заявка	35	add_order
138	Can change Заявка	35	change_order
139	Can delete Заявка	35	delete_order
140	Can view Заявка	35	view_order
141	Can add Быстрая заявка	36	add_fastorder
142	Can change Быстрая заявка	36	change_fastorder
143	Can delete Быстрая заявка	36	delete_fastorder
144	Can view Быстрая заявка	36	view_fastorder
145	Can add Допы	37	add_setsextraproducts
146	Can change Допы	37	change_setsextraproducts
147	Can delete Допы	37	delete_setsextraproducts
148	Can view Допы	37	view_setsextraproducts
149	Can add Допы	38	add_order_items_extra_items
150	Can change Допы	38	change_order_items_extra_items
151	Can delete Допы	38	delete_order_items_extra_items
152	Can view Допы	38	view_order_items_extra_items
\.


--
-- Data for Name: auth_user; Type: TABLE DATA; Schema: public; Owner: mysite_user
--

COPY public.auth_user (id, password, last_login, is_superuser, username, first_name, last_name, email, is_staff, is_active, date_joined) FROM stdin;
22	pbkdf2_sha256$216000$IfMzWNJTNEF2$hVcpk6xR5PwhSoVDkaJui96Lb9+4RRmCwE8iIt1mCH0=	2021-03-06 10:10:30.959592+03	f	Radik	Радик	Ерубаев	Radon2030@gmail.com	f	t	2021-03-06 10:09:47.730881+03
14	pbkdf2_sha256$216000$nS6WWuXFL7dw$3VE4eWvENNUUoL9mydFslRb2jUkCqjGEGACZxo/QI2g=	2021-03-04 05:38:38.790634+03	f	Saga			saga1990valiev@gmail.com	f	t	2021-03-04 05:38:38.060636+03
23	pbkdf2_sha256$216000$UJt8JCXH0fp6$6WyJ9nxtM8qQFm2aaiA0YdCkkJhNxm5VBNuWxRdu404=	2021-03-06 10:19:16.47944+03	f	Ерубаев			Radon2030@gmail.com	f	t	2021-03-06 10:18:53.041233+03
16	pbkdf2_sha256$216000$rwPjaM0cX8nq$0KUoPS5xSnkyqY+uLBomJhLN8FtPfj2dqTHTOOHJJAk=	\N	f	Smunassipov@gmail.com			Smunassipov@gmail.com	f	t	2021-03-04 19:13:54.916801+03
39	pbkdf2_sha256$216000$q9rPu1G7TP2a$ZD4RGYM62EjkktnJJQrXS7sXf9y+s6aiyClAKCAu8k8=	2021-03-17 03:14:36.36893+03	f	Albertshorb			dima2progonbp@gmail.com	f	t	2021-03-17 03:14:35.268908+03
35	pbkdf2_sha256$216000$bkAwXVW2ntum$luyb4Ti0avgVfUeM6EhWqMpqsRlZUZS/YoD/zwxdhqw=	2021-03-09 14:14:49.39521+03	f	conttqvmo			javljuxinmynavara1988@rambler.ru	f	t	2021-03-09 14:14:47.702629+03
21	pbkdf2_sha256$216000$LQdmYkv5wNiD$dQQ1BCi+kztSGDL5i8nomw2/RuqsldUypOG6oEU8cyM=	2021-03-05 18:32:19.598355+03	f	Sanzhar_0207			sanzharsapar8@gmail.com	f	t	2021-03-05 18:32:18.805328+03
25	pbkdf2_sha256$216000$s6B2TPA5TjVY$UBgZ8FWNfQiwrdt6e2g06RwDycixl0dOzZQ6qsRXIfQ=	2021-03-06 15:44:56.350688+03	f	biba			beka1098@mail.ru	f	t	2021-03-06 15:42:53.045119+03
36	pbkdf2_sha256$216000$iY6L4FYvM2ks$1q3hnEPvBmfNwi64rD8SxSAINP6GclAFUjcO+2/RO6s=	2021-03-20 23:20:38.621776+03	f	Arthurset			123teatr@gmail.com	f	t	2021-03-11 09:55:38.331653+03
42	pbkdf2_sha256$216000$srOlsBKeX046$8poIovzb8E+/KJaUYY5Z1VlT6yVxW9ASMEQi6gKbQL4=	2021-03-27 04:06:56.189978+03	f	ZnbvcffqEi			izmaylova995@mail.ru	f	t	2021-03-27 04:06:54.604122+03
37	pbkdf2_sha256$216000$wIu9iEmtjcI4$BGnve8qBeEs59n2ZkEOWwq5GlwiN8nOd6eWC2D8iTnw=	2021-03-12 03:51:10.504185+03	f	Stimgolfnut			shakatilar@sakhpubo.ru	f	t	2021-03-12 03:51:09.114756+03
28	pbkdf2_sha256$216000$1sQRHIZFBlwc$vC5yhQyZI7Gxe9G5ajPVYKZL8R/x5prJb07cz8TnP4w=	\N	f	Zerolostlife			ayan8samekov@gmail.com	f	t	2021-03-08 02:53:13.16814+03
26	pbkdf2_sha256$216000$VEgkSZ62UDYc$0eQkTT89bfLzwu+hNRY6CoAcJDXxsF9AJxNWhodCBhQ=	2021-03-06 19:37:06.294664+03	f	knurzhanov			knurzhanov1999@gmail.com	f	t	2021-03-06 19:35:45.646695+03
30	pbkdf2_sha256$216000$KsIgukSMtDDk$BV4wkuzOO/Wq/cFEnutMQTpCm/rBzOSvke/1Hl14w6U=	2021-03-08 03:05:30.012566+03	f	Ayan108			ayan8samekov@gmail.com	f	t	2021-03-08 02:55:12.966703+03
31	pbkdf2_sha256$216000$z8XJxnfYAZ7p$PTY8/CZu6050Lr27mZHc8KE6t24yWZnpowiLfqlxEoA=	\N	f	baigonysaiganym@gmail.com 			baigonysaiganym@gmail.com	f	t	2021-03-08 03:08:38.630849+03
32	pbkdf2_sha256$216000$jD7I4hajSAVR$oeHTZA+r50upL5mdQFfROf5vDRgTEzCwGuAOppjc2+M=	\N	f	Еркен			yerken.khismatullin@gmail.com	f	t	2021-03-08 04:12:52.057513+03
33	pbkdf2_sha256$216000$YPR3hfx12CVa$GojWNizOWWqThPBV8GMTKjd6B32JGQISaqads7lllFA=	\N	f	h-almas@mail.ru			h-almas@mail.ru	f	t	2021-03-08 10:16:13.564201+03
34	pbkdf2_sha256$216000$OPiZfn78oKtx$32PGMUtDgGFt5QBiF/b1cXFxOjY9Xa0arvzXluxUee0=	\N	f	Arbek			beketarbek@gmail.com	f	t	2021-03-08 11:18:26.136489+03
43	pbkdf2_sha256$216000$XsKoeP0pFmN0$ZUfn6rnhiArzpY8e+lgEHvRo4NEr3dhFvXAzvDVt2r8=	2021-03-29 13:18:16.082173+03	f	Akhan			bakhitov.akhan@gmail.com	f	t	2021-03-29 13:18:15.3254+03
38	pbkdf2_sha256$216000$XU4Tm3cYRx3N$/1UUz4RRGAQ6X0bf2Pyuf17JeI2XUtyNoaiiCwsFW0A=	\N	f	razdvatri			knurzhanov1999@gmail.com	f	t	2021-03-15 22:04:56.221851+03
40	pbkdf2_sha256$216000$XTgaCTQT7LWS$Y0D6RgWtK/tisByzcXZuK2o8FMaUbqaZ4McVXSIFTMQ=	2021-03-22 15:30:16.934361+03	f	conttakfm			kayfalkjunet1989@rambler.ru	f	t	2021-03-22 15:30:15.757789+03
48	pbkdf2_sha256$260000$4t9Wm1kDA5GxMPv3orluYv$/p5x8mIyXK5gIbuTFB3ouoSx/8YEZVNsHqzNC3DznhU=	\N	f	rrrrs			knurzhanov1999@gmail.com	f	t	2021-04-10 14:05:58.977449+03
52	pbkdf2_sha256$260000$kfRWV88ia085Jw2fTeoCVE$7KnesklHIvJ09OusOxt1KB4Z0rxWCAXFAE1xvngTAjk=	2021-04-29 17:46:00.510515+03	f	kuanysh			ad@gmail.com	f	t	2021-04-12 14:22:23.49102+03
56	pbkdf2_sha256$260000$Nt6roEGgUJxn5yt5f7xoBa$DbqrVn83hZ86/1mRyYZn8CSOC69JJstnwdYvFPKraF4=	\N	f	Maria12022016@mail.ru			maria12022016@mail.ru	f	t	2021-04-15 17:54:39.029175+03
49	pbkdf2_sha256$260000$IFL8SB3L4qqXmSpx8TDK2R$TwAhX152EY4UXxUUgy6ZjYGl+pY4PFGqIceE0X2jOwA=	2021-04-10 15:00:30.223192+03	f	WA			wadah@attari.de	f	t	2021-04-10 15:00:29.627554+03
53	pbkdf2_sha256$260000$k8YrDiLnKTuB71OaFFFMgq$rxeHGAE6oxJbh4zSVJDm2YdW7oc+8ZWALEwJEapAnj8=	2021-04-14 07:34:28.239746+03	f	Antoniofpa			sup.e.r.v.i.so.r.2.015.i.nvin.o@gmail.com\r\n	f	t	2021-04-14 07:34:25.963733+03
41	pbkdf2_sha256$260000$FZUmXMAFpq46xtvvAW73Um$cIDoZwLFHd9uUUrIDqTvV7TwcOvOMHGCjbUHUdc6HS8=	2021-04-11 22:08:56.886846+03	f	maygg			pshalya13@mail.ru	f	t	2021-03-26 01:22:17.730623+03
54	pbkdf2_sha256$260000$zuliD4BuyMQd8lksgAdlcR$zfwAl1VjGhjck1RyRjGlptATJ3cehOI5V5+qq3Mggew=	\N	f	fhfdh			fhfdh@fhfdh	f	t	2021-04-14 17:01:02.012772+03
45	pbkdf2_sha256$260000$Mk0nhlfyOwV0MF6c9vQ44n$uVt/2wlqFPTh35XSulruGrLRcDZ9m5USQP0eSqyvk9U=	\N	f	cits.kz			cits.kz@mail.ru	f	t	2021-04-10 12:35:45.933614+03
51	pbkdf2_sha256$260000$C5xRed2wdt9vjVQ8GodHfK$AeHxwyNiDQxnmpo5UW1/o09nKj4cokMJkekM8hTGCvM=	2021-04-12 14:16:39.212923+03	f	contthhhw			kosperjinskajalazar1986@rambler.ru	f	t	2021-04-12 14:16:37.347443+03
47	pbkdf2_sha256$260000$DLRKObRQXRY41ONZvw6KKx$DVXU1LCVxiwrpRsonen6X/9MjgdhqBZluAfTEdFHouE=	\N	f	rrrr			rrr@gmail.com	f	t	2021-04-10 13:54:58.234686+03
50	pbkdf2_sha256$260000$vPilWKPSds0SzYRDymu2Ox$g6cE7jjCdrEDOCBuTSS3mDrz7YrIkfdB5b7siTZ+FIc=	2021-04-11 07:14:55.463459+03	f	DornaizAgove			dor-adiks@mulars.ru	f	t	2021-04-11 07:14:53.889141+03
58	pbkdf2_sha256$260000$Y7Bb3msUjliGPPuDnCBY3s$G1fHbb607Q6BJsnxXS+8hl3qTnpVOOUn4C8Q9KevsGw=	\N	f	Ustinovich 17. 11.12			maria12022016@mail.ru	f	t	2021-04-15 17:57:43.998102+03
59	pbkdf2_sha256$260000$U9nyxbZcWnot8coGi18unR$ckFXHQCyV+FYpBlQR5T0YsIQvp9D2cyLSjxMEju8CmM=	\N	f	Ustinovich			maria12022016@mail.ru	f	t	2021-04-15 17:59:43.22772+03
60	pbkdf2_sha256$260000$U5ZtVV88SKGbgavtF3a5Dp$RNeXgwrADS5782ftu2WaNiEYFy4jWymNKy4Np6pDrDg=	\N	f	Евгений 			9400813@mail.ru	f	t	2021-04-15 18:01:30.562806+03
61	pbkdf2_sha256$260000$livHPFQTCvWPsotbwh646U$J4MK26FLdZM5oPgjm9YNmR7nLXDzcuyt5ZDipH+i7TE=	\N	f	Dias			Dias-orazbaev@mail.ru	f	t	2021-04-15 18:29:25.843896+03
24	pbkdf2_sha256$260000$PVIkTnWtHTMdhCy0DqVsbh$Mb8nNKpPxM0xv9zDGtNdH5tVnhOBQ8P67vjK6D5+8cU=	2021-03-06 15:30:35.414007+03	f	+7(701) 311-3593			adiltasbolatov5@gmail.com	f	t	2021-03-06 15:30:34.392391+03
62	pbkdf2_sha256$260000$YDI8viXjUGY6t5Q6cSnnmy$yOzpMmvasMcEqeFr3o7ej+ysmVjlYpkyFGsWkHoUiwU=	2021-04-19 15:57:27.200725+03	f	Stevenror			r0bins.j@yandex.ru	f	t	2021-04-19 15:57:25.115629+03
63	pbkdf2_sha256$260000$awlgttuizKYGNQBu7NfvpJ$6VGihR5p0VgSyPverP9KeSHgz+u33PjuEq+pWvfDM54=	2021-04-20 19:35:05.113485+03	f	Leka1284			leka12.84q@gmail.com	f	t	2021-04-20 19:32:50.202649+03
55	pbkdf2_sha256$260000$vV6rWH6K3bV8FYyoqcbKpG$v2E75aFA7sMOx52p+E9COzr3XZTZM+CIuSWN08S3vQU=	2021-04-28 16:48:19.231711+03	f	DustinLoank			nastassia.shmidt@yandex.ru	f	t	2021-04-14 18:56:52.888445+03
7	pbkdf2_sha256$260000$tEA7Vh4iFZ82I9oYZcmP7c$yIBDh7hb1uq+drEr6rYby9OZJuHsQ746vepcZe7n2lM=	2021-08-06 17:56:38.990327+03	f	+7(701)311-35-93			adil@mail.ru	f	t	2021-03-02 15:21:23.344059+03
44	pbkdf2_sha256$260000$9Y6kYn98lAW1cxNJY2fwqb$ekIjUvoRFJh5b9az7BCbF/6ZdakHkwbsxhcIcixDmqg=	2021-07-22 09:00:15.917332+03	f	Rysbek	Рысбек	Уткелбай	cits.kz@mail.ru	f	t	2021-04-06 15:32:07.344691+03
27	pbkdf2_sha256$260000$pq7RHCbTJlPabjQeeFQiID$rmES4yUTo27WjMtUf1sLvnDaE8e85w5WRB7tG+RZGO4=	2021-05-31 03:27:07.404391+03	f	Andrii			antonab@ukr.net	f	t	2021-03-07 15:51:18.839353+03
64	pbkdf2_sha256$260000$OcLimhhTn99thmuj2TFVa6$UuaZzOQMgDtjO+wuqWacJLmSDdsfLTyN8jBJlWli3rc=	2021-04-23 14:47:26.414351+03	f	DavidApeta			budenko1963@rambler.ru	f	t	2021-04-23 14:47:24.142434+03
84	pbkdf2_sha256$260000$PEgfB9NK7PdyJIUzCRkog6$7H9tvLLG+nJ0E8/LHLgVmh2l8PEEQYPO6KmTBBehdZU=	2021-05-03 10:17:57.740679+03	f	natalia_9703			_nata@tut.by	f	t	2021-05-03 10:17:57.159102+03
65	pbkdf2_sha256$260000$YFKMVZ0JdrkU8czh7o0cA1$TP+51vurVFxZ/JMRWl9+nqPelIs7JuZwNlRWQMfc6aQ=	\N	t	adiltasbolatov				f	t	2021-04-24 16:40:01+03
85	pbkdf2_sha256$260000$WBWV22RA3EfszopOKlRrTW$sMrEZnRKDp+zp3KHPgpwp1/JanMd9uQkZebp+bNpT08=	2021-05-05 11:32:00.094672+03	f	Тетя Нина			nina.podlich@gmail.com	f	t	2021-05-05 11:31:59.493623+03
86	pbkdf2_sha256$260000$uqaFUdYE7k4suOu8QkFlBQ$7sASLwRSC4UNuQKM4fQhGGb8FtxV/CQfk7zzSwskc9g=	\N	f	Saida Nur 			snur@visa.com	f	t	2021-05-05 16:55:18.833504+03
67	pbkdf2_sha256$260000$KlTYMFpsBZN0hOTJ9zTKsw$W0UUK1STHQpiyarbeBp+oLo6ZEmyM9j2/bJsP03hNSg=	\N	f	legolaz			efwe@gmail.com	f	t	2021-04-25 14:47:31.328368+03
68	pbkdf2_sha256$260000$0qLhUG4WMonhyppoZswV18$kNP/zNzQ2XrYGqa44HaaAj9LcmUdbS9zDxKvGZC3hgE=	2021-04-26 14:37:55.668723+03	f	conttyfdk			kycherjavajamodest1985@rambler.ru	f	t	2021-04-26 14:37:53.932522+03
69	pbkdf2_sha256$260000$lmjrApvJ0br5fAwDndQQFn$8nu/FFmoVa5p+Vpbd0UWJOrGL/7jf3sXYUHq4ljxWiI=	\N	f	Gani-07			gani-07@mail.ru	f	t	2021-04-26 17:29:11.810225+03
70	pbkdf2_sha256$260000$l6BXQODSeWzFNOKfC4Mkyi$BbsyKzQD9KYMF5Lu/pg3Sp0TuUB8LBkBKXGyya55PaI=	\N	f	aisulumaipas@gmail.com			aisulumaipas@gmail.com	f	t	2021-04-27 05:12:32.234432+03
71	pbkdf2_sha256$260000$HHD2FO9xSJzA8VSpbSgUs4$gNXT0auLKynYWqQKn9N17FlFikI4CDNxLBQZruiSlK0=	\N	f	larisa			stebnevskaya.lar@mail.ru	f	t	2021-04-28 12:04:32.439502+03
72	pbkdf2_sha256$260000$EMcjDKybzhSGovq8Qn23x1$USQ4tB/M2bcyxTaBPHCdw+c5ROMz7CDBBlu2WgoY97A=	\N	f	Almat			5441795@mail.ru	f	t	2021-04-28 15:22:39.750533+03
74	pbkdf2_sha256$260000$vfkRIkuVOgndlpNM8Pqlrr$9kw17QTGgj4PaOqreFgkFpN/VeTntn0axmWMvKhHfCM=	\N	f	Almat77			5441795@mail.ru	f	t	2021-04-28 15:23:20.087189+03
100	pbkdf2_sha256$260000$vlDZjhRpKSpS9K6c420ChI$s9jCm4BtCHT4HbcRkJxL1buAREd7KSliJmrpcaS2drQ=	\N	f	Xeniya			senyaperis@gmail.com	f	t	2021-05-09 16:43:08.346786+03
75	pbkdf2_sha256$260000$m7png1R1KyzmSCqyTUsEsi$iTu+Lowq3LM/iLYFDQOQLsuVQhaPfv0kEGwuBCDgdjw=	2021-04-29 21:41:23.516028+03	f	Ylazak			Muratzhan06@gmail.com	f	t	2021-04-29 21:39:57.52945+03
80	pbkdf2_sha256$260000$7RrMuQlaWBsMAxSKrk6y04$xcMvozfzZ7lrCX3jaGPKNsPULjTJrKmVy7U76u+UFLM=	2021-05-01 21:46:31.516959+03	f	Евгений	Евгений	Куляс	kulyas_zh@mail.ru	f	t	2021-05-01 21:45:26.182712+03
81	pbkdf2_sha256$260000$Ou4wLt3LD7BA5kem4vHVVF$C5XzqSgZgCO0MLQh7wgVxfYfYifvxwtyu9WXi0ec9uw=	\N	f	zhanara			zhanara@yahoo.com	f	t	2021-05-01 22:08:09.471792+03
82	pbkdf2_sha256$260000$HzTLhCzLe5mS6My9AKnij7$wVjjSzywosmJII7dg0CyNBpJO/euicSTrbNzmyWQW5k=	2021-05-01 23:12:09.394957+03	f	Айгуль К 			kaparova_a.75@mail.ru	f	t	2021-05-01 23:12:08.848229+03
91	pbkdf2_sha256$260000$quAKCfGC43VwG0xjP5PA8S$2Me1gduwx54w42TkgKaMLfUd/RqrETU/QzH4GysPuVo=	2021-05-05 17:05:22.639545+03	f	Saida1980			snur@visa.com	f	t	2021-05-05 17:04:05.496655+03
83	pbkdf2_sha256$260000$N6GlDB8oqPgU5VQVJewEYt$wmLDuVFsxtz8pN6rbfwq4hC/Y1jcEg4KSa3G6T2Cn5A=	2021-05-02 10:52:28.146978+03	f	Randyadval			e.ha.l.i.lov.72@gmail.com	f	t	2021-05-02 10:52:25.755992+03
93	pbkdf2_sha256$260000$XUIMoxkBZ9CwGSia11EmhR$cxtDQ3T3KvZUhmc+dxw32UOH4TgVHaVg3JZFZIfaXgU=	\N	f	Janikhawk			jangeldy@hotmail.com	f	t	2021-05-06 07:40:36.839385+03
94	pbkdf2_sha256$260000$XkyxSZGy2vxvphcnFoCKTx$7eWONPvTfp9A6lf0RCylX2MlOltPTWn1ghDrakKow5Q=	\N	f	KaterinaVK			kvkeilhau@gmail.com	f	t	2021-05-07 14:06:47.420138+03
95	pbkdf2_sha256$260000$12omuPeLvUM8byjGKli8ak$cGx7GyWKclTv5kNEqukPvRnARL7GIT+ozEAQ+Lvlaeo=	2021-05-08 10:49:56.911816+03	f	mira			temirbekovam93@gmail.com	f	t	2021-05-08 10:49:56.309298+03
97	pbkdf2_sha256$260000$VR7kL62gQePi1QIvfwNMZT$RNDldFzzMZsmw7iIjwARsQq32yMr/lvxm4gSgtGpQBg=	\N	f	Абай			kruglyi81@inbox.ru	f	t	2021-05-08 17:15:28.59413+03
98	pbkdf2_sha256$260000$xcvTuRy1kMCI8pJ3CjKzRy$x63ETIpvIIMyiYUIxhH5BWg+zyDvglsndLhIxTFvOWU=	2021-05-09 06:17:40.520674+03	f	Zheke			Evgenyi22111985@mail.ru	f	t	2021-05-09 06:17:40.085855+03
107	pbkdf2_sha256$260000$etSuxcrS1hcJXXtbAGDflU$8U8Pj0mEQudcAtC7TW2QHn3CGCu3BMQIITTAOT2WUaA=	2021-05-12 12:28:54.232904+03	f	temirlanuali			temirlanuali@gmail.com	f	t	2021-05-12 12:27:24.58213+03
99	pbkdf2_sha256$260000$iJThQqcudZXUw5nxOvsuRx$4al+g+CfuAhwUkIXR2a/PsrFa7s9Kbfp8ERwkHStj60=	2021-05-09 15:18:18.638907+03	f	glebKsu			khalemskigleb@gmail.com	f	t	2021-05-09 15:18:18.160635+03
101	pbkdf2_sha256$260000$dbU9WZkXs5N0bu4Y8UMfc1$3q8HcAQbYqHuNt0805BTPGmIHZ15Fnv24W/gBi9BNbU=	\N	f	kossay			ozandanisger@gmail.com	f	t	2021-05-10 15:12:46.274636+03
102	pbkdf2_sha256$260000$HYVB5YJ5LUiaVqu1dTpP2H$YW4rr6j0nDyH9/HU88Y2hWrdSGb9MrFdToY2sj9DW0A=	\N	f	Kossay.nassipolla@gmail.com			kossay.nassipolla@gmail.com	f	t	2021-05-10 15:26:36.082674+03
103	pbkdf2_sha256$260000$8oxOOsaIm5BIAD1t9zgv0A$RfcwPllM4BjDJGua+IfiT+SbV4vdhsvOalx/6bXyUgg=	2021-05-10 17:28:49.643225+03	f	Александр Мироненко			7668115@gmail.com	f	t	2021-05-10 17:28:49.134446+03
104	pbkdf2_sha256$260000$vyfGxCatXiYpo4B4DpcXFi$hQ6WIbJVYYr4AAy+NSZlVTXazMD517Lyx8P+Ddf/hss=	2021-05-11 04:05:16.620465+03	f	olespeefe			ewitin242@maillux.online\r\n	f	t	2021-05-11 04:05:14.952994+03
105	pbkdf2_sha256$260000$xhWTPmtDRvRZ7fBaYG4Gre$UuYhBKpLIx8T/KJXrI/JYRv8mCOMuVNuO48ua1EewFE=	\N	f	nurpeissova.99@gmail.com			nurpeissova.99@gmail.com	f	t	2021-05-11 05:52:43.050536+03
111	pbkdf2_sha256$260000$ZGfY7MtOwGksClgRg3VsWz$tZzDZcMoMkb77e762yZx4Q/6Nu4sWuq20RLKS2vUpTI=	2021-05-15 15:15:43.376473+03	f	malmur			malika.mur27@gmail.com	f	t	2021-05-15 15:11:31.527026+03
106	pbkdf2_sha256$260000$nyoqIB6XHo6P2fUDJlwmhW$+xA3J5sGj44EpuQxWuubSJDL1JLD4JHdxGOo9//9MwQ=	2021-05-11 23:35:24.94509+03	f	ivan0188			ivan_usenko@mail.ru	f	t	2021-05-11 23:27:05.717595+03
108	pbkdf2_sha256$260000$s8Ii7vji5cD2S2VInLK1nb$0CdYjmmzT6dXAR+jxiSEC1LTqG9XweRjkIMpxRInAQ4=	\N	f	kileonomer2 			bektybayev@gmail.com	f	t	2021-05-14 01:54:24.019996+03
109	pbkdf2_sha256$260000$GwBcd9tq7ChnAq8IviCxDU$iT66VSm/ku42TSAkxIt+LMmXkvDKtQaB8U+XzMMgaqc=	\N	f	alyan82			alyan82@mail.ru	f	t	2021-05-15 11:07:35.569604+03
110	pbkdf2_sha256$260000$hEjqThrQj1PWytbWncpTyW$8lQcDh453/hCF8KCnRUojYT18qbzNHPqJ3uPzGR+FGk=	\N	f	Aisha805			aisha805@gmail.com	f	t	2021-05-15 12:27:17.50704+03
112	pbkdf2_sha256$260000$0hYaJAfBCIWWQFtz0W4R88$HsAlEVqTURe94zzvoIAmADMMq2+UlIKw4UNi+1Mbj8I=	\N	f	aigul.zheksenova@kcell.kz			aigul.zheksenova@kcell.kz	f	t	2021-05-15 17:39:03.061341+03
114	pbkdf2_sha256$260000$qjj4maw3ZVozrVpiPImabv$P80ll++S9G8wh/KfdTjz5A+NpdlXSpqGMSEYhmpZwlw=	2021-05-16 09:36:07.261341+03	f	Абылай			tanat80@list.ru	f	t	2021-05-16 09:34:38.801671+03
115	pbkdf2_sha256$260000$FaQrI5l7bopyjbtj4Ey9qA$ISl8Ff8yzY0k0NIq6Yc3kSmZC4tqU//XQMFIBeaFB5I=	2021-05-16 17:17:53.988176+03	f	Almas			almasesm@gmail.com	f	t	2021-05-16 17:17:53.559962+03
116	pbkdf2_sha256$260000$rZMgSZX09K3PFgKO0NAWlv$FyvWZaJX1+yjg5aGx08d+TBT8426HZ3lJZxYCIBlgG4=	\N	f	Radovan			radovan.vasko76@gmail.com	f	t	2021-05-18 01:16:19.378682+03
96	pbkdf2_sha256$260000$q6g4T9Ax7h2SCk7M3mnDyD$HbTaTrYVzckuNHCtpCCKlJpJldMfeDz5QedBgiMM7cc=	2021-07-09 21:11:42.704947+03	f	Troli			msccomru@yandex.kz	f	t	2021-05-08 16:42:01.108507+03
117	pbkdf2_sha256$260000$hwZwMpw7q8gV9Lk2UDotIA$UC3cWGUpvEqm3uEAAd61JCd/GDABTKnKgWIzNXrzRbI=	2021-05-18 10:21:53.348957+03	f	Маржан			marzhanasultan@gmail.com	f	t	2021-05-18 10:15:50.575635+03
118	pbkdf2_sha256$260000$xV9iiWQtoycggMrF2kBkJ9$HpK0/NaIp+awA+pvGrO+qpPbbWZbkxQl5Jj5VQLSySo=	\N	f	Ayagoz			amirova.ayagoz@gmail.com	f	t	2021-05-18 16:21:26.468877+03
149	pbkdf2_sha256$260000$zrDh7yEcMmFS0h5xNWWbLX$A2eFKVKLnjdLaNNVtpAfIp94SCooKtuLQFDnudd+VrA=	2021-06-07 08:16:57.521503+03	f	Dana			dana.abel93@gmail.com	f	t	2021-06-07 08:16:57.137077+03
119	pbkdf2_sha256$260000$oBJA5eqq78HJ3vMJDBwhKZ$DttpqtUhLMyTzB78foyw1nrY9/mhJ5GMFvxilKzDgUA=	2021-05-18 17:34:39.950532+03	f	PlastJag			plast@mailserp.com	f	t	2021-05-18 17:34:38.285719+03
4	pbkdf2_sha256$260000$MUsM4OcjzZrTeXN0GlIFgb$YkYy/RdQjVjvaxzx4Dq30nvcRUJj6b2R/SF+bHza9+E=	2021-12-17 07:25:34.851415+03	f	rfmanager			royalflowerkz@gmail.com	t	t	2021-02-25 09:07:27+03
120	pbkdf2_sha256$260000$pGX2GMdmqTaBc6geLuurhE$eOTd1W0TQNN1AVGlXF010cCJzyVuRTFiMUx5M/m7oQs=	2021-05-20 09:08:35.841365+03	f	A.Koshekov			ab.koshekov@gmail.com	f	t	2021-05-20 09:06:55.603828+03
121	pbkdf2_sha256$260000$Z9mv2kgLBJ5AdpmryYoZfi$GJZR3yWOCAjemOAdbe5RnekFAOOPK8gOVFVyRA4uApw=	2021-05-20 14:28:16.040213+03	f	zmustafina			zirra80@gmail.com	f	t	2021-05-20 14:28:15.576926+03
122	pbkdf2_sha256$260000$1pXRRHxFC0TpcDgABwWpHh$PeL2/O3ou1ewnH1rwEyhnjnFVnYKgTeOeqIMx6DNPDQ=	\N	f	AnnaS			anna.selicioglu@gmail.com	f	t	2021-05-22 04:42:52.575827+03
123	pbkdf2_sha256$260000$6SXabLaA4lrmQdrUAVGxjv$e1LFryNIaJ8L+dZfS97thLtHGeh8R7j8K9M2snVSxfw=	\N	f	tolgahankevser34@gmail.com			tolgahankevser34@gmail.com	f	t	2021-05-22 19:37:58.838504+03
124	pbkdf2_sha256$260000$XRkjyIOJFKbEnFz1IfN64G$i19vIKB4ZtJ4aXnvSAz1Ns629mmaquUjBq+SEQ0pYi4=	\N	f	kirabaniil			irinagolovina9000@gmail.com	f	t	2021-05-23 06:59:08.793739+03
126	pbkdf2_sha256$260000$Hld9ljdHVjkzMnGr4o9M2o$ymCkp+tHRUMawBCyIt66cYxtYer5pIju2Fm8ZomgqoI=	\N	f	dinara16			dinara_marat2405@mail.ru	f	t	2021-05-23 16:51:00.555179+03
127	pbkdf2_sha256$260000$H7m3xKcukNAPS0dh9R3Vti$5+O5S3yhC5HQFRiEcGKpgDbzvi/hw/K07Cs9jn++FWw=	\N	f	варварва			aasd@mail.ru	f	t	2021-05-23 17:54:33.740152+03
125	pbkdf2_sha256$260000$olzXIJGX2mhWwk8E2kK8h5$/udmBXxHs6SYJfhaK0bhMfrfgXkxVTzZUzFyu3TG9sI=	2021-05-24 08:38:48.361186+03	f	Almas_skorpio@mail.ru 	Алмас	Абдрахманов 	almas_skorpio@mail.ru	f	t	2021-05-23 16:01:10.616321+03
129	pbkdf2_sha256$260000$mK6EpoHLIetV7xdUTZdEYj$LqMsbOP1S9tJj3uaAmgbx2cnAZHpYpXXnjcEYjUT9xM=	2021-05-24 18:51:08.023767+03	f	Ballast			vano11vano2003@gmail.com	f	t	2021-05-24 18:48:52.128684+03
130	pbkdf2_sha256$260000$LERoeaeraMn4pbstNnpOOp$0dNlFTRqNzjN7NaaSKB+8oDB8cIEIZEGMtu0L+ZievE=	2021-05-24 18:51:51.802047+03	f	Saniya			mustafina.saniya@inbox.ru	f	t	2021-05-24 18:48:58.013823+03
131	pbkdf2_sha256$260000$otX3hq8u8QsFE8RpP7oPGj$PeVvSJReK2/QxHjbEfVYHbQbK1t697glCgE7NRKAzKY=	\N	f	Aimanauk			aimanauk@mail.ru	f	t	2021-05-24 19:34:02.95893+03
132	pbkdf2_sha256$260000$NOA9HxNnQmqfQgXcNpaXey$P6S3mRlJWg/F57gBof0Qyf4E4t96HEgjEJTVQS5boKg=	2021-05-25 05:49:17.269297+03	f	artemova_71@mail.ru			artemova_71@mail.ru	f	t	2021-05-25 05:49:16.727903+03
133	pbkdf2_sha256$260000$KVl9peoubkOnbHbiQhGNvZ$ns7nuAqn8QHtinFKPoKvLZJvS1HX1Jr0X0dm/E1QryY=	2021-05-25 10:47:05.450758+03	f	sannaCluch			sanna.777@bk.ru	f	t	2021-05-25 10:47:04.2359+03
134	pbkdf2_sha256$260000$1dNYcCB2654i1q1E7wfRDE$Qz+T1BPc4a1cUOwq/RFR1i2ElwXwo2y9cV+9Sw4AMP4=	2021-05-25 18:48:22.243868+03	f	tukenov_azamat@mail.ru			tukenov_azamat@mail.ru	f	t	2021-05-25 18:47:31.91673+03
150	pbkdf2_sha256$260000$UX1VSbPp9tW1CoDjbjKPKH$Nrr1Kx2KN1oTgJJnY2MLSD2YU849hdLyMRpnlBFVukY=	2021-06-08 07:12:17.042512+03	f	kuantayev			vzvmvt@gmail.com	f	t	2021-06-08 07:12:16.52701+03
135	pbkdf2_sha256$260000$S8jM1I5P4GmFYTuo4S38Tp$N0QhKLr96ug53Z9qygTrX9wEcw9AWAYijNq9VzFw8pI=	2021-05-26 07:10:41.481068+03	f	GeorgeBoame			mosnews2021@yandex.ru	f	t	2021-05-26 07:10:37.413602+03
136	pbkdf2_sha256$260000$CEpvRddputvJGkjTolDNQZ$lCrnRzs32pTE+Hx276hQqrJJw3fggS+0iyMDvZOd5ns=	\N	f	ZHORZH			66emma69@gmail.com	f	t	2021-05-26 08:08:20.327738+03
144	pbkdf2_sha256$260000$fvq1HzpS4JBNpQ6WS6cXV3$VnIUaBcf5WSoxQRY3Ojfb9oM8RAZ/BV/4rTidkRaa2o=	2021-05-28 14:46:33.641135+03	f	Незарегистрированный			unger@unreg.com	f	t	2021-05-28 14:46:33.197614+03
145	pbkdf2_sha256$260000$4w2Fz02NGnt1PY6xNqLP46$yN2miv388E702fhiC9/MbzfWjdCbj237ChRJRBtbbMI=	2021-06-02 13:14:39.189647+03	f	Baurzhan			b.taurbaev@mail.ru	f	t	2021-06-02 13:14:38.498799+03
151	pbkdf2_sha256$260000$56KbzfpYK0kjFxgkOqlpdp$PTlzKMrpjS5Ok7CXvjtP07cEzBUTG1ODG4eMDMdIDI0=	2021-06-08 07:16:45.366727+03	f	armanka@yahoo.com			armanka@yahoo.com	f	t	2021-06-08 07:16:44.858092+03
146	pbkdf2_sha256$260000$hoza3Rw8dHdaKKx6xvHJNw$KWlrd50G5BowR3QqKsTA5rszD9MbSMGWk9P1IkvNx2w=	2021-06-02 19:49:55.993411+03	f	Ressesop			ressentiment@mailserp.com	f	t	2021-06-02 19:49:53.618159+03
147	pbkdf2_sha256$260000$1D7fgQNcdMgvEmu8MZUaBd$FNmrSBwoA3nLsNHdheCY9b0EXWXdSumNQrV7zTYRM4c=	2021-06-03 22:12:06.413013+03	f	smailovbekzhan@yandex.kz			smailovbekzhan@yandex.kz	f	t	2021-06-03 22:12:05.821576+03
148	pbkdf2_sha256$260000$po2sRtUR1yav1EPwlKnmKR$G+Oaxf2k72W2D+ndleRjiwPHAnzQlPUvv+oa3pew5ik=	2021-06-06 06:42:41.926549+03	f	Ляззат			lzilgarina@gmail.com	f	t	2021-06-06 06:42:41.506751+03
152	pbkdf2_sha256$260000$oIQzhFoXejdEqvQSQLoreq$L7V/kufrRLhEe26fNCmfSDffufJ8i3pUN69FqeAk+2E=	2021-06-09 14:33:24.004874+03	f	aidar_sh@inbox.ru			aidar_sh@inbox.ru	f	t	2021-06-08 19:28:25.122425+03
153	pbkdf2_sha256$260000$5lp79ZHuFt058FCOCPRqcA$/y2djKOf3zBvsPlNcoWNGI8b5T3Ydnnu8I4tbWWHQP4=	2021-06-09 16:16:11.711592+03	f	vinogradov			vinogradov_ilya_95@mail.ru	f	t	2021-06-09 16:16:11.199119+03
154	pbkdf2_sha256$260000$OYX2ZwYFg2ju5PSkfUni6K$yFKMj3ZsUcOPhMT95s6TGsDhSInDWv/OTkv+kmaaSdE=	2021-06-11 19:17:36.210134+03	f	komleval			lony808@mail.ru	f	t	2021-06-11 19:17:35.597704+03
155	pbkdf2_sha256$260000$DuzbPXdYdq7bEQnRWNPImP$PEHdJOVz78dQURah15WEK7xD9ZXYfFgcuSIYHwmEcZY=	2021-06-12 10:29:04.387313+03	f	kolya197096			zh.gulzhan70@mail.ru	f	t	2021-06-12 10:29:03.94173+03
156	pbkdf2_sha256$260000$StBQhsFLxi5j0qH3QApQ2n$L6+I4Gs/8Kz+m1mRAyIY043rBpxoDCwGJ5k9nmeNObI=	2021-06-13 03:17:25.067021+03	f	vykupsof			vykup@mailserp.com	f	t	2021-06-13 03:17:22.726333+03
157	pbkdf2_sha256$260000$kuvH4pj7Sg1yMKw9Or9gmc$sP6OUv+c2qZAaPnuQUtB6pMrv3voSFpZfOHqIWEYvwY=	2021-06-13 11:30:49.78512+03	f	AIGERIMBA			bazarbaevaika@gmail.com	f	t	2021-06-13 11:30:49.32847+03
158	pbkdf2_sha256$260000$TZnxOGspDJNjjc2cYWL33D$9VDG/f6eJ6yDWmd3xjoZR/zosN3dilwNfxkbxybPbmI=	2021-06-13 11:40:44.780331+03	f	n_beka			n_beka@icloud.com	f	t	2021-06-13 11:40:43.900956+03
159	pbkdf2_sha256$260000$fZV6jqieBuS4a7YCOwwTA3$KXNW4xojuVGjl0TFnNg/zdHTEe7oOh63pUYsKezrlFI=	2021-06-14 12:00:21.933818+03	f	Vamair			dragonhet99@gmail.com	f	t	2021-06-14 12:00:21.276363+03
161	pbkdf2_sha256$260000$LJizrZ5fGy9ogWkUWqc5ib$L6mbXtUrkULG/QF7TV2CYynFjYGgOFmYM922wY3I0Bw=	2021-06-14 23:17:03.327845+03	f	Daniyar			don26102005@gmail.com	f	t	2021-06-14 23:17:02.827144+03
160	pbkdf2_sha256$260000$qannZ44mtsu9HFR8VnLd4R$xNi/0/d9J8IFjvsELq+GlFUUBV7b/jEHfrrIydvyjOI=	2021-06-14 17:57:31.601456+03	f	Donlanov 			Donlanov@mail.ru	f	t	2021-06-14 17:39:38.644253+03
163	pbkdf2_sha256$260000$NrLCjwcHBqSJUktNoC1OG5$VBpW1T8nJU5hB66ThxGeFCOznJW15n9KN9nZUY5ELTA=	2021-06-17 02:10:15.988769+03	f	Technogep			technodrivepro@mailserp.com	f	t	2021-06-17 02:10:14.054028+03
165	pbkdf2_sha256$260000$5HH0b7j79HF8CRo3CksJ0k$exWg524Y5gZe+9De1DbucL/s8k/7vfABe01qdv8IwOQ=	2021-06-18 00:26:48.56049+03	f	Dizlabsit			dizlabcom@mailserp.com	f	t	2021-06-18 00:26:46.815237+03
166	pbkdf2_sha256$260000$CQwjHSUY7kTJXkYR4fDeiR$ZLOly7fogCn8uFsSi/Vo4y7cn7a/OfjbYMlP6KCV6ps=	2021-06-18 07:05:30.427926+03	f	e.gulmaral@gmail.com			e.gulmaral@gmail.com	f	t	2021-06-18 07:05:29.970825+03
167	pbkdf2_sha256$260000$KZlqxjSAt2DocFCKLGKyvX$hggp/IMFjuBfOZHm7qfNbKsK47xlrMAG62F+R/GVvjU=	2021-06-19 14:37:41.150903+03	f	a.evdakova@gmail.com			a.evdakova@gmail.com	f	t	2021-06-19 14:37:40.686774+03
168	pbkdf2_sha256$260000$echDrOTPfpGWmLSf7tTfuV$Y4SLSIXVf8uemqtKsuq8s3rNAexGU+/tUL7zUhSPRs4=	2021-06-26 08:21:38.966042+03	f	hllimn			ghpalina@mail.ru	f	t	2021-06-23 13:51:06.624826+03
169	pbkdf2_sha256$260000$6LUl48dxDOrjpeDlQ3iIUB$xwPnQ+XuLctBitjV/vprtnJ1TsnHUAbc3rH0fPEKK18=	2021-06-25 22:10:32.710744+03	f	snabtopKen			snabtop@mailserp.com	f	t	2021-06-25 22:10:30.880505+03
185	pbkdf2_sha256$260000$72oF91f0lxQGq7tRCPQEZb$UX3OihVKh0UcJtIubHHZ18rDgiK630v/EIrCTgNM/4s=	2021-07-13 13:00:06.313942+03	f	santexral			santex@mailserp.com	f	t	2021-07-13 13:00:04.162288+03
170	pbkdf2_sha256$260000$sIkrGQUPnZDUBvCccyjl64$36WnhuTEoZEEq3Z4xtalk5cip1DPyplIB6itVEPF+0o=	2021-06-27 12:37:24.947419+03	f	Musa Al-sharief	Musa	Al-sharief	mousalshareef@gmail.com	f	t	2021-06-27 12:35:59.858317+03
171	pbkdf2_sha256$260000$gaBbGEPplm7zzbxVrI0gfe$gt+ia7+acUzKCItXJrUEc9g98t7Rt0wKR6dE2uNJUaY=	2021-06-27 18:57:54.453102+03	f	tumarla			tumarla@yandex.ru	f	t	2021-06-27 18:57:53.956048+03
172	pbkdf2_sha256$260000$C5lygysRtqGtbXnSaRrcCX$2S7AwEtGna9uOga/FZOqh5VXJZW7403+EhBwR+KPCMU=	2021-06-28 07:27:21.062164+03	f	rus			ruslan.turdibaev@gmail.com	f	t	2021-06-28 07:27:20.505631+03
173	pbkdf2_sha256$260000$SkD41U1ZOrMA6rixNDt570$vwWa+UtpIHswhE4ucSSeFw1bYiV6FVTf9agDyeFXagk=	2021-06-30 17:52:28.401897+03	f	AuthorSnank			author24@mailserp.com	f	t	2021-06-30 17:52:26.62279+03
174	pbkdf2_sha256$260000$lkkWKReEDw73efwNlnCqe3$30fmHC+m3YmU62Hdg7xLoH9clzHKMO6GEUpHZso17KM=	2021-07-02 11:15:58.158431+03	f	mariashershakova@gmail.com			mariashershakova@gmail.com	f	t	2021-07-02 11:15:57.592872+03
175	pbkdf2_sha256$260000$TcdqUA7Dy5KEIDU1YGJmmK$yKAHwnNpOjSe9Iw86c6oQv7bYRxgEm1VaobTgKZdCkI=	2021-07-03 01:01:12.467063+03	f	Berdauletova1998			berdauletova1998@mail.ru	f	t	2021-07-03 01:01:12.11834+03
205	pbkdf2_sha256$260000$nv767Gt336Ihrgci0gjazq$3fGMGdz+TBCss+F+5RlSYUj6gA1ZhSwoB7Vs0ALdgic=	2021-09-08 23:45:17.592227+03	f	Trubfooli			trubprom@mailserp.com	f	t	2021-09-08 23:45:16.147169+03
176	pbkdf2_sha256$260000$3LzTGPYfvFwy7c8eC3qxwS$jX51Wf2Igqc4T/K5DCYkz9W5pCJpR0oBaSuz2+778y8=	2021-07-04 19:26:05.257829+03	f	Almat9111			almatkas@gmail.com	f	t	2021-07-04 19:25:39.178716+03
177	pbkdf2_sha256$260000$lgM2645okFoiX9C2MzQupT$Db2sqFktiqIHO+d9No3ir4+CRLKRJV7iFx/A235AgqA=	2021-07-05 11:27:16.835076+03	f	IgratBioff			igratonline@mailserp.com	f	t	2021-07-05 11:27:15.227287+03
178	pbkdf2_sha256$260000$wduimt1regr44pNX0IMnbH$cepZO19pF2wNoSsPM6moIy1NCj9/BBfBgtbJ6KTtVlA=	2021-07-05 22:16:32.448751+03	f	Алексей			mulyukin@email.cz	f	t	2021-07-05 22:16:31.957381+03
193	pbkdf2_sha256$260000$8hrnxBJNDCSW11m1m1jMgc$rp5+018ZGKgSFoiUbG5x3tVbunn/+anv3kA+ymloKqs=	2021-07-27 12:00:29.358592+03	f	ClinicReors			mikh@mailserp.com	f	t	2021-07-27 12:00:27.692564+03
179	pbkdf2_sha256$260000$B8q42mcT13Ol79YEgqYoWi$2/p1TofehebM41Za8XgxrQ3VOV3YxpQds+hqvtfoG/Q=	2021-07-07 00:35:09.040168+03	f	DentalCet			americandental@mailserp.com	f	t	2021-07-07 00:35:07.35235+03
180	pbkdf2_sha256$260000$RFWMkyaD41L5jxGZw1PTrB$2msINw2MysT7mN9pgJNR4IyPNkzd3JkphSDMn96WoEw=	2021-07-07 11:42:46.49104+03	f	Влад			shulyak_v68@mail.ru	f	t	2021-07-07 11:42:46.014182+03
181	pbkdf2_sha256$260000$K10ttmo2M3BQtZmKAegqiZ$MOAfNMk+VWmJLMp0LyJSvpKeRf7UaePBWcjWlWioG4A=	2021-07-09 15:02:35.425167+03	f	kopylovegor			h4rlem.cs@gmail.com	f	t	2021-07-09 15:02:34.910021+03
182	pbkdf2_sha256$260000$FF3OJQsbLDhAPe65FuTlfi$3ycPBbKOUIspLFTYVHuePo7SRIS8XK/w1GP4utX17JI=	2021-07-10 12:03:53.159846+03	f	Yers			yers.zh@gmail.com	f	t	2021-07-10 12:03:52.704877+03
183	pbkdf2_sha256$260000$p3P8s2XHgFR8SKKKnzzIxM$Bm0JlkEwmI9ulbdVduNPhqNzw0H959WvTO/+ET3EXow=	2021-07-10 16:03:34.389872+03	f	yt			yt@tsvety.kz	f	t	2021-07-10 16:03:34.024153+03
187	pbkdf2_sha256$260000$XxFcFD69ADmEWL7Mok4sjd$RiIb7LphRPEa07ixy/OavvvFWfQgDpBUf+Q9jlvqTAE=	2021-07-30 05:24:26.921572+03	f	Karasevsa			karasev1987@rambler.ru	f	t	2021-07-17 22:30:46.409768+03
184	pbkdf2_sha256$260000$ncJudgWySX0qyOpz8CDd49$kRZxoQe2g1OgFDENRwTpBv8GiXFto/uXPaLWY21ObBc=	2021-07-11 11:02:02.433046+03	f	NanokrCeD			nanokremnij@mailserp.com	f	t	2021-07-11 11:02:00.728434+03
186	pbkdf2_sha256$260000$mpSHHZAyJTTPCYElpuSZHV$vgq3wTXsSLEwImMWnbS5loi2stXu6CSh/gyS/FDLayc=	2021-07-18 00:28:04.113358+03	f	Stormveigo			stormgain@mailserp.com	f	t	2021-07-15 08:05:51.808192+03
199	pbkdf2_sha256$260000$QMuPVOGTRVyxY6Yq2LN2D0$RnALDRBw8B6pKMFuhaF2JDgTeydcmt8pqQtORFatJw0=	2021-08-23 08:16:17.811561+03	f	Shopavmow			shopavd@mailserp.com	f	t	2021-08-23 08:16:16.363471+03
194	pbkdf2_sha256$260000$RCny0twx7rmelnwIMLMrrU$ZANx5KlEPoEHsUmSBycWVAVD/jxyZlglNSgf1gRLAhU=	2021-08-01 22:27:17.348613+03	f	Trackbioge			airtracksru@mailserp.com	f	t	2021-08-01 22:27:15.721668+03
189	pbkdf2_sha256$260000$BWz19j3ZTjwoPhIS9yxEFx$8SOini1U6kZKevNu+GkoK+8FlsvrpzWaYEoI3v9MKrc=	2021-07-21 09:47:21.687564+03	f	Mysticsound			gad@mailserp.com	f	t	2021-07-21 09:47:20.010998+03
190	pbkdf2_sha256$260000$E0qm46tUDTVcs2K85VXlCH$dZ/tsnE7Td2iRqA0KkPAw4C/echFJ8JWaym5IxqVmb4=	2021-07-21 16:20:40.798253+03	f	Alisher28			alisher28@gmail.com	f	t	2021-07-21 16:19:15.290578+03
188	pbkdf2_sha256$260000$RC92Np5HLguW1yMWygevg7$lqKeYn0QiaKxEL6VRdCNpQGsCdcEzFbpfo5W4PanN9A=	2021-07-22 00:55:53.132386+03	f	test			test@kwork.rr	f	t	2021-07-19 07:48:48.213554+03
195	pbkdf2_sha256$260000$KHOBq7GOXMspxk6YudOqlY$8MKoLUYzuds4PqSQCjQ+waP1Et1zGwh9f6sjcnhV4fk=	2021-08-07 10:04:02.987563+03	f	doomwelcome			doomwelcome@gmail.com	f	t	2021-08-07 10:04:02.570365+03
191	pbkdf2_sha256$260000$EHYIDu3QF1PzluTjFAm8Ku$BDDMgecNCeCs9P70F5kZNdu2VXMzW1JnnlJGuOI4JFk=	2021-07-24 01:47:37.246276+03	f	lamintut			masterlaminata@mailserp.com	f	t	2021-07-24 01:47:35.583248+03
192	pbkdf2_sha256$260000$8tPuwFfYgXxswwZd6fV7DL$vaD+Hmh2T5kyKvqNsCZwe1NioXCVRZ92fZ7oRge4oXY=	2021-07-24 15:24:58.255154+03	f	SOASTYGAX			mfuzor.ia@gmail.com	f	t	2021-07-24 15:24:56.892428+03
202	pbkdf2_sha256$260000$79nTnUh4fFQMmlVAP68IF5$uUlJ/4BGQn+zfVFQlnbnp/ylY2fq6PI7OxnOjuvcis4=	2021-08-25 18:12:00.547415+03	f	Chanailt			asikarka@yandex.ru	f	t	2021-08-25 18:10:34.2059+03
196	pbkdf2_sha256$260000$knJzLslMPdtEsoz9mYRVhM$+uHXk1l6dOVZV1S7kgeYLnAC2KABuETGnPXoCc2VUIg=	2021-08-10 03:10:33.718757+03	f	OmskGeX			mls1@mailserp.com	f	t	2021-08-10 03:10:31.909193+03
197	pbkdf2_sha256$260000$adPvwuMLq9oeaeDrpPjA7F$YMSFiD8/FXPNGJW9oY9e4hlr+JOUlj6FwV74aIcoAcE=	2021-08-22 13:37:19.894429+03	f	Bauyzhan_Bukenov			bukenov.b.o@gmail.com	f	t	2021-08-22 13:37:19.589375+03
198	pbkdf2_sha256$260000$MiiEzfxzcGolwYn9SH9ZSo$nH5YhopzhEqXOamtuI9wOxMQwat8uri09SO07ZUfLvk=	2021-08-23 04:27:51.347266+03	f	rusih100			rusih100@gmail.com	f	t	2021-08-23 04:27:50.686678+03
200	pbkdf2_sha256$260000$ifWYacRTnmV76ipBR18B27$cxZo+rQrHLBSDmYa08vHOgSeyP2onEeLkBzOhB3BkVM=	2021-08-24 16:33:15.562168+03	f	aza_ekb95@mail.ru	Азат	Марат	aza_ekb95@mail.ru	f	t	2021-08-24 16:32:51.608937+03
201	pbkdf2_sha256$260000$rXOGKmhPdLlvZW1rPqug7U$iVuWpGXHVKVnKKjMMyTgFAR/YCSUhY6xGErZQncaFAY=	2021-08-25 09:30:53.291713+03	f	sokolova_tu			aokolova_tu@mail.ru	f	t	2021-08-25 09:30:52.866368+03
203	pbkdf2_sha256$260000$CSUb9zN9ayijSHPE4NYzZP$HkiFAuTVrRSC2b0TUgcEE9MNVfzZIhHYduum0GvohRw=	2021-08-27 01:18:16.747494+03	f	jamal.elimkh			j-elimkhanov@mail.ru	f	t	2021-08-27 01:18:16.385971+03
204	pbkdf2_sha256$260000$sHxx0QV7eL2tafNZld82gB$cJ1jz4dSGgQomJ7Xm+fQ2F/maUewLxL7Lzsy8LLU41k=	2021-09-05 11:52:16.669417+03	f	marlendulatov 	Марлен 	Дулатов	maka06.02.2000@mail.ru	f	t	2021-09-05 11:46:00.625986+03
206	pbkdf2_sha256$260000$so4LLiXdbgP8CBz2hwgkjb$1WIZOoRzuftSh8XU+6dafi2XWAUWu2VYnaM3tKVKgXc=	2021-09-14 18:35:59.809566+03	f	d.temergalieva@gmail.com			d.temergalieva@gmail.com	f	t	2021-09-14 18:35:59.47322+03
207	pbkdf2_sha256$260000$uU0MKlmmunhg7dnjMJ2XFo$28n5vuq9AzHzhTEvt7S7VLu0/f0IBFB89viTi/qJUNc=	2021-09-20 08:45:41.55781+03	f	mila			kamashok8888@gmail.com	f	t	2021-09-20 08:45:41.066752+03
208	pbkdf2_sha256$260000$VG2m94mTUyGKzgJZJUXmva$Emem1LGwVDMGpb/f59N26u2ZPi2DI0vcgGa6BJiYfLc=	2021-09-20 22:05:29.570056+03	f	HenrySaply			nipfeenazolenbmg@mail.com	f	t	2021-09-20 22:05:26.462999+03
209	pbkdf2_sha256$260000$sB8LAOOFdVLXc502AX8ZLQ$D+f88ezrrprtU/IceSyMet4zr4aMA+6tRzp+smbcAKo=	2021-09-21 09:31:35.305452+03	f	Jamesovede			mondgongenplashx@mail.com	f	t	2021-09-21 09:31:32.209916+03
210	pbkdf2_sha256$260000$C2LShBvuss1QcS16WUZZD6$TVsVHDEYR+0o1BByriPtk28s3R+4RbmF0N8I5ZDIP7E=	2021-09-21 16:08:26.858939+03	f	baltabaylana			baltabaylana@gmail.com	f	t	2021-09-21 16:08:26.201148+03
211	pbkdf2_sha256$260000$hhb1CU5qw5cv7cWNJgIjd6$lMZn1cSvcJBsGZ2LlgZ5Iw4517yMaAW3lmdf8fm0FKU=	2021-09-22 08:22:06.39504+03	f	salta27			saltuwamm@mail.ru	f	t	2021-09-22 08:21:52.67386+03
212	pbkdf2_sha256$260000$bmmivNx5C6kFJogAZbY8Rf$Kpe+o9/5TFC3rPInUf0wYfxZh5eUZy0OjtZH3O656Y4=	2021-09-22 15:58:57.066821+03	f	дильназ 			s.dika_kz@mail.ru	f	t	2021-09-22 15:58:56.802419+03
227	pbkdf2_sha256$260000$EqECtzJLQ7hBFwZ5NjQzUa$I7EfAkaD8tAQqDZsB2owTGqKYHFoTz4zGR7xpx1gJvU=	2021-11-09 17:19:44.134934+03	f	Sanzhar			sanzharsapar1@gmail.com	f	t	2021-11-09 17:19:43.337989+03
214	pbkdf2_sha256$260000$RNBXLh4Qw4Dq0EljZogon0$PD4VdX6KUy0jkeNL/CgEmI8ySe23vgrdQlWs+Hsv38w=	2021-09-27 08:12:17.761204+03	f	YevgTemir			titan_astana@mail.ru	f	t	2021-09-27 08:12:17.354446+03
215	pbkdf2_sha256$260000$sb0cI5GUTqJtj42Xe8Dh21$u/ZaSlC98rt83IltefC1agrhVDuxlCynuPef4Oeea+8=	2021-09-30 06:38:33.484751+03	f	DonaldSuize			premecnusupawnwb@mail.com	f	t	2021-09-30 06:38:30.210594+03
216	pbkdf2_sha256$260000$XjzK58uXDWCkEKEUptPesw$4cg+ThGkgzIvPHiFYaH0gkF7Fxj+BlrdyzdUIUh3M2g=	2021-10-01 07:24:07.722446+03	f	beysenov@yandex.ru			beysenov@yandex.ru	f	t	2021-10-01 07:24:07.347965+03
228	pbkdf2_sha256$260000$JQMRxcpgiIwtfcWYAMBOMJ$qmlmQv1Hzkb+77yvuecSdILG8XJHQT31kxNSLtGnbkM=	2021-11-12 06:40:55.06416+03	f	ivanenoksa			ivanenok19851@gmail.com	f	t	2021-11-12 06:40:52.705673+03
217	pbkdf2_sha256$260000$H7ym85pBSWZkmBIkM7noBH$H1ExByiMXo1Fw7U3y4RO2d3OiLma6ey7QLPInjLql9U=	2021-10-01 14:42:33.742496+03	f	Zero			vip.nurka92@mail.ru	f	t	2021-10-01 11:15:55.973042+03
218	pbkdf2_sha256$260000$xf6Ru7qOap9KhoRLxfpA69$6pFLlS+1B8VlIsOVybb4sPHXmyliDk9b+/hb7yWQ05o=	2021-10-06 21:58:56.496156+03	f	AMakin			amakkin@icloud.com	f	t	2021-10-06 21:58:56.22612+03
229	pbkdf2_sha256$260000$R8OongKrRaoxjPPxVnzCWb$pw5lf0fCVL9hw9eL9w6CVcsl98sWiCBtioxiAHn/OmY=	2021-11-17 14:42:40.715422+03	f	alisher.seksembayev@mail.ru			alisher.seksembayev@mail.ru	f	t	2021-11-17 14:42:40.32621+03
219	pbkdf2_sha256$260000$1B33NGJ6oy8GlYcfzysDcG$gTWuVdTIUtp0LhoL4De5Kvnjw8HCQh7shTk0DiUe9lI=	2021-10-08 02:45:44.257889+03	f	Davidlesee			miascanrukodavo@mail.com	f	t	2021-10-08 02:45:40.848593+03
213	pbkdf2_sha256$260000$OKKjMZtXXOQ2jeJ43YSQ8x$7DyaLW2kJFLluXcQhLl/PIsbr9CQFsj6YoJd+Xk6g0A=	2021-10-18 11:06:38.844363+03	f	prohas			glukhina.1998@mail.ru	f	t	2021-09-24 02:55:15.291784+03
220	pbkdf2_sha256$260000$4DI6liTMa2jAtuDyGWQGDT$a6rSQTfoeNfQFxf1sK9TJKkcYPWHShnhhMolCKkZFT0=	2021-10-19 00:13:25.341614+03	f	pplastbic			pplast18102021@mailserp.com	f	t	2021-10-19 00:13:23.79005+03
221	pbkdf2_sha256$260000$xdCpkIK46lYkYRTJqRP5Of$fDp+pPV1X6wJSRJ4Siygr+EjZ0m/ZhugltHbnILPeZs=	2021-10-21 14:38:04.642571+03	f	burenokApeta			burenokdima1980@gmail.com	f	t	2021-10-21 05:27:03.757306+03
222	pbkdf2_sha256$260000$ZW8WkgisfGbnUim82OGjfi$Gk0NObxsPiyQVQxkAF4hfSWOA4YGHNspaghgjoRJNbY=	2021-10-28 07:36:27.565517+03	f	anggar			kanan.anggar@gmail.com	f	t	2021-10-28 07:36:27.206205+03
223	pbkdf2_sha256$260000$r2sCNWTS2vsZwaqf2eS0Q2$1AYJVncE+HvZWaYyFATlRNx3fguy1DojZ7JxewUIbOk=	2021-10-29 11:45:51.533602+03	f	Abaykina			petitbox@inbox.ru	f	t	2021-10-29 11:45:51.209364+03
224	pbkdf2_sha256$260000$JkzEvs3tvvNyohKv6WenA0$xQ3krKsmoq2LCHjsC9xRUeloycQViv0iddcdlOwJQcg=	\N	f	DiS			dinara_suhankulova@mail.ru	f	t	2021-11-03 11:36:00.234069+03
225	pbkdf2_sha256$260000$NurLDeD7DXJOIXd83ZOR58$4YQOMRAL5F7bCGcCvMdernl2+XzRSd/s1mircDxBvqc=	2021-11-05 13:26:10.31029+03	f	Arina			arinadzhanibekova@mail.ru	f	t	2021-11-05 13:26:10.010817+03
226	pbkdf2_sha256$260000$o4iNOtatJ8t5iIOoU28Eo8$QkCAQqwyvlLbVgYaSmQhiKgvzs3A5P06C+X5DBxGQfA=	2021-11-08 21:25:17.286617+03	f	Saniyatas			s.s.s.kz@mail.ru	f	t	2021-11-08 21:25:17.00818+03
236	pbkdf2_sha256$260000$8cTC23UtLe4kgNs6jAQdM7$t8/HUjkY+RWFyK1QnpKfmGq15LCcHRNQRzFb1yNzGOU=	2021-12-16 15:10:36.545991+03	f	Yurko			kolysh89@gmail.com	f	t	2021-12-16 15:10:36.143093+03
231	pbkdf2_sha256$260000$W1des4bO3kH0uBTwWWiKd5$w79ygYS28vgHTtFgKQhg1Ohb3AbVqBL5H9erOh+O2JA=	2021-11-22 05:52:18.028534+03	f	pleskacevich_k@mail.ru			pleskacevich_k@mail.ru	f	t	2021-11-22 05:52:17.683671+03
237	pbkdf2_sha256$260000$FUwcOHmKvF2wK5sK4z4JgZ$WtRDYYijyFe7duMvwyOVJIqFRhvB+G0hFbWOtpzFT8A=	2021-12-16 15:49:15.682687+03	f	Nazerke 	Nazerke 	Naizabekova	naizabekova.nazerke1@gmail.com	f	t	2021-12-16 15:48:39.846535+03
1	pbkdf2_sha256$260000$Hs1gSWuWj2lfm1vkun95Ao$BJPnpiqeNto67/et7d/hpza1AK+2nLfiBD5yVLW2QeU=	2021-12-17 15:42:54.822272+03	t	admin			admin@mail.ru	t	t	2021-02-09 14:04:54.013351+03
232	pbkdf2_sha256$260000$9JS0bOoGTn9Jr55x4DAJPy$XDzxLwtkMxEZhTPjVtrWadIFixDnUUKZWTj8MDzqcN4=	2021-11-29 08:53:50.72343+03	f	Muhtar97			muhtar.egem@mail.ru	f	t	2021-11-29 08:53:50.387424+03
238	pbkdf2_sha256$260000$Sa9gTlv89cx2SfC5F3Z9Eq$TQu6Vtt2+tOD7fYRk5NlB+oJNUN8UvGLMd0hsTcgIx4=	2021-12-16 17:13:51.90417+03	f	Бахыт	Бахыт	S	bahahulk@gmail.com	f	t	2021-12-16 17:12:04.001554+03
233	pbkdf2_sha256$260000$VrIl9OjHTbodBcPtbonzMn$MNCU8jDnCFdCyzZiGU6NUjxb/Zx+oAFWUd17rmwrUZY=	2021-11-30 06:23:15.143012+03	f	Utebayevv	Айкын	Утебаев	utebayevv@gmail.com	f	t	2021-11-30 06:22:29.857145+03
234	pbkdf2_sha256$260000$IGY7nPq5hWKo61u6DrnpMK$IVYdgbB4M0hzuv0+4QeaIuef5TdldiGPg1mq208c8U4=	2021-12-03 10:34:35.627906+03	f	ADC			azia_design@bk.ru	f	t	2021-12-03 10:34:35.367927+03
241	pbkdf2_sha256$260000$S9L8AVDAHf4hmh3IpFLp2M$4bR9453yi3QDMwGT8L0neEjcjY2sH76lPFSZbc7eCb4=	2021-12-19 16:14:12.299264+03	f	Smashenoff@gmail.com			Smashenoff@gmail.com	f	t	2021-12-19 16:14:11.985958+03
66	pbkdf2_sha256$260000$IJbqJ8PHQlH57kbEMczm4r$cWDLBe/P4IaRKQjUooUrsbWEaA/lVsmBzRkEy1ppq6w=	2021-12-19 16:26:51.313349+03	t	suadmin				t	t	2021-04-24 16:44:10+03
242	pbkdf2_sha256$260000$9QAXKDKI791lBxq2tkWuGl$84O7vIKPbtJ2eT6eW9ZvZLHAPUl9FrcA2xiWZKDLSwg=	2021-12-20 06:53:16.78235+03	f	77015555737			ademessinov@gmail.com	f	t	2021-12-20 06:48:48.422514+03
235	pbkdf2_sha256$260000$SNkrrOdGeK5w89iis2hCTI$KycnaBYD1Xjyt50B3qzU3brDOzfJGyRTeqtI8kkg/MA=	2021-12-09 07:42:18.932545+03	f	Karina			nurkasymovakarina@gmail.com	f	t	2021-12-09 07:42:18.58464+03
239	pbkdf2_sha256$260000$W1nGWvvoql3ZtnMExui1xJ$4nAJ94tZK8nU4yhAfFoTolP5q6ZAUlyHuCpV/I7+hG0=	2021-12-20 10:57:26.27366+03	f	nrg	Test	F	test@test.kz	t	t	2021-12-17 15:22:19+03
240	pbkdf2_sha256$260000$7eA8SrSCgL2FxgoZ5vjrjR$jpA+UOG0SCwxkvJFeh8v1fFxSx5Cm12fqFP5uKt0ijc=	\N	f	qwerty				f	t	2021-12-17 15:27:13.946614+03
248	pbkdf2_sha256$320000$CloavoAVNWrQa8HGjF5ppb$QoNK07uj8NF+n7kbGxIr7EiMtjdJao40zrzbWXL41Us=	\N	f	hromix			roma7x7@mail.ru	f	t	2022-04-16 19:11:54+03
230	pbkdf2_sha256$320000$Qk5LJEl6G0Z3DuwbGMqrUH$qApsmwqWwXzf+yYnkUDNOovd1zHGROMW4hy901Jf/Do=	2022-10-01 14:07:54.689739+03	t	atkisai	Atkisai		atkisai@mail.ru	t	t	2021-11-21 09:18:09+03
\.


--
-- Data for Name: auth_user_groups; Type: TABLE DATA; Schema: public; Owner: mysite_user
--

COPY public.auth_user_groups (id, user_id, group_id) FROM stdin;
6	239	1
\.


--
-- Data for Name: auth_user_user_permissions; Type: TABLE DATA; Schema: public; Owner: mysite_user
--

COPY public.auth_user_user_permissions (id, user_id, permission_id) FROM stdin;
1	4	1
2	4	2
3	4	3
4	4	4
5	4	5
6	4	6
7	4	7
8	4	8
9	4	9
10	4	10
11	4	11
12	4	12
13	4	13
14	4	14
15	4	15
16	4	16
17	4	17
18	4	18
19	4	19
20	4	20
21	4	21
22	4	22
23	4	23
24	4	24
25	4	25
26	4	26
27	4	27
28	4	28
29	4	29
30	4	30
31	4	31
32	4	32
33	4	33
34	4	34
35	4	35
36	4	36
37	4	37
38	4	38
39	4	39
40	4	40
41	4	41
42	4	42
43	4	43
44	4	44
45	4	45
46	4	46
47	4	47
48	4	48
49	4	49
50	4	50
51	4	51
52	4	52
53	4	53
54	4	54
55	4	55
56	4	56
57	4	57
58	4	58
59	4	59
60	4	60
61	4	61
62	4	62
63	4	63
64	4	64
65	4	65
66	4	66
67	4	67
68	4	68
69	4	69
70	4	70
71	4	71
72	4	72
73	4	73
74	4	74
75	4	75
76	4	76
77	4	77
78	4	78
79	4	79
80	4	80
81	4	81
82	4	82
83	4	83
84	4	84
85	4	85
86	4	86
87	4	87
88	4	88
89	4	89
90	4	90
91	4	91
92	4	92
93	65	1
94	65	2
95	65	3
96	65	4
97	65	5
98	65	6
99	65	7
100	65	8
101	65	9
102	65	10
103	65	11
104	65	12
105	65	13
106	65	14
107	65	15
108	65	16
109	65	17
110	65	18
111	65	19
112	65	20
113	65	21
114	65	22
115	65	23
116	65	24
117	65	25
118	65	26
119	65	27
120	65	28
121	65	29
122	65	30
123	65	31
124	65	32
125	65	33
126	65	34
127	65	35
128	65	36
129	65	37
130	65	38
131	65	39
132	65	40
133	65	41
134	65	42
135	65	43
136	65	44
137	65	45
138	65	46
139	65	47
140	65	48
141	65	49
142	65	50
143	65	51
144	65	52
145	65	53
146	65	54
147	65	55
148	65	56
149	65	57
150	65	58
151	65	59
152	65	60
153	65	61
154	65	62
155	65	63
156	65	64
157	65	65
158	65	66
159	65	67
160	65	68
161	65	69
162	65	70
163	65	71
164	65	72
165	65	73
166	65	74
167	65	75
168	65	76
169	65	77
170	65	78
171	65	79
172	65	80
173	65	81
174	65	82
175	65	83
176	65	84
177	65	85
178	65	86
179	65	87
180	65	88
181	65	89
182	65	90
183	65	91
184	65	92
185	65	93
186	65	94
187	65	95
188	65	96
189	65	97
190	65	98
191	65	99
192	65	100
193	65	101
194	65	102
195	65	103
196	65	104
\.


--
-- Data for Name: cart_cart; Type: TABLE DATA; Schema: public; Owner: mysite_user
--

COPY public.cart_cart (id, checked_out, session_key) FROM stdin;
1	f	
2	f	
3	f	
4	f	
5	f	
6	f	
7	f	
8	f	
9	f	
\.


--
-- Data for Name: cart_item; Type: TABLE DATA; Schema: public; Owner: mysite_user
--

COPY public.cart_item (id, quantity, unit_price, object_id, cart_id, content_type_id) FROM stdin;
\.


--
-- Data for Name: contacts_contacts; Type: TABLE DATA; Schema: public; Owner: mysite_user
--

COPY public.contacts_contacts (id, work_time, "whatsApp", instagram, email, city_id, phone, iframe, adress, togiz) FROM stdin;
3	Каждый день с 09:00 до 24:00	+7 700 605 77 77	royalflowers.kz	royalflowerkz@gmail.com	23	+7 700 605 77 77	https://yandex.ua/maps/?um=constructor%3A74f314b730720aa3fee41ea5215409ec2d9ae6717f252f4cb7136ccdf647ad8c&source=constructorLink	​Сатпаева, 7а/2	https://2gis.kz/nur_sultan/search/%E2%80%8B%D0%90%D0%BB%D0%BC%D0%B0%D1%82%D1%8B%20%D0%A1%D0%B0%D1%82%D0%BF%D0%B0%D0%B5%D0%B2%D0%B0%2C%207%D0%B0%2F2/geo/70030076194758667/71.468589%2C51.150136?m=71.469093%2C51.150074%2F17.18
1	Каждый день с 09:00 до 24:00	+7 777 770 03 02	royalflowers.kz	royalflowerkz@gmail.com	1	+7 777 770 03 02	https://yandex.ua/maps/162/almaty/?ll=76.939299%2C43.239150&mode=usermaps&source=constructorLink&um=constructor%3A74f314b730720aa3fee41ea5215409ec2d9ae6717f252f4cb7136ccdf647ad8c&z=14	​проспект Мәңгілік Ел, 45 блок G	https://2gis.kz/nur_sultan/search/Royal%20Flowers?m=71.428318%2C51.099154%2F18.62
\.


--
-- Data for Name: django_admin_log; Type: TABLE DATA; Schema: public; Owner: mysite_user
--

COPY public.django_admin_log (id, action_time, object_id, object_repr, action_flag, change_message, content_type_id, user_id) FROM stdin;
1	2021-02-09 14:05:40.168922+03	1	admin Админ	1	[{"added": {}}]	14	1
2	2021-02-23 13:06:48.551163+03	1	Гипсофила	1	[{"added": {}}]	7	1
3	2021-02-23 13:07:04.736942+03	2	Фисташка	1	[{"added": {}}]	7	1
4	2021-02-23 13:07:49.542815+03	2	Фисташка	3		7	1
5	2021-02-23 13:07:49.54659+03	1	Гипсофила	3		7	1
6	2021-02-23 13:07:58.147713+03	3	Роза	1	[{"added": {}}]	7	1
7	2021-02-23 13:08:01.473082+03	4	Пионы	1	[{"added": {}}]	7	1
8	2021-02-23 13:08:08.351091+03	5	Кустовая роза	1	[{"added": {}}]	7	1
9	2021-02-23 13:08:21.516167+03	6	Пионовидная роза	1	[{"added": {}}]	7	1
10	2021-02-23 13:08:30.40368+03	7	Голландская роза	1	[{"added": {}}]	7	1
11	2021-02-23 13:08:38.397733+03	8	Герберы	1	[{"added": {}}]	7	1
12	2021-02-23 13:08:49.943698+03	9	Альстромерия	1	[{"added": {}}]	7	1
13	2021-02-23 13:09:00.170538+03	10	Антуриум	1	[{"added": {}}]	7	1
14	2021-02-23 13:09:05.243752+03	11	Гвоздика	1	[{"added": {}}]	7	1
15	2021-02-23 13:09:13.605123+03	12	Гортензия	1	[{"added": {}}]	7	1
16	2021-02-23 13:09:17.77769+03	13	Ирисы	1	[{"added": {}}]	7	1
17	2021-02-23 13:09:21.044333+03	14	Каллы	1	[{"added": {}}]	7	1
18	2021-02-23 13:09:28.814864+03	15	Лилии	1	[{"added": {}}]	7	1
19	2021-02-23 13:09:39.64129+03	16	Орхидея	1	[{"added": {}}]	7	1
20	2021-02-23 13:09:52.115764+03	17	Подсолнух	1	[{"added": {}}]	7	1
21	2021-02-23 13:09:55.960765+03	18	Ромашки	1	[{"added": {}}]	7	1
22	2021-02-23 13:10:00.413458+03	19	Тюльпаны	1	[{"added": {}}]	7	1
23	2021-02-23 13:10:04.116362+03	20	Фрезии	1	[{"added": {}}]	7	1
24	2021-02-23 13:10:09.80146+03	21	Хризантемы	1	[{"added": {}}]	7	1
25	2021-02-23 13:10:20.706087+03	22	Эустома	1	[{"added": {}}]	7	1
26	2021-02-23 13:10:25.084327+03	23	Микс	1	[{"added": {}}]	7	1
27	2021-02-23 13:10:32.417617+03	24	Эвкалипт	1	[{"added": {}}]	7	1
28	2021-02-23 13:10:37.175556+03	25	Фисташка	1	[{"added": {}}]	7	1
29	2021-02-23 13:10:41.261753+03	26	Гипсофила	1	[{"added": {}}]	7	1
30	2021-02-23 13:11:01.560674+03	1	8 март	1	[{"added": {}}]	8	1
31	2021-02-23 13:11:18.352032+03	2	День Валентина	1	[{"added": {}}]	8	1
32	2021-02-23 13:11:23.855259+03	3	День Рождение	1	[{"added": {}}]	8	1
33	2021-02-23 13:11:35.011954+03	4	Юбилей	1	[{"added": {}}]	8	1
34	2021-02-23 13:11:39.674331+03	5	Праздник	1	[{"added": {}}]	8	1
35	2021-02-23 13:11:43.872905+03	6	Свадьба	1	[{"added": {}}]	8	1
36	2021-02-23 13:11:51.092316+03	7	Рождение ребенка	1	[{"added": {}}]	8	1
37	2021-02-23 13:11:55.19867+03	8	Новоселье	1	[{"added": {}}]	8	1
38	2021-02-23 13:11:59.917523+03	9	Годовщина	1	[{"added": {}}]	8	1
39	2021-02-23 13:12:14.804273+03	10	1 сентября	1	[{"added": {}}]	8	1
40	2021-02-23 13:12:22.323462+03	11	День учителя	1	[{"added": {}}]	8	1
41	2021-02-23 13:12:33.310824+03	12	День матери	1	[{"added": {}}]	8	1
42	2021-02-23 13:12:40.29095+03	13	23 февраля	1	[{"added": {}}]	8	1
43	2021-02-23 13:12:44.16149+03	14	7 мая	1	[{"added": {}}]	8	1
44	2021-02-23 13:12:48.01147+03	15	Кудалык	1	[{"added": {}}]	8	1
45	2021-02-23 13:12:51.577673+03	16	Крестины	1	[{"added": {}}]	8	1
46	2021-02-23 13:12:57.281221+03	17	Скидки!	1	[{"added": {}}]	8	1
47	2021-02-23 13:13:01.943996+03	18	Новый год	1	[{"added": {}}]	8	1
48	2021-02-23 13:14:39.353183+03	2	knurzhanov Админ	2	[{"changed": {"fields": ["\\u0414\\u043e\\u043b\\u0436\\u043d\\u043e\\u0441\\u0442\\u044c"]}}]	14	1
49	2021-02-23 13:19:59.377365+03	1	1	1	[{"added": {}}]	11	1
50	2021-02-23 13:20:41.278555+03	2	3	1	[{"added": {}}]	11	1
51	2021-02-23 13:23:18.432612+03	3	5	1	[{"added": {}}]	11	1
52	2021-02-23 13:23:22.337564+03	4	9	1	[{"added": {}}]	11	1
53	2021-02-23 13:23:26.306497+03	5	15	1	[{"added": {}}]	11	1
54	2021-02-23 13:23:29.799504+03	6	33	1	[{"added": {}}]	11	1
55	2021-02-23 13:23:33.151131+03	7	101	1	[{"added": {}}]	11	1
56	2021-02-25 09:08:02.582513+03	3	rfmanager Админ	2	[{"changed": {"fields": ["\\u0414\\u043e\\u043b\\u0436\\u043d\\u043e\\u0441\\u0442\\u044c"]}}]	14	1
57	2021-02-25 09:10:25.693025+03	4	rfmanager	2	[{"changed": {"fields": ["Staff status"]}}]	4	1
58	2021-02-25 09:12:35.374749+03	4	rfmanager	2	[{"changed": {"fields": ["User permissions"]}}]	4	1
59	2021-02-25 09:13:16.117036+03	8	20	1	[{"added": {}}]	11	4
60	2021-02-25 09:13:35.39518+03	8	20	3		11	4
61	2021-03-03 09:06:16.466725+03	23	Заявка dawdwa	3		18	1
62	2021-03-03 09:06:16.485096+03	22	Заявка dawdwa	3		18	1
63	2021-03-03 09:06:16.488419+03	21	Заявка dawdawdaw	3		18	1
64	2021-03-03 09:06:16.491706+03	20	Заявка dawdaw	3		18	1
65	2021-03-03 09:06:16.494291+03	19	Заявка dawdaw	3		18	1
66	2021-03-03 09:06:16.496829+03	18	Заявка Куаныш	3		18	1
67	2021-03-03 09:06:16.499248+03	17	Заявка Куаныш	3		18	1
68	2021-03-03 09:06:16.501205+03	16	Заявка Куаныш	3		18	1
69	2021-03-03 09:06:16.503133+03	15	Заявка Saniya 	3		18	1
70	2021-03-03 09:06:16.505413+03	14	Заявка dawddaw	3		18	1
71	2021-03-03 09:06:16.507296+03	13	Заявка Бейбарыс	3		18	1
72	2021-03-03 09:06:16.509138+03	12	Заявка Султан	3		18	1
73	2021-03-03 09:06:16.511364+03	11	Заявка Biba	3		18	1
74	2021-03-03 09:06:16.513184+03	10	Заявка Куаныш	3		18	1
75	2021-03-03 09:06:16.516081+03	9	Заявка dawdwa	3		18	1
76	2021-03-03 09:06:16.519042+03	8	Заявка dawdwa	3		18	1
77	2021-03-03 09:06:16.521069+03	7	Заявка dwwdw	3		18	1
78	2021-03-03 09:06:16.522821+03	6	Заявка adwwad	3		18	1
79	2021-03-03 09:06:16.52467+03	5	Заявка dawdawd	3		18	1
80	2021-03-03 09:06:16.526441+03	4	Заявка dawdawd	3		18	1
81	2021-03-03 09:06:16.528062+03	3	Заявка Test	3		18	1
82	2021-03-03 09:06:16.529255+03	2	Заявка Куаныш	3		18	1
83	2021-03-03 09:06:16.530462+03	1	Заявка Куаныш	3		18	1
84	2021-03-04 15:13:38.51287+03	2	Logs object (2)	3		24	1
85	2021-03-04 15:13:38.528246+03	1	Logs object (1)	3		24	1
86	2021-03-04 15:16:03.129764+03	4	Logs object (4)	3		24	1
87	2021-03-04 15:16:17.794611+03	5	Logs object (5)	3		24	1
88	2021-03-04 15:27:27.18936+03	1	Шары	1	[{"added": {}}]	12	1
89	2021-03-04 16:11:06.338421+03	54	Заявка dwad	3		18	1
90	2021-03-04 16:11:06.348444+03	53	Заявка dwad	3		18	1
91	2021-03-04 16:11:06.350808+03	52	Заявка dawadw	3		18	1
92	2021-03-04 16:11:06.353862+03	51	Заявка dwadaw	3		18	1
93	2021-03-04 16:11:06.355738+03	50	Заявка dwadwa	3		18	1
94	2021-03-04 16:11:06.357216+03	49	Заявка awdwad	3		18	1
95	2021-03-04 16:11:06.358887+03	48	Заявка dawdwa	3		18	1
96	2021-03-04 16:11:06.360188+03	47	Заявка dawdawdaw	3		18	1
97	2021-03-04 16:11:06.361408+03	46	Заявка dwa	3		18	1
98	2021-03-04 16:11:06.363024+03	45	Заявка dawdawd	3		18	1
99	2021-03-04 16:11:06.36484+03	44	Заявка dawdwa	3		18	1
100	2021-03-04 16:11:06.366609+03	43	Заявка dawdaw	3		18	1
101	2021-03-04 16:11:06.370196+03	42	Заявка ререр	3		18	1
102	2021-03-04 16:11:06.372445+03	41	Заявка dawdwa	3		18	1
103	2021-03-04 16:11:06.374627+03	40	Заявка dwad	3		18	1
104	2021-03-04 16:11:06.377567+03	39	Заявка Куаныш	3		18	1
105	2021-03-04 16:11:06.379552+03	38	Заявка Куаныш	3		18	1
106	2021-03-04 16:11:06.381357+03	37	Заявка Куаныш	3		18	1
107	2021-03-04 16:11:06.385646+03	36	Заявка Куаныш	3		18	1
108	2021-03-04 16:11:06.388313+03	35	Заявка dwad	3		18	1
109	2021-03-04 16:11:06.391075+03	34	Заявка asdasd	3		18	1
110	2021-03-04 16:11:06.393822+03	33	Заявка dawdawdaw	3		18	1
111	2021-03-04 16:11:06.396235+03	32	Заявка dawdawdaw	3		18	1
112	2021-03-04 16:11:06.398299+03	31	Заявка dawdwa	3		18	1
113	2021-03-04 16:11:06.400205+03	30	Заявка БЕйбарыс	3		18	1
114	2021-03-04 16:11:06.401885+03	29	Заявка dawdawdaw	3		18	1
115	2021-03-04 16:11:06.403944+03	28	Заявка dawdwa	3		18	1
116	2021-03-04 16:11:06.406002+03	27	Заявка dawdwa	3		18	1
117	2021-03-04 16:11:06.40779+03	26	Заявка awdwa	3		18	1
118	2021-03-04 16:11:06.409413+03	25	Заявка dawdawdaw	3		18	1
119	2021-03-04 16:11:06.410959+03	24	Заявка dawdwa	3		18	1
120	2021-03-04 16:21:52.914617+03	22	Logs object (22)	3		24	1
121	2021-03-04 16:21:52.921979+03	21	Logs object (21)	3		24	1
122	2021-03-04 16:21:52.924325+03	20	Logs object (20)	3		24	1
123	2021-03-04 16:21:52.92671+03	19	Logs object (19)	3		24	1
124	2021-03-04 16:21:52.929756+03	18	Logs object (18)	3		24	1
125	2021-03-04 16:21:52.933004+03	17	Logs object (17)	3		24	1
126	2021-03-04 16:21:52.935983+03	16	Logs object (16)	3		24	1
127	2021-03-04 16:21:52.938926+03	15	Logs object (15)	3		24	1
128	2021-03-04 16:21:52.94172+03	14	Logs object (14)	3		24	1
129	2021-03-04 16:21:52.944419+03	13	Logs object (13)	3		24	1
130	2021-03-04 16:21:52.947107+03	12	Logs object (12)	3		24	1
131	2021-03-04 16:21:52.949388+03	11	Logs object (11)	3		24	1
132	2021-03-04 16:21:52.951375+03	10	Logs object (10)	3		24	1
133	2021-03-04 16:21:52.953242+03	9	Logs object (9)	3		24	1
134	2021-03-04 16:21:52.960037+03	8	Logs object (8)	3		24	1
135	2021-03-04 16:21:52.964387+03	7	Logs object (7)	3		24	1
136	2021-03-04 16:21:52.968474+03	6	Logs object (6)	3		24	1
137	2021-03-04 16:21:52.97192+03	3	Logs object (3)	3		24	1
138	2021-03-04 22:01:22.101245+03	16	qweqweee Клиент	3		14	4
139	2021-03-04 22:01:22.108398+03	15	qweqwee Клиент	3		14	4
140	2021-03-04 22:01:22.111726+03	14	fff Клиент	3		14	4
141	2021-03-04 22:01:22.114041+03	12	fghfgh Клиент	3		14	4
142	2021-03-04 22:01:22.11866+03	11	Saga Клиент	3		14	4
143	2021-03-04 22:01:22.120892+03	10	qweqwe Клиент	3		14	4
144	2021-03-04 22:01:22.122824+03	9	asdasd Клиент	3		14	4
145	2021-03-04 22:01:22.124651+03	8	asdqwe Клиент	3		14	4
146	2021-03-04 22:01:22.126457+03	7	aaasss Клиент	3		14	4
147	2021-03-04 22:01:22.129012+03	5	knurzhanov99 Клиент	3		14	4
148	2021-03-04 22:01:22.130789+03	4	Undunut Клиент	3		14	4
149	2021-03-04 22:02:00.109326+03	70	Заявка Куаныш	3		18	4
150	2021-03-04 22:02:00.113105+03	69	Заявка Куаныш	3		18	4
151	2021-03-04 22:02:00.115718+03	68	Заявка fff	3		18	4
152	2021-03-04 22:02:00.117752+03	66	Заявка Kuanish	3		18	4
153	2021-03-04 22:02:00.119569+03	65	Заявка Куаныш	3		18	4
154	2021-03-04 22:02:00.121188+03	64	Заявка asdasd	3		18	4
155	2021-03-04 22:02:00.123191+03	63	Заявка asdasd	3		18	4
156	2021-03-04 22:02:00.12471+03	62	Заявка asdasd	3		18	4
157	2021-03-04 22:02:00.125951+03	61	Заявка asdasd	3		18	4
158	2021-03-04 22:02:00.127152+03	60	Заявка Куаныш	3		18	4
159	2021-03-04 22:02:00.128314+03	59	Заявка Куаныш	3		18	4
160	2021-03-04 22:02:00.130387+03	58	Заявка Куаныш	3		18	4
161	2021-03-04 22:02:00.131871+03	57	Заявка Куаныш	3		18	4
162	2021-03-04 22:02:00.133093+03	56	Заявка asdasd	3		18	4
163	2021-03-04 22:02:00.134703+03	55	Заявка Бейбарыс	3		18	4
164	2021-03-05 13:52:25.1384+03	77	Заявка dawdaw	2	[{"changed": {"fields": ["\\u0421\\u0442\\u0430\\u0442\\u0443\\u0441"]}}]	18	1
165	2021-03-05 13:54:26.801861+03	77	Заявка dawdaw	2	[{"changed": {"fields": ["\\u0421\\u0442\\u0430\\u0442\\u0443\\u0441"]}}]	18	1
166	2021-03-05 13:54:35.542423+03	77	Заявка dawdaw	2	[{"changed": {"fields": ["\\u0421\\u0442\\u0430\\u0442\\u0443\\u0441"]}}]	18	1
167	2021-03-05 15:54:18.314878+03	79	Заявка Куаныш	3		18	4
168	2021-03-05 15:54:18.322202+03	78	Заявка Куаныш	3		18	4
169	2021-03-05 15:54:18.326152+03	77	Заявка dawdaw	3		18	4
170	2021-03-05 15:54:18.327445+03	76	Заявка dawdwa	3		18	4
171	2021-03-05 15:54:18.328696+03	75	Заявка Куаныш	3		18	4
172	2021-03-05 15:54:18.329965+03	74	Заявка Куаныш	3		18	4
173	2021-03-05 15:54:18.331999+03	73	Заявка Куаныш	3		18	4
174	2021-03-05 15:54:18.33327+03	72	Заявка Куаныш	3		18	4
175	2021-03-05 15:54:18.334646+03	71	Заявка Куаныш	3		18	4
176	2021-03-05 15:54:25.260673+03	67	Заявка Султан	2	[{"changed": {"fields": ["\\u0421\\u0442\\u0430\\u0442\\u0443\\u0441"]}}]	18	4
177	2021-03-06 11:33:42.635265+03	89	Заявка Sultan	3		18	1
178	2021-03-06 11:33:42.639043+03	86	Заявка dawdawd	3		18	1
179	2021-03-06 11:33:42.640418+03	85	Заявка Test	3		18	1
180	2021-03-06 11:33:42.641985+03	84	Заявка Куаныш	3		18	1
181	2021-03-06 11:33:42.643457+03	83	Заявка Куаныш	3		18	1
182	2021-03-06 11:33:42.644942+03	82	Заявка Куаныш	3		18	1
183	2021-03-06 11:33:42.646331+03	81	Заявка Куаныш	3		18	1
184	2021-03-06 11:33:42.647834+03	80	Заявка Куаныш	3		18	1
185	2021-03-06 11:40:28.405372+03	90	Заявка ereg	3		18	1
186	2021-03-06 11:40:48.17159+03	1	Быстрая заявка Куаныш	3		17	1
187	2021-03-06 13:46:54.004703+03	91	Заявка Куаныш	3		18	1
188	2021-03-06 14:19:55.512556+03	10	Быстрая заявка Бейбарыс	3		17	1
189	2021-03-06 14:19:55.517379+03	9	Быстрая заявка Бейбарыс	3		17	1
190	2021-03-06 14:23:07.572912+03	13	Быстрая заявка dwadawdaw	3		17	1
191	2021-03-06 14:23:07.578924+03	12	Быстрая заявка Бейбарыс	3		17	1
192	2021-03-06 14:23:07.581477+03	11	Быстрая заявка Бейбарыс	3		17	1
193	2021-03-06 14:26:26.428988+03	92	Заявка Бейбарыс	3		18	1
194	2021-03-06 14:28:04.270792+03	93	Заявка dawdwa	3		18	1
195	2021-03-06 14:32:11.547268+03	94	Заявка Бейбарыс	3		18	1
196	2021-03-06 14:34:04.284485+03	95	Заявка Бейбарыс	3		18	1
197	2021-03-06 14:37:08.60583+03	14	Быстрая заявка Бейбарыс	3		17	1
198	2021-03-06 14:38:57.235865+03	96	Заявка Бейбарыс	3		18	1
199	2021-03-06 16:41:58.628481+03	87	Заявка Вероника	3		18	1
200	2021-03-06 16:42:04.80687+03	88	Заявка Вероника	2	[{"changed": {"fields": ["\\u0421\\u0442\\u0430\\u0442\\u0443\\u0441"]}}]	18	1
201	2021-03-06 17:36:20.687403+03	24	Букет из 101 кустовой розы	2	[{"changed": {"fields": ["\\u0426\\u0435\\u043d\\u0430", "\\u0410\\u043a\\u0442\\u0438\\u0432\\u043d\\u044b\\u0439"]}}]	9	4
202	2021-03-06 17:36:20.694377+03	23	Евробукет из антуриум, дельфиниум и пышной гортензии	2	[{"changed": {"fields": ["\\u0426\\u0435\\u043d\\u0430", "\\u0410\\u043a\\u0442\\u0438\\u0432\\u043d\\u044b\\u0439"]}}]	9	4
203	2021-03-06 17:36:20.697487+03	21	Букет из 15 голландских роз 60-70см	2	[{"changed": {"fields": ["\\u0426\\u0435\\u043d\\u0430"]}}]	9	4
204	2021-03-06 17:39:57.26197+03	3	15 роз с оформлением	2	[{"changed": {"fields": ["\\u041d\\u0430\\u0437\\u0432\\u0430\\u043d\\u0438\\u0435", "\\u041e\\u043f\\u0438\\u0441\\u0430\\u043d\\u0438\\u0435"]}}]	9	4
205	2021-03-06 19:35:12.52641+03	8	aaasss	3		4	4
206	2021-03-06 19:35:12.532318+03	10	asdasd	3		4	4
207	2021-03-06 19:35:12.540731+03	9	asdqwe	3		4	4
208	2021-03-06 19:35:12.543158+03	17	fff	3		4	4
209	2021-03-06 19:35:12.545988+03	15	fghfgh	3		4	4
210	2021-03-06 19:35:12.548288+03	20	knurzh	3		4	4
211	2021-03-06 19:35:12.550128+03	2	knurzhanov	3		4	4
212	2021-03-06 19:35:12.551684+03	6	knurzhanov99	3		4	4
213	2021-03-06 19:35:12.553797+03	11	qweqwe	3		4	4
214	2021-03-06 19:35:12.556685+03	18	qweqwee	3		4	4
215	2021-03-06 19:35:12.559492+03	19	qweqweee	3		4	4
216	2021-03-06 19:35:12.561719+03	5	Undunut	3		4	4
217	2021-03-07 16:26:55.912186+03	98	Заявка Куаныш	3		18	4
218	2021-03-07 16:29:20.345175+03	99	Заявка $	3		18	4
219	2021-03-08 08:19:56.06941+03	103	Заявка $	3		18	4
220	2021-03-08 09:25:50.788313+03	30	Быстрая заявка Osman	3		17	4
221	2021-03-08 09:25:50.792781+03	29	Быстрая заявка Osman	3		17	4
222	2021-03-08 09:25:50.794451+03	28	Быстрая заявка Osman	3		17	4
223	2021-03-08 09:25:50.796529+03	27	Быстрая заявка Osman	3		17	4
224	2021-03-08 09:25:50.798605+03	26	Быстрая заявка Osman	3		17	4
225	2021-03-08 09:25:50.800311+03	25	Быстрая заявка Osman	3		17	4
226	2021-03-11 09:29:16.106188+03	107	Заявка Куаныш	3		18	1
227	2021-03-11 09:29:16.112733+03	106	Заявка Куаныш	3		18	1
228	2021-03-26 13:57:46.065506+03	110	Заявка Kuka	3		18	1
229	2021-03-26 13:57:46.07239+03	109	Заявка The 	3		18	1
230	2021-03-26 13:57:46.074532+03	108	Заявка Kuka	3		18	1
231	2021-03-26 15:20:15.068983+03	111	Заявка Бейбарыс	3		18	1
232	2021-03-31 13:20:45.533254+03	112	Заявка Бейбарысdww	3		18	1
233	2021-04-01 14:51:46.721562+03	3	Фото букета Продукт 104  	3		26	1
234	2021-04-01 15:05:30.113449+03	3	Фото курьера Продукт 105  	3		25	1
235	2021-04-05 12:57:30.768712+03	2	Зелень	1	[{"added": {}}]	12	4
236	2021-04-05 13:02:35.787117+03	3	Вазу	1	[{"added": {}}]	12	4
237	2021-04-09 15:40:54.811669+03	116	Заявка Гульнара	3		18	1
238	2021-04-09 15:40:54.819268+03	115	Заявка Гульнара	3		18	1
239	2021-04-09 15:40:54.822038+03	114	Заявка Гульнара	3		18	1
240	2021-04-09 15:40:54.824293+03	113	Заявка dwadaw	3		18	1
241	2021-04-15 18:15:13.378515+03	169	Заявка Kuka	3		18	1
242	2021-04-15 18:15:13.386218+03	168	Заявка Kuka	3		18	1
243	2021-04-15 18:15:13.388061+03	167	Заявка Kuka	3		18	1
244	2021-04-15 18:15:13.38971+03	166	Заявка Kuka	3		18	1
245	2021-04-15 18:16:08.751078+03	161	Заявка Тест	3		18	1
246	2021-04-15 18:16:08.754568+03	160	Заявка Kuka	3		18	1
247	2021-04-15 18:16:08.756154+03	159	Заявка Kuka	3		18	1
248	2021-04-15 18:16:08.757945+03	158	Заявка Test	3		18	1
249	2021-04-15 18:16:08.759606+03	156	Заявка Kuka	3		18	1
250	2021-04-15 18:16:08.761283+03	149	Заявка Куаныш	3		18	1
251	2021-04-15 18:16:08.762913+03	148	Заявка  Куаныш	3		18	1
252	2021-04-15 18:16:08.764483+03	147	Заявка Куаныш	3		18	1
253	2021-04-15 18:16:08.766309+03	146	Заявка rrr	3		18	1
254	2021-04-15 18:16:08.767857+03	145	Заявка Куаныш	3		18	1
255	2021-04-15 18:16:08.769193+03	144	Заявка Куаныш	3		18	1
256	2021-04-15 18:16:08.770565+03	143	Заявка Куаныш	3		18	1
257	2021-04-15 18:16:08.771949+03	142	Заявка rrr	3		18	1
258	2021-04-15 18:16:08.773215+03	137	Заявка Biba	3		18	1
259	2021-04-15 18:16:08.774975+03	136	Заявка Kuka	3		18	1
260	2021-04-15 18:16:08.776492+03	135	Заявка www	3		18	1
261	2021-04-15 18:16:08.778162+03	134	Заявка knurzhanov	3		18	1
262	2021-04-15 18:16:08.779389+03	129	Заявка Kuka	3		18	1
263	2021-04-15 18:16:08.780653+03	128	Заявка www	3		18	1
264	2021-04-15 18:16:08.781975+03	127	Заявка www	3		18	1
265	2021-04-15 18:16:08.783154+03	126	Заявка Kuka	3		18	1
266	2021-04-15 18:16:08.784334+03	125	Заявка rrr	3		18	1
267	2021-04-15 20:43:52.586863+03	171	Заявка The 	3		18	1
268	2021-04-15 22:51:34.920174+03	172	Заявка Kuka	3		18	1
269	2021-04-16 07:51:09.739035+03	173	Заявка knurzhanov	3		18	1
270	2021-04-16 08:24:15.611233+03	174	Заявка awdwad	3		18	1
271	2021-04-21 07:45:25.964203+03	175	Заявка Kuka	3		18	1
272	2021-04-24 16:40:01.816293+03	65	adiltasbolatov	1	[{"added": {}}]	4	1
273	2021-04-24 16:40:16.773676+03	65	adiltasbolatov	2	[{"changed": {"fields": ["Superuser status"]}}]	4	1
274	2021-04-24 16:42:10.565172+03	65	adiltasbolatov	2	[{"changed": {"fields": ["User permissions"]}}]	4	1
275	2021-04-24 16:44:11.007684+03	66	suadmin	1	[{"added": {}}]	4	1
276	2021-04-24 16:44:32.819198+03	66	suadmin	2	[{"changed": {"fields": ["Staff status", "Superuser status"]}}]	4	1
277	2021-04-28 13:01:29.147374+03	181	Заявка Kuka	3		18	66
278	2021-05-05 20:43:29.50313+03	84	Евробукет 	2	[{"changed": {"fields": ["\\u0426\\u0435\\u043d\\u0430"]}}]	9	1
279	2021-05-05 20:47:15.921851+03	84	Евробукет 	2	[{"changed": {"fields": ["\\u0426\\u0435\\u043d\\u0430"]}}]	9	1
280	2021-05-05 22:57:00.970266+03	189	Заявка hehhej	3		18	1
281	2021-05-21 14:24:31.409302+03	4	Raffaello	1	[{"added": {}}]	12	4
282	2021-05-21 14:28:39.993418+03	5	Мишка Teddy (средний)	1	[{"added": {}}]	12	4
283	2021-05-21 14:29:57.220244+03	6	Шары Комплект	1	[{"added": {}}]	12	4
284	2021-05-21 14:54:53.630874+03	7	Мишка Teddy (гигант) 2 метра	1	[{"added": {}}]	12	4
285	2021-05-24 15:30:33.429228+03	1	Контакты	1	[{"added": {}}]	27	1
286	2021-05-24 15:44:35.327008+03	1	Контакты	2	[{"changed": {"fields": ["Instagram"]}}]	27	1
287	2021-05-25 14:33:23.03381+03	1	Описание	1	[{"added": {}}]	28	1
288	2021-05-25 14:33:31.631027+03	1	Описание	2	[{"changed": {"fields": ["\\u041e\\u043f\\u0438\\u0441\\u0430\\u043d\\u0438\\u0435"]}}]	28	1
289	2021-05-25 14:42:29.200516+03	1	Описание	2	[{"changed": {"fields": ["\\u041e\\u043f\\u0438\\u0441\\u0430\\u043d\\u0438\\u0435"]}}]	28	1
290	2021-05-25 14:42:34.127251+03	2	Описание	1	[{"added": {}}]	28	1
291	2021-05-25 14:42:37.412172+03	3	Описание	1	[{"added": {}}]	28	1
292	2021-05-25 14:53:28.665966+03	4	Описание 4	1	[{"added": {}}]	28	1
293	2021-05-25 14:53:39.976344+03	4	Описание 4	3		28	1
294	2021-05-25 14:55:23.746125+03	1	Название	1	[{"added": {}}]	29	1
295	2021-05-28 13:06:36.368727+03	139	test	2	[{"changed": {"fields": ["Email address"]}}]	4	66
296	2021-05-28 13:07:19.556642+03	228	Заявка test	3		18	66
297	2021-05-28 13:07:38.527961+03	139	test	3		4	66
298	2021-05-28 13:12:09.458529+03	230	Заявка test	3		18	66
299	2021-05-28 13:27:29.127863+03	231	Заявка test	3		18	66
300	2021-05-28 13:27:29.131657+03	229	Заявка test	3		18	66
301	2021-05-28 13:27:43.819773+03	140	test	3		4	66
302	2021-05-28 14:06:35.44683+03	232	Заявка test	3		18	66
303	2021-05-28 14:06:48.029705+03	141	test	3		4	66
304	2021-05-28 14:09:40.055855+03	233	Заявка test	3		18	66
305	2021-05-28 14:09:52.516739+03	142	test	3		4	66
306	2021-05-28 14:33:29.077801+03	234	Заявка test	3		18	66
307	2021-05-28 14:36:04.943291+03	235	Заявка test	3		18	66
308	2021-05-28 14:45:12.300516+03	237	Заявка test	3		18	66
309	2021-05-28 14:45:12.303968+03	236	Заявка test	3		18	66
310	2021-05-28 14:48:22.83375+03	238	Заявка test	3		18	66
311	2021-05-28 14:48:32.372777+03	143	test	3		4	66
312	2021-05-28 14:48:41.447905+03	138	Anonymous	3		4	66
313	2021-05-28 16:57:02.552934+03	1	Название	2	[{"changed": {"fields": ["\\u041d\\u0430\\u0437\\u0432\\u0430\\u043d\\u0438\\u0435"]}}]	29	66
314	2021-05-28 16:57:25.044012+03	1	Описание 1	2	[{"changed": {"fields": ["\\u041e\\u043f\\u0438\\u0441\\u0430\\u043d\\u0438\\u0435"]}}]	28	66
315	2021-05-28 16:57:34.473391+03	2	Описание 2	2	[{"changed": {"fields": ["\\u041e\\u043f\\u0438\\u0441\\u0430\\u043d\\u0438\\u0435"]}}]	28	66
316	2021-05-28 16:58:05.232487+03	3	Описание 3	2	[{"changed": {"fields": ["\\u041e\\u043f\\u0438\\u0441\\u0430\\u043d\\u0438\\u0435"]}}]	28	66
317	2021-05-28 16:58:16.270184+03	5	Описание 5	1	[{"added": {}}]	28	66
318	2021-05-28 16:58:35.737241+03	1	Описание 1	2	[{"changed": {"fields": ["\\u041e\\u043f\\u0438\\u0441\\u0430\\u043d\\u0438\\u0435"]}}]	28	66
319	2021-05-28 16:58:47.790875+03	1	Описание 1	2	[{"changed": {"fields": ["\\u041e\\u043f\\u0438\\u0441\\u0430\\u043d\\u0438\\u0435"]}}]	28	66
320	2021-05-28 16:59:20.038531+03	2	Описание 2	2	[]	28	66
321	2021-05-28 16:59:24.505818+03	3	Описание 3	2	[]	28	66
322	2021-05-28 16:59:29.560202+03	5	Описание 5	2	[]	28	66
323	2021-06-08 14:11:35.091476+03	260	Заявка Test	3		18	1
324	2021-06-08 14:11:35.097676+03	259	Заявка Test	3		18	1
325	2021-06-08 14:12:20.965737+03	261	Заявка Test	3		18	1
326	2021-06-08 14:13:13.345705+03	202	TEst	1	[{"added": {}}]	9	1
327	2021-06-08 14:13:59.911556+03	202	TEst	2	[{"changed": {"fields": ["\\u0426\\u0435\\u043d\\u0430"]}}]	9	1
328	2021-06-08 14:20:24.085381+03	265	Заявка dsds	3		18	1
329	2021-06-08 14:20:24.088814+03	264	Заявка dsds	3		18	1
330	2021-06-08 14:20:24.090592+03	263	Заявка Test	3		18	1
331	2021-06-08 14:20:24.092618+03	262	Заявка Test	3		18	1
332	2021-06-09 14:55:59.266605+03	266	Заявка test	3		18	66
333	2021-06-15 01:38:33.058306+03	1	Алматы	1	[{"added": {}}]	30	66
334	2021-06-15 01:41:11.877188+03	1	Менеджеры	1	[{"added": {}}]	3	66
335	2021-06-15 01:43:33.701719+03	2	Караганда	1	[{"added": {}}]	30	66
336	2021-06-15 01:43:40.038991+03	3	Шымкент	1	[{"added": {}}]	30	66
337	2021-06-15 01:43:44.447515+03	4	Тараз	1	[{"added": {}}]	30	66
338	2021-06-15 01:43:48.381363+03	5	Кызылорда	1	[{"added": {}}]	30	66
339	2021-06-15 01:43:51.979636+03	6	Актобе	1	[{"added": {}}]	30	66
340	2021-06-15 01:43:55.723645+03	7	Атырау	1	[{"added": {}}]	30	66
341	2021-06-15 01:43:59.479463+03	8	Актау	1	[{"added": {}}]	30	66
342	2021-06-15 01:44:02.984386+03	9	Павлодар	1	[{"added": {}}]	30	66
343	2021-06-15 01:44:07.400271+03	10	Семей	1	[{"added": {}}]	30	66
344	2021-06-15 01:44:11.600453+03	11	Усть-Каменогорск	1	[{"added": {}}]	30	66
345	2021-06-15 01:44:15.503619+03	12	Кокшетау	1	[{"added": {}}]	30	66
346	2021-06-15 01:44:20.970654+03	13	Петропавловск	1	[{"added": {}}]	30	66
347	2021-06-15 01:44:25.966508+03	14	Талдыкорган	1	[{"added": {}}]	30	66
348	2021-06-15 01:44:29.653409+03	15	Уральск	1	[{"added": {}}]	30	66
349	2021-06-15 01:44:33.287116+03	16	Ташкент	1	[{"added": {}}]	30	66
350	2021-06-15 01:44:37.50584+03	17	Бишкек	1	[{"added": {}}]	30	66
351	2021-06-15 01:44:41.521824+03	18	Екатеринбург	1	[{"added": {}}]	30	66
352	2021-06-15 01:44:45.253017+03	19	Челябинск	1	[{"added": {}}]	30	66
353	2021-06-15 01:44:49.115076+03	20	Оренбург	1	[{"added": {}}]	30	66
354	2021-06-15 01:44:52.920012+03	21	Туркестан	1	[{"added": {}}]	30	66
355	2021-06-15 01:44:57.150469+03	22	Костанай	1	[{"added": {}}]	30	66
356	2021-06-15 02:06:40.097003+03	141	manager Админ	2	[{"changed": {"fields": ["\\u0414\\u043e\\u043b\\u0436\\u043d\\u043e\\u0441\\u0442\\u044c"]}}]	14	66
357	2021-06-15 02:07:38.565323+03	162	manager	2	[{"changed": {"fields": ["Staff status", "Groups"]}}]	4	66
358	2021-06-15 02:08:25.754126+03	141	manager Админ	2	[{"changed": {"fields": ["City"]}}]	14	66
359	2021-06-15 02:12:25.469284+03	141	manager Админ	2	[]	14	66
362	2021-06-16 17:28:33.596722+03	1	Менеджеры	2	[{"changed": {"fields": ["Permissions"]}}]	3	66
363	2021-06-16 17:29:41.84227+03	1	Менеджеры	2	[{"changed": {"fields": ["Permissions"]}}]	3	66
364	2021-06-16 22:03:20.919432+03	294	Заявка test	3		18	66
365	2021-06-16 22:05:48.977166+03	229	Композиция	2	[{"changed": {"fields": ["\\u0413\\u043e\\u0440\\u043e\\u0434\\u0430"]}}]	9	66
366	2021-06-16 22:06:51.49115+03	295	Заявка test	3		18	66
367	2021-06-17 00:24:44.866583+03	296	Заявка test	3		18	66
368	2021-06-17 00:52:02.002966+03	297	Заявка test	3		18	66
370	2021-06-17 00:55:56.05587+03	1	Менеджеры	2	[{"changed": {"fields": ["Permissions"]}}]	3	66
372	2021-06-17 01:53:13.585353+03	1	Астана	2	[{"changed": {"fields": ["\\u0413\\u043e\\u0440\\u043e\\u0434"]}}]	30	66
373	2021-06-17 02:01:10.383336+03	23	Алматы	1	[{"added": {}}]	30	66
374	2021-06-17 02:14:55.367505+03	164	test	2	[{"changed": {"fields": ["Staff status", "Groups"]}}]	4	66
375	2021-06-17 02:16:08.518053+03	164	test	2	[{"changed": {"fields": ["Staff status", "Groups"]}}]	4	66
376	2021-06-17 02:17:03.914933+03	164	test	2	[{"changed": {"fields": ["Staff status", "Groups"]}}]	4	66
377	2021-06-17 02:17:27.819123+03	143	test Клиент	2	[{"changed": {"fields": ["City"]}}]	14	66
378	2021-06-17 02:18:20.144243+03	143	test Админ	2	[{"changed": {"fields": ["\\u0414\\u043e\\u043b\\u0436\\u043d\\u043e\\u0441\\u0442\\u044c"]}}]	14	66
379	2021-06-17 02:20:29.146322+03	143	test Админ	2	[{"changed": {"fields": ["City"]}}]	14	66
380	2021-06-17 03:58:04.924218+03	164	test	2	[{"changed": {"fields": ["Staff status", "Groups"]}}]	4	66
381	2021-06-17 03:58:22.311559+03	143	test Админ	2	[{"changed": {"fields": ["\\u0413\\u043e\\u0440\\u043e\\u0434"]}}]	14	66
382	2021-06-17 03:59:03.498469+03	164	test	2	[{"changed": {"fields": ["Staff status", "Groups"]}}]	4	66
383	2021-06-17 03:59:26.597146+03	143	test Админ	2	[{"changed": {"fields": ["\\u0413\\u043e\\u0440\\u043e\\u0434"]}}]	14	66
384	2021-06-17 04:27:51.129392+03	164	test	2	[{"changed": {"fields": ["Staff status", "Groups"]}}]	4	66
385	2021-06-17 04:27:59.567882+03	143	test Админ	2	[{"changed": {"fields": ["\\u0413\\u043e\\u0440\\u043e\\u0434"]}}]	14	66
386	2021-06-17 04:28:40.999315+03	164	test	2	[{"changed": {"fields": ["Staff status", "Groups"]}}]	4	66
387	2021-06-17 04:28:59.213224+03	143	test Админ	2	[{"changed": {"fields": ["\\u0413\\u043e\\u0440\\u043e\\u0434"]}}]	14	66
388	2021-06-17 08:49:03.050155+03	1	Менеджеры	2	[{"changed": {"fields": ["Permissions"]}}]	3	66
389	2021-06-17 09:02:18.630039+03	170	Быстрая заявка  	3		17	66
390	2021-06-17 09:29:29.426142+03	171	Быстрая заявка Без имени	3		17	66
391	2021-06-17 17:27:56.026982+03	143	test Админ	3		14	66
392	2021-06-17 17:28:05.364373+03	141	manager Админ	3		14	66
393	2021-06-17 17:28:26.469409+03	164	test	3		4	66
394	2021-06-17 17:28:37.685385+03	162	manager	3		4	66
395	2021-06-19 15:06:24.545783+03	307	Заявка test	3		18	66
396	2021-06-19 15:13:07.33818+03	308	Заявка test	3		18	66
397	2021-06-19 15:29:11.011303+03	310	Заявка test	3		18	66
398	2021-06-19 15:29:11.016967+03	309	Заявка test	3		18	66
399	2021-10-18 11:12:10.773525+03	1	8 марта	2	[{"changed": {"fields": ["\\u041d\\u0430\\u0437\\u0432\\u0430\\u043d\\u0438\\u0435"]}}]	8	66
400	2021-10-18 11:12:27.612206+03	1	8 март	2	[{"changed": {"fields": ["\\u041d\\u0430\\u0437\\u0432\\u0430\\u043d\\u0438\\u0435"]}}]	8	66
401	2021-10-18 11:12:43.219963+03	1	8 марта	2	[{"changed": {"fields": ["\\u041d\\u0430\\u0437\\u0432\\u0430\\u043d\\u0438\\u0435"]}}]	8	66
402	2021-10-18 11:18:58.939177+03	1	8 март	2	[{"changed": {"fields": ["\\u041d\\u0430\\u0437\\u0432\\u0430\\u043d\\u0438\\u0435"]}}]	8	66
403	2021-10-25 12:45:29.194706+03	23	Алматы	2	[]	30	66
404	2021-10-25 14:47:15.291916+03	300	Яркий букет в осенних оттенках	1	[{"added": {}}]	9	66
405	2021-10-25 14:47:56.494891+03	300	Яркий букет в осенних оттенках	2	[{"changed": {"fields": ["\\u0413\\u043e\\u0440\\u043e\\u0434\\u0430"]}}]	9	66
406	2021-10-25 14:48:14.590883+03	300	Яркий букет в осенних оттенках	2	[]	9	66
407	2021-10-25 14:56:57.28729+03	300	Яркий букет в осенних оттенках	2	[{"changed": {"fields": ["\\u041a\\u043e\\u043b\\u0438\\u0447\\u0435\\u0441\\u0442\\u0432\\u043e", "\\u0410\\u043a\\u0442\\u0438\\u0432\\u043d\\u044b\\u0439", "\\u0413\\u043e\\u0442\\u043e\\u0432\\u044b\\u0439 \\u0431\\u0443\\u043a\\u0435\\u0442"]}}]	9	66
408	2021-10-25 14:57:48.754083+03	300	Яркий букет в осенних оттенках	2	[{"added": {"name": "\\u041a\\u0430\\u0440\\u0442\\u0438\\u043d\\u044b", "object": "\\u041a\\u0430\\u0440\\u0442\\u0438\\u043d\\u0430 \\u042f\\u0440\\u043a\\u0438\\u0439 \\u0431\\u0443\\u043a\\u0435\\u0442 \\u0432 \\u043e\\u0441\\u0435\\u043d\\u043d\\u0438\\u0445 \\u043e\\u0442\\u0442\\u0435\\u043d\\u043a\\u0430\\u0445"}}]	9	66
409	2021-10-25 14:58:41.133047+03	299	Букет роз сдобавлением эустомы и эвкалипта	2	[{"changed": {"fields": ["\\u0413\\u043e\\u0442\\u043e\\u0432\\u044b\\u0439 \\u0431\\u0443\\u043a\\u0435\\u0442"]}}]	9	66
410	2021-10-25 15:00:27.150897+03	299	Букет роз с добавлением эустомы и эвкалипта	2	[{"changed": {"fields": ["\\u041d\\u0430\\u0437\\u0432\\u0430\\u043d\\u0438\\u0435", "\\u041e\\u043f\\u0438\\u0441\\u0430\\u043d\\u0438\\u0435", "\\u0413\\u043e\\u0440\\u043e\\u0434\\u0430"]}}]	9	66
411	2021-10-25 15:05:16.312936+03	298	Нежная композиция	2	[{"changed": {"fields": ["\\u0413\\u043e\\u0440\\u043e\\u0434\\u0430"]}}]	9	66
412	2021-10-25 15:05:30.122313+03	299	Букет роз с добавлением эустомы и эвкалипта	2	[{"changed": {"fields": ["\\u0413\\u043e\\u0440\\u043e\\u0434\\u0430"]}}]	9	66
413	2021-10-25 15:06:54.536869+03	298	Нежная композиция	2	[{"changed": {"fields": ["\\u0413\\u043e\\u0442\\u043e\\u0432\\u044b\\u0439 \\u0431\\u0443\\u043a\\u0435\\u0442"]}}]	9	66
414	2021-10-25 15:08:46.223788+03	297	Нежный евробукет	2	[{"changed": {"fields": ["\\u0413\\u043e\\u0440\\u043e\\u0434\\u0430"]}}]	9	66
415	2021-10-25 15:09:12.88581+03	296	Евробукет с добавлением королевской гортензии	2	[{"changed": {"fields": ["\\u0413\\u043e\\u0440\\u043e\\u0434\\u0430"]}}]	9	66
1252	2021-11-29 07:19:47.126352+03	324	Композиция "Bubble Gum"	2	[]	9	66
416	2021-10-25 15:09:33.783162+03	295	Шикарный евробукет	2	[{"changed": {"fields": ["\\u0413\\u043e\\u0440\\u043e\\u0434\\u0430"]}}]	9	66
417	2021-10-25 15:10:58.353007+03	297	Нежный евробукет	2	[{"changed": {"fields": ["\\u0413\\u043e\\u0442\\u043e\\u0432\\u044b\\u0439 \\u0431\\u0443\\u043a\\u0435\\u0442"]}}]	9	66
418	2021-10-25 15:12:22.240323+03	296	Евробукет с добавлением королевской гортензии	2	[]	9	66
419	2021-10-25 15:12:35.419454+03	294	Нежная композиция	2	[{"changed": {"fields": ["\\u0413\\u043e\\u0440\\u043e\\u0434\\u0430"]}}]	9	66
420	2021-10-25 15:12:47.771802+03	293	Нежная композиция	2	[{"changed": {"fields": ["\\u0413\\u043e\\u0440\\u043e\\u0434\\u0430"]}}]	9	66
421	2021-10-25 15:12:57.870998+03	292	Нежный букет кустовых роз	2	[{"changed": {"fields": ["\\u0413\\u043e\\u0440\\u043e\\u0434\\u0430"]}}]	9	66
422	2021-10-25 15:13:50.511836+03	291	Нежный евробукет	2	[{"changed": {"fields": ["\\u0413\\u043e\\u0440\\u043e\\u0434\\u0430"]}}]	9	66
423	2021-10-25 15:14:02.403623+03	289	Нежный евробукет	2	[{"changed": {"fields": ["\\u0413\\u043e\\u0440\\u043e\\u0434\\u0430"]}}]	9	66
424	2021-10-25 15:14:18.257368+03	290	Облачко пионов	2	[{"changed": {"fields": ["\\u0413\\u043e\\u0440\\u043e\\u0434\\u0430"]}}]	9	66
425	2021-10-25 15:14:27.430276+03	288	Евробукет с добавлением королевской гортензии	2	[{"changed": {"fields": ["\\u0413\\u043e\\u0440\\u043e\\u0434\\u0430"]}}]	9	66
426	2021-10-25 15:14:37.555433+03	287	Букет роз	2	[{"changed": {"fields": ["\\u0413\\u043e\\u0440\\u043e\\u0434\\u0430"]}}]	9	66
427	2021-10-25 15:14:48.889649+03	286	Нежная композиция	2	[{"changed": {"fields": ["\\u0413\\u043e\\u0440\\u043e\\u0434\\u0430"]}}]	9	66
428	2021-10-25 15:15:05.954419+03	285	Нежный евробукет	2	[{"changed": {"fields": ["\\u0413\\u043e\\u0440\\u043e\\u0434\\u0430"]}}]	9	66
429	2021-10-25 15:15:17.601301+03	284	Нежная композиция	2	[{"changed": {"fields": ["\\u0413\\u043e\\u0440\\u043e\\u0434\\u0430"]}}]	9	66
430	2021-10-25 15:15:27.704907+03	283	Нежный букет	2	[{"changed": {"fields": ["\\u0413\\u043e\\u0440\\u043e\\u0434\\u0430"]}}]	9	66
431	2021-10-25 15:15:42.119568+03	282	Нежная композиция	2	[{"changed": {"fields": ["\\u0413\\u043e\\u0440\\u043e\\u0434\\u0430"]}}]	9	66
432	2021-10-25 15:15:55.003537+03	281	Летняя композиция	2	[{"changed": {"fields": ["\\u0413\\u043e\\u0440\\u043e\\u0434\\u0430"]}}]	9	66
433	2021-10-25 15:16:04.11874+03	279	Шикарный букет микс роз	2	[{"changed": {"fields": ["\\u0413\\u043e\\u0440\\u043e\\u0434\\u0430"]}}]	9	66
434	2021-10-25 15:16:15.233062+03	280	Нежная композиция	2	[{"changed": {"fields": ["\\u0413\\u043e\\u0440\\u043e\\u0434\\u0430"]}}]	9	66
435	2021-10-25 15:16:19.370026+03	280	Нежная композиция	2	[]	9	66
436	2021-10-25 15:16:30.323753+03	278	Евробукет	2	[{"changed": {"fields": ["\\u041d\\u0430\\u0437\\u0432\\u0430\\u043d\\u0438\\u0435", "\\u041e\\u043f\\u0438\\u0441\\u0430\\u043d\\u0438\\u0435", "\\u0413\\u043e\\u0440\\u043e\\u0434\\u0430"]}}]	9	66
437	2021-10-25 15:16:40.762128+03	277	Евробукет	2	[{"changed": {"fields": ["\\u041d\\u0430\\u0437\\u0432\\u0430\\u043d\\u0438\\u0435", "\\u0413\\u043e\\u0440\\u043e\\u0434\\u0430"]}}]	9	66
438	2021-10-25 15:17:56.720479+03	295	Шикарный евробукет	2	[{"changed": {"fields": ["\\u041a\\u043e\\u043c\\u043f\\u043e\\u0437\\u0438\\u0446\\u0438\\u0438"]}}]	9	66
439	2021-10-25 15:18:35.213061+03	296	Евробукет с добавлением королевской гортензии	2	[{"changed": {"fields": ["\\u0413\\u043e\\u0442\\u043e\\u0432\\u044b\\u0439 \\u0431\\u0443\\u043a\\u0435\\u0442"]}}]	9	66
440	2021-10-25 15:20:11.452351+03	276	Композиция	2	[{"changed": {"fields": ["\\u0413\\u043e\\u0440\\u043e\\u0434\\u0430"]}}]	9	66
441	2021-10-25 15:20:25.07749+03	275	Евробукет премиум класса	2	[{"changed": {"fields": ["\\u0413\\u043e\\u0440\\u043e\\u0434\\u0430"]}}]	9	66
442	2021-10-25 15:20:36.054338+03	274	Евробукет	2	[{"changed": {"fields": ["\\u041d\\u0430\\u0437\\u0432\\u0430\\u043d\\u0438\\u0435", "\\u041e\\u043f\\u0438\\u0441\\u0430\\u043d\\u0438\\u0435", "\\u0413\\u043e\\u0440\\u043e\\u0434\\u0430"]}}]	9	66
443	2021-10-25 15:20:47.174125+03	273	Яркая композиция	2	[{"changed": {"fields": ["\\u0413\\u043e\\u0440\\u043e\\u0434\\u0430"]}}]	9	66
444	2021-10-25 15:21:01.54894+03	272	Летняя композиция	2	[{"changed": {"fields": ["\\u0413\\u043e\\u0440\\u043e\\u0434\\u0430"]}}]	9	66
445	2021-10-25 15:21:13.313876+03	271	Нежный евробукет	2	[{"changed": {"fields": ["\\u0413\\u043e\\u0440\\u043e\\u0434\\u0430"]}}]	9	66
446	2021-10-25 15:21:34.826026+03	270	Букет роз	2	[{"changed": {"fields": ["\\u041a\\u043e\\u043c\\u043f\\u043e\\u0437\\u0438\\u0446\\u0438\\u0438", "\\u0413\\u043e\\u0440\\u043e\\u0434\\u0430"]}}]	9	66
447	2021-10-25 15:22:22.371648+03	269	Композиция	2	[{"changed": {"fields": ["\\u0413\\u043e\\u0440\\u043e\\u0434\\u0430"]}}]	9	66
448	2021-10-25 15:22:36.147744+03	268	Облако гипсофилы	2	[{"changed": {"fields": ["\\u0413\\u043e\\u0440\\u043e\\u0434\\u0430"]}}]	9	66
449	2021-10-25 15:22:50.753164+03	267	Композиция	2	[{"changed": {"fields": ["\\u0413\\u043e\\u0440\\u043e\\u0434\\u0430"]}}]	9	66
450	2021-10-25 15:25:40.790555+03	276	Интересная композиция из роз	2	[{"changed": {"fields": ["\\u041d\\u0430\\u0437\\u0432\\u0430\\u043d\\u0438\\u0435"]}}]	9	66
451	2021-10-25 15:26:19.514807+03	269	Яркая композиция с розами	2	[{"changed": {"fields": ["\\u041d\\u0430\\u0437\\u0432\\u0430\\u043d\\u0438\\u0435"]}}]	9	66
452	2021-10-25 15:27:14.896497+03	266	Букет признания в любви	2	[{"changed": {"fields": ["\\u0413\\u043e\\u0440\\u043e\\u0434\\u0430"]}}]	9	66
453	2021-10-25 15:29:05.5906+03	266	Букет признания в любви	2	[{"changed": {"fields": ["\\u0413\\u043e\\u0442\\u043e\\u0432\\u044b\\u0439 \\u0431\\u0443\\u043a\\u0435\\u0442", "\\u041a\\u043e\\u043c\\u043f\\u043e\\u0437\\u0438\\u0446\\u0438\\u0438"]}}]	9	66
454	2021-10-25 15:30:33.310129+03	265	Шикарный букет метровых роз	2	[{"changed": {"fields": ["\\u0413\\u043e\\u0440\\u043e\\u0434\\u0430"]}}]	9	66
455	2021-10-25 15:30:44.323415+03	264	Нежная композиция	2	[{"changed": {"fields": ["\\u041d\\u0430\\u0437\\u0432\\u0430\\u043d\\u0438\\u0435", "\\u041e\\u043f\\u0438\\u0441\\u0430\\u043d\\u0438\\u0435", "\\u0413\\u043e\\u0440\\u043e\\u0434\\u0430"]}}]	9	66
456	2021-10-25 15:31:02.039519+03	263	Евробукет	2	[{"changed": {"fields": ["\\u041d\\u0430\\u0437\\u0432\\u0430\\u043d\\u0438\\u0435", "\\u041e\\u043f\\u0438\\u0441\\u0430\\u043d\\u0438\\u0435", "\\u0413\\u043e\\u0440\\u043e\\u0434\\u0430"]}}]	9	66
457	2021-10-26 08:13:44.405038+03	261	Евробукет	2	[{"changed": {"fields": ["\\u041d\\u0430\\u0437\\u0432\\u0430\\u043d\\u0438\\u0435", "\\u041e\\u043f\\u0438\\u0441\\u0430\\u043d\\u0438\\u0435", "\\u0413\\u043e\\u0440\\u043e\\u0434\\u0430"]}}]	9	66
458	2021-10-26 08:15:33.714347+03	262	Букет роз	2	[{"changed": {"fields": ["\\u0413\\u043e\\u0440\\u043e\\u0434\\u0430"]}}]	9	66
459	2021-10-26 08:19:14.585797+03	260	Евробукет	2	[{"changed": {"fields": ["\\u041d\\u0430\\u0437\\u0432\\u0430\\u043d\\u0438\\u0435", "\\u041e\\u043f\\u0438\\u0441\\u0430\\u043d\\u0438\\u0435", "\\u0413\\u043e\\u0440\\u043e\\u0434\\u0430"]}}]	9	66
460	2021-10-26 08:19:47.475115+03	259	Евробукет премиум класса	2	[{"changed": {"fields": ["\\u0413\\u043e\\u0440\\u043e\\u0434\\u0430"]}}]	9	66
461	2021-10-26 08:20:36.601932+03	258	Воздушное облако гипсофилы	2	[{"changed": {"fields": ["\\u0413\\u043e\\u0440\\u043e\\u0434\\u0430"]}}]	9	66
462	2021-10-26 08:21:14.006207+03	257	Сладкая композиция	2	[{"changed": {"fields": ["\\u0413\\u043e\\u0440\\u043e\\u0434\\u0430"]}}]	9	66
463	2021-10-26 08:21:48.767408+03	256	Шикарный букет роз	2	[{"changed": {"fields": ["\\u0413\\u043e\\u0440\\u043e\\u0434\\u0430"]}}]	9	66
464	2021-10-26 08:22:22.519448+03	255	Нежный букет	2	[{"changed": {"fields": ["\\u0413\\u043e\\u0440\\u043e\\u0434\\u0430"]}}]	9	66
465	2021-10-26 08:24:00.739431+03	254	Облако гипсофилы	2	[{"changed": {"fields": ["\\u0413\\u043e\\u0440\\u043e\\u0434\\u0430"]}}]	9	66
466	2021-10-26 08:25:28.748346+03	253	Сборный евробукет	2	[{"changed": {"fields": ["\\u0413\\u043e\\u0440\\u043e\\u0434\\u0430"]}}]	9	66
467	2021-10-26 08:28:35.86698+03	252	Сборный евробукет	2	[{"changed": {"fields": ["\\u0413\\u043e\\u0440\\u043e\\u0434\\u0430"]}}]	9	66
468	2021-10-26 08:29:37.961939+03	251	Нежный букет пионов	2	[{"changed": {"fields": ["\\u0413\\u043e\\u0440\\u043e\\u0434\\u0430"]}}]	9	66
469	2021-10-26 08:30:38.308567+03	250	Сборный евробукет	2	[{"changed": {"fields": ["\\u0413\\u043e\\u0440\\u043e\\u0434\\u0430"]}}]	9	66
470	2021-10-26 08:31:08.53323+03	249	Сладкая композиция	2	[{"changed": {"fields": ["\\u0413\\u043e\\u0440\\u043e\\u0434\\u0430"]}}]	9	66
471	2021-10-26 08:32:59.58149+03	248	Яркий букет роз	2	[{"changed": {"fields": ["\\u0413\\u043e\\u0440\\u043e\\u0434\\u0430"]}}]	9	66
472	2021-10-26 08:33:42.538226+03	247	Облако гипсофилы	2	[{"changed": {"fields": ["\\u0413\\u043e\\u0440\\u043e\\u0434\\u0430"]}}]	9	66
473	2021-10-26 08:34:42.103626+03	246	Композиция	2	[{"changed": {"fields": ["\\u0413\\u043e\\u0440\\u043e\\u0434\\u0430"]}}]	9	66
474	2021-10-26 08:36:06.077285+03	245	Евробукет	2	[{"changed": {"fields": ["\\u041d\\u0430\\u0437\\u0432\\u0430\\u043d\\u0438\\u0435", "\\u041e\\u043f\\u0438\\u0441\\u0430\\u043d\\u0438\\u0435", "\\u0413\\u043e\\u0440\\u043e\\u0434\\u0430"]}}]	9	66
475	2021-10-26 08:37:01.7783+03	244	Букет роз	2	[{"changed": {"fields": ["\\u0413\\u043e\\u0440\\u043e\\u0434\\u0430"]}}]	9	66
476	2021-10-26 08:37:51.373406+03	243	Букет роз	2	[{"changed": {"fields": ["\\u0413\\u043e\\u0440\\u043e\\u0434\\u0430"]}}]	9	66
477	2021-10-26 08:38:51.37369+03	242	Евробукет	2	[{"changed": {"fields": ["\\u041d\\u0430\\u0437\\u0432\\u0430\\u043d\\u0438\\u0435", "\\u041e\\u043f\\u0438\\u0441\\u0430\\u043d\\u0438\\u0435", "\\u0413\\u043e\\u0440\\u043e\\u0434\\u0430"]}}]	9	66
478	2021-10-26 08:39:22.986942+03	241	Яркий букет	2	[{"changed": {"fields": ["\\u0413\\u043e\\u0440\\u043e\\u0434\\u0430"]}}]	9	66
479	2021-10-26 08:39:44.702262+03	240	Яркая композиция роз	2	[{"changed": {"fields": ["\\u0413\\u043e\\u0440\\u043e\\u0434\\u0430"]}}]	9	66
480	2021-10-26 08:40:26.028858+03	239	Композиция премиум класса	2	[{"changed": {"fields": ["\\u0413\\u043e\\u0440\\u043e\\u0434\\u0430"]}}]	9	66
481	2021-10-26 08:41:09.105935+03	238	Букет с пионами	2	[{"changed": {"fields": ["\\u0413\\u043e\\u0440\\u043e\\u0434\\u0430"]}}]	9	66
482	2021-10-26 08:46:51.173336+03	237	Шикарный букет нежных роз	2	[{"changed": {"fields": ["\\u0413\\u043e\\u0440\\u043e\\u0434\\u0430"]}}]	9	66
483	2021-10-26 08:47:22.553501+03	236	Евробукет	2	[{"changed": {"fields": ["\\u041d\\u0430\\u0437\\u0432\\u0430\\u043d\\u0438\\u0435", "\\u0413\\u043e\\u0440\\u043e\\u0434\\u0430"]}}]	9	66
484	2021-10-26 08:47:51.67291+03	235	Яркая композиция	2	[{"changed": {"fields": ["\\u0413\\u043e\\u0440\\u043e\\u0434\\u0430"]}}]	9	66
485	2021-10-26 08:48:28.458436+03	234	Нежный евробукет	2	[{"changed": {"fields": ["\\u0413\\u043e\\u0440\\u043e\\u0434\\u0430"]}}]	9	66
486	2021-10-26 08:48:47.40832+03	233	Облако гипсофилы	2	[{"changed": {"fields": ["\\u0413\\u043e\\u0440\\u043e\\u0434\\u0430"]}}]	9	66
487	2021-10-26 08:49:25.747325+03	232	Сборный евробукет	2	[{"changed": {"fields": ["\\u0413\\u043e\\u0440\\u043e\\u0434\\u0430"]}}]	9	66
488	2021-10-26 08:50:12.426091+03	231	Стильная композиция	2	[{"changed": {"fields": ["\\u0413\\u043e\\u0440\\u043e\\u0434\\u0430"]}}]	9	66
489	2021-10-26 08:50:39.996937+03	230	Нежный евробукет	2	[{"changed": {"fields": ["\\u0413\\u043e\\u0440\\u043e\\u0434\\u0430"]}}]	9	66
490	2021-10-26 09:02:36.833446+03	301	Евробукет из роз	1	[{"added": {}}, {"added": {"name": "\\u041a\\u0430\\u0440\\u0442\\u0438\\u043d\\u044b", "object": "\\u041a\\u0430\\u0440\\u0442\\u0438\\u043d\\u0430 \\u0415\\u0432\\u0440\\u043e\\u0431\\u0443\\u043a\\u0435\\u0442 \\u0438\\u0437 \\u0440\\u043e\\u0437"}}]	9	66
491	2021-10-26 09:31:30.448935+03	302	Букет в нежных оттенках	1	[{"added": {}}, {"added": {"name": "\\u041a\\u0430\\u0440\\u0442\\u0438\\u043d\\u044b", "object": "\\u041a\\u0430\\u0440\\u0442\\u0438\\u043d\\u0430 \\u0411\\u0443\\u043a\\u0435\\u0442 \\u0432 \\u043d\\u0435\\u0436\\u043d\\u044b\\u0445 \\u043e\\u0442\\u0442\\u0435\\u043d\\u043a\\u0430\\u0445"}}]	9	66
492	2021-10-26 09:39:14.870049+03	302	Букет в нежных оттенках	2	[{"changed": {"fields": ["\\u041a\\u043e\\u043c\\u043f\\u043e\\u0437\\u0438\\u0446\\u0438\\u0438"]}}]	9	66
493	2021-10-26 09:51:58.394638+03	303	Яркий букет из роз	1	[{"added": {}}, {"added": {"name": "\\u041a\\u0430\\u0440\\u0442\\u0438\\u043d\\u044b", "object": "\\u041a\\u0430\\u0440\\u0442\\u0438\\u043d\\u0430 \\u042f\\u0440\\u043a\\u0438\\u0439 \\u0431\\u0443\\u043a\\u0435\\u0442 \\u0438\\u0437 \\u0440\\u043e\\u0437"}}]	9	66
494	2021-10-26 09:55:08.977005+03	304	Монобукет роз	1	[{"added": {}}, {"added": {"name": "\\u041a\\u0430\\u0440\\u0442\\u0438\\u043d\\u044b", "object": "\\u041a\\u0430\\u0440\\u0442\\u0438\\u043d\\u0430 \\u041c\\u043e\\u043d\\u043e\\u0431\\u0443\\u043a\\u0435\\u0442 \\u0440\\u043e\\u0437"}}]	9	66
495	2021-10-26 10:08:05.569832+03	305	Яркый букет роз	1	[{"added": {}}, {"added": {"name": "\\u041a\\u0430\\u0440\\u0442\\u0438\\u043d\\u044b", "object": "\\u041a\\u0430\\u0440\\u0442\\u0438\\u043d\\u0430 \\u042f\\u0440\\u043a\\u044b\\u0439 \\u0431\\u0443\\u043a\\u0435\\u0442 \\u0440\\u043e\\u0437"}}]	9	66
496	2021-10-26 10:11:54.088009+03	306	Шикарные розы	1	[{"added": {}}, {"added": {"name": "\\u041a\\u0430\\u0440\\u0442\\u0438\\u043d\\u044b", "object": "\\u041a\\u0430\\u0440\\u0442\\u0438\\u043d\\u0430 \\u0428\\u0438\\u043a\\u0430\\u0440\\u043d\\u044b\\u0435 \\u0440\\u043e\\u0437\\u044b"}}]	9	66
497	2021-10-26 10:13:04.210986+03	306	Шикарные розы	2	[{"changed": {"fields": ["\\u0410\\u043a\\u0446\\u0438\\u044f"]}}]	9	66
498	2021-10-26 10:14:38.001915+03	300	Яркий букет в осенних оттенках	2	[{"changed": {"fields": ["\\u0413\\u043e\\u0442\\u043e\\u0432\\u044b\\u0439 \\u0431\\u0443\\u043a\\u0435\\u0442"]}}]	9	66
533	2021-10-26 11:46:30.986361+03	305	Яркий букет роз	2	[]	9	66
499	2021-10-26 10:14:38.006801+03	299	Букет роз с добавлением эустомы и эвкалипта	2	[{"changed": {"fields": ["\\u0413\\u043e\\u0442\\u043e\\u0432\\u044b\\u0439 \\u0431\\u0443\\u043a\\u0435\\u0442"]}}]	9	66
1254	2021-11-29 07:21:07.935343+03	323	Букет "Roses"	2	[{"changed": {"fields": ["\\u0410\\u043a\\u0446\\u0438\\u044f"]}}]	9	66
500	2021-10-26 10:14:38.011621+03	298	Нежная композиция	2	[{"changed": {"fields": ["\\u0413\\u043e\\u0442\\u043e\\u0432\\u044b\\u0439 \\u0431\\u0443\\u043a\\u0435\\u0442"]}}]	9	66
501	2021-10-26 10:14:38.015419+03	297	Нежный евробукет	2	[{"changed": {"fields": ["\\u0413\\u043e\\u0442\\u043e\\u0432\\u044b\\u0439 \\u0431\\u0443\\u043a\\u0435\\u0442"]}}]	9	66
502	2021-10-26 10:14:38.019459+03	296	Евробукет с добавлением королевской гортензии	2	[{"changed": {"fields": ["\\u0413\\u043e\\u0442\\u043e\\u0432\\u044b\\u0439 \\u0431\\u0443\\u043a\\u0435\\u0442"]}}]	9	66
503	2021-10-26 10:15:23.052554+03	266	Букет признания в любви	2	[{"changed": {"fields": ["\\u0413\\u043e\\u0442\\u043e\\u0432\\u044b\\u0439 \\u0431\\u0443\\u043a\\u0435\\u0442"]}}]	9	66
504	2021-10-26 10:16:04.634927+03	306	Шикарные розы	2	[{"changed": {"fields": ["\\u0413\\u043e\\u0442\\u043e\\u0432\\u044b\\u0439 \\u0431\\u0443\\u043a\\u0435\\u0442"]}}]	9	66
505	2021-10-26 10:16:04.638786+03	305	Яркый букет роз	2	[{"changed": {"fields": ["\\u0413\\u043e\\u0442\\u043e\\u0432\\u044b\\u0439 \\u0431\\u0443\\u043a\\u0435\\u0442"]}}]	9	66
506	2021-10-26 10:16:04.641217+03	304	Монобукет роз	2	[{"changed": {"fields": ["\\u0413\\u043e\\u0442\\u043e\\u0432\\u044b\\u0439 \\u0431\\u0443\\u043a\\u0435\\u0442"]}}]	9	66
507	2021-10-26 10:16:04.645014+03	303	Яркий букет из роз	2	[{"changed": {"fields": ["\\u0413\\u043e\\u0442\\u043e\\u0432\\u044b\\u0439 \\u0431\\u0443\\u043a\\u0435\\u0442"]}}]	9	66
508	2021-10-26 10:16:04.647584+03	302	Букет в нежных оттенках	2	[{"changed": {"fields": ["\\u0413\\u043e\\u0442\\u043e\\u0432\\u044b\\u0439 \\u0431\\u0443\\u043a\\u0435\\u0442"]}}]	9	66
509	2021-10-26 10:16:04.651055+03	301	Евробукет из роз	2	[{"changed": {"fields": ["\\u0413\\u043e\\u0442\\u043e\\u0432\\u044b\\u0439 \\u0431\\u0443\\u043a\\u0435\\u0442"]}}]	9	66
510	2021-10-26 10:16:04.653945+03	300	Яркий букет в осенних оттенках	2	[{"changed": {"fields": ["\\u0413\\u043e\\u0442\\u043e\\u0432\\u044b\\u0439 \\u0431\\u0443\\u043a\\u0435\\u0442"]}}]	9	66
511	2021-10-26 10:16:04.657207+03	299	Букет роз с добавлением эустомы и эвкалипта	2	[{"changed": {"fields": ["\\u0413\\u043e\\u0442\\u043e\\u0432\\u044b\\u0439 \\u0431\\u0443\\u043a\\u0435\\u0442"]}}]	9	66
512	2021-10-26 10:16:04.71806+03	306	Шикарные розы	2	[{"changed": {"fields": ["\\u0413\\u043e\\u0442\\u043e\\u0432\\u044b\\u0439 \\u0431\\u0443\\u043a\\u0435\\u0442"]}}]	9	66
513	2021-10-26 10:16:04.722176+03	305	Яркый букет роз	2	[{"changed": {"fields": ["\\u0413\\u043e\\u0442\\u043e\\u0432\\u044b\\u0439 \\u0431\\u0443\\u043a\\u0435\\u0442"]}}]	9	66
514	2021-10-26 10:16:04.72618+03	304	Монобукет роз	2	[{"changed": {"fields": ["\\u0413\\u043e\\u0442\\u043e\\u0432\\u044b\\u0439 \\u0431\\u0443\\u043a\\u0435\\u0442"]}}]	9	66
515	2021-10-26 10:16:04.730192+03	303	Яркий букет из роз	2	[{"changed": {"fields": ["\\u0413\\u043e\\u0442\\u043e\\u0432\\u044b\\u0439 \\u0431\\u0443\\u043a\\u0435\\u0442"]}}]	9	66
516	2021-10-26 10:16:04.734266+03	302	Букет в нежных оттенках	2	[{"changed": {"fields": ["\\u0413\\u043e\\u0442\\u043e\\u0432\\u044b\\u0439 \\u0431\\u0443\\u043a\\u0435\\u0442"]}}]	9	66
517	2021-10-26 10:16:04.738105+03	301	Евробукет из роз	2	[{"changed": {"fields": ["\\u0413\\u043e\\u0442\\u043e\\u0432\\u044b\\u0439 \\u0431\\u0443\\u043a\\u0435\\u0442"]}}]	9	66
518	2021-10-26 10:16:04.741341+03	300	Яркий букет в осенних оттенках	2	[{"changed": {"fields": ["\\u0413\\u043e\\u0442\\u043e\\u0432\\u044b\\u0439 \\u0431\\u0443\\u043a\\u0435\\u0442"]}}]	9	66
519	2021-10-26 10:16:04.744768+03	299	Букет роз с добавлением эустомы и эвкалипта	2	[{"changed": {"fields": ["\\u0413\\u043e\\u0442\\u043e\\u0432\\u044b\\u0439 \\u0431\\u0443\\u043a\\u0435\\u0442"]}}]	9	66
520	2021-10-26 10:19:20.761636+03	298	Нежная композиция	2	[{"changed": {"fields": ["\\u0413\\u043e\\u0442\\u043e\\u0432\\u044b\\u0439 \\u0431\\u0443\\u043a\\u0435\\u0442"]}}]	9	66
521	2021-10-26 10:27:09.819627+03	307	Облако гипсофилы	1	[{"added": {}}]	9	66
522	2021-10-26 10:27:21.134339+03	307	Облако гипсофилы	2	[{"added": {"name": "\\u041a\\u0430\\u0440\\u0442\\u0438\\u043d\\u044b", "object": "\\u041a\\u0430\\u0440\\u0442\\u0438\\u043d\\u0430 \\u041e\\u0431\\u043b\\u0430\\u043a\\u043e \\u0433\\u0438\\u043f\\u0441\\u043e\\u0444\\u0438\\u043b\\u044b"}}]	9	66
523	2021-10-26 10:35:16.296757+03	308	Шикарный букет с гортензией	1	[{"added": {}}, {"added": {"name": "\\u041a\\u0430\\u0440\\u0442\\u0438\\u043d\\u044b", "object": "\\u041a\\u0430\\u0440\\u0442\\u0438\\u043d\\u0430 \\u0428\\u0438\\u043a\\u0430\\u0440\\u043d\\u044b\\u0439 \\u0431\\u0443\\u043a\\u0435\\u0442 \\u0441 \\u0433\\u043e\\u0440\\u0442\\u0435\\u043d\\u0437\\u0438\\u0435\\u0439"}}]	9	66
524	2021-10-26 10:40:24.690442+03	309	Евробукет с необычными розами	1	[{"added": {}}, {"added": {"name": "\\u041a\\u0430\\u0440\\u0442\\u0438\\u043d\\u044b", "object": "\\u041a\\u0430\\u0440\\u0442\\u0438\\u043d\\u0430 \\u0415\\u0432\\u0440\\u043e\\u0431\\u0443\\u043a\\u0435\\u0442 \\u0441 \\u043d\\u0435\\u043e\\u0431\\u044b\\u0447\\u043d\\u044b\\u043c\\u0438 \\u0440\\u043e\\u0437\\u0430\\u043c\\u0438"}}]	9	66
525	2021-10-26 10:46:08.719317+03	310	Шикарные нежные розы	1	[{"added": {}}, {"added": {"name": "\\u041a\\u0430\\u0440\\u0442\\u0438\\u043d\\u044b", "object": "\\u041a\\u0430\\u0440\\u0442\\u0438\\u043d\\u0430 \\u0428\\u0438\\u043a\\u0430\\u0440\\u043d\\u044b\\u0435 \\u043d\\u0435\\u0436\\u043d\\u044b\\u0435 \\u0440\\u043e\\u0437\\u044b"}}]	9	66
526	2021-10-26 10:48:19.952369+03	311	Яркий букет роз	1	[{"added": {}}, {"added": {"name": "\\u041a\\u0430\\u0440\\u0442\\u0438\\u043d\\u044b", "object": "\\u041a\\u0430\\u0440\\u0442\\u0438\\u043d\\u0430 \\u042f\\u0440\\u043a\\u0438\\u0439 \\u0431\\u0443\\u043a\\u0435\\u0442 \\u0440\\u043e\\u0437"}}]	9	66
527	2021-10-26 10:56:46.492949+03	312	Евробукет с добавлением хризантемы	1	[{"added": {}}, {"added": {"name": "\\u041a\\u0430\\u0440\\u0442\\u0438\\u043d\\u044b", "object": "\\u041a\\u0430\\u0440\\u0442\\u0438\\u043d\\u0430 \\u0415\\u0432\\u0440\\u043e\\u0431\\u0443\\u043a\\u0435\\u0442 \\u0441 \\u0434\\u043e\\u0431\\u0430\\u0432\\u043b\\u0435\\u043d\\u0438\\u0435\\u043c \\u0445\\u0440\\u0438\\u0437\\u0430\\u043d\\u0442\\u0435\\u043c\\u044b"}}]	9	66
528	2021-10-26 11:42:48.824401+03	306	Шикарные розы	2	[{"changed": {"fields": ["\\u0426\\u0435\\u043d\\u0430", "\\u0410\\u043a\\u0446\\u0438\\u044f", "\\u041f\\u0440\\u043e\\u0446\\u0435\\u043d\\u0442 \\u0441\\u043a\\u0438\\u0434\\u043a\\u0438"]}}]	9	66
529	2021-10-26 11:43:12.08171+03	306	Шикарные розы	2	[{"changed": {"fields": ["\\u041f\\u0440\\u043e\\u0446\\u0435\\u043d\\u0442 \\u0441\\u043a\\u0438\\u0434\\u043a\\u0438"]}}]	9	66
530	2021-10-26 11:43:45.915704+03	306	Шикарные розы	2	[{"changed": {"fields": ["\\u0426\\u0435\\u043d\\u0430", "\\u041f\\u0440\\u043e\\u0446\\u0435\\u043d\\u0442 \\u0441\\u043a\\u0438\\u0434\\u043a\\u0438"]}}]	9	66
531	2021-10-26 11:46:11.556733+03	305	Яркий букет роз	2	[{"changed": {"fields": ["\\u041d\\u0430\\u0437\\u0432\\u0430\\u043d\\u0438\\u0435", "\\u0426\\u0435\\u043d\\u0430", "\\u041f\\u0440\\u043e\\u0446\\u0435\\u043d\\u0442 \\u0441\\u043a\\u0438\\u0434\\u043a\\u0438"]}}]	9	66
532	2021-10-26 11:46:29.442014+03	305	Яркий букет роз	2	[]	9	66
534	2021-10-26 11:46:50.729952+03	305	Яркий букет роз	2	[]	9	66
626	2021-10-28 15:42:58.895363+03	310	Букет "Розовый жемчуг"	2	[{"changed": {"fields": ["\\u041a\\u043e\\u043c\\u043f\\u043e\\u0437\\u0438\\u0446\\u0438\\u0438"]}}]	9	66
535	2021-10-26 11:47:32.159634+03	305	Яркий букет роз	2	[{"changed": {"fields": ["\\u0426\\u0435\\u043d\\u0430", "\\u041f\\u0440\\u043e\\u0446\\u0435\\u043d\\u0442 \\u0441\\u043a\\u0438\\u0434\\u043a\\u0438"]}}]	9	66
536	2021-10-26 11:47:47.664913+03	305	Яркий букет роз	2	[{"changed": {"fields": ["\\u0410\\u043a\\u0446\\u0438\\u044f"]}}]	9	66
537	2021-10-26 11:48:17.490214+03	304	Монобукет роз	2	[{"changed": {"fields": ["\\u0410\\u043a\\u0446\\u0438\\u044f", "\\u041f\\u0440\\u043e\\u0446\\u0435\\u043d\\u0442 \\u0441\\u043a\\u0438\\u0434\\u043a\\u0438"]}}]	9	66
538	2021-10-26 11:48:55.043584+03	303	Яркий букет из роз	2	[{"changed": {"fields": ["\\u0410\\u043a\\u0446\\u0438\\u044f", "\\u041f\\u0440\\u043e\\u0446\\u0435\\u043d\\u0442 \\u0441\\u043a\\u0438\\u0434\\u043a\\u0438"]}}]	9	66
539	2021-10-26 11:49:41.278926+03	302	Букет в нежных оттенках	2	[{"changed": {"fields": ["\\u0426\\u0435\\u043d\\u0430", "\\u0410\\u043a\\u0446\\u0438\\u044f", "\\u041f\\u0440\\u043e\\u0446\\u0435\\u043d\\u0442 \\u0441\\u043a\\u0438\\u0434\\u043a\\u0438"]}}]	9	66
540	2021-10-26 11:50:52.92803+03	301	Микс из 101 розы	2	[{"changed": {"fields": ["\\u041d\\u0430\\u0437\\u0432\\u0430\\u043d\\u0438\\u0435", "\\u041e\\u043f\\u0438\\u0441\\u0430\\u043d\\u0438\\u0435", "\\u0426\\u0435\\u043d\\u0430", "\\u0410\\u043a\\u0446\\u0438\\u044f", "\\u041f\\u0440\\u043e\\u0446\\u0435\\u043d\\u0442 \\u0441\\u043a\\u0438\\u0434\\u043a\\u0438"]}}]	9	66
541	2021-10-26 11:51:25.730501+03	299	Букет роз с добавлением эустомы и эвкалипта	2	[{"changed": {"fields": ["\\u0410\\u043a\\u0446\\u0438\\u044f", "\\u041f\\u0440\\u043e\\u0446\\u0435\\u043d\\u0442 \\u0441\\u043a\\u0438\\u0434\\u043a\\u0438"]}}]	9	66
542	2021-10-26 11:51:56.942458+03	298	Нежная композиция	2	[{"changed": {"fields": ["\\u041f\\u0440\\u043e\\u0446\\u0435\\u043d\\u0442 \\u0441\\u043a\\u0438\\u0434\\u043a\\u0438"]}}]	9	66
543	2021-10-26 11:52:04.531179+03	298	Нежная композиция	2	[{"changed": {"fields": ["\\u0410\\u043a\\u0446\\u0438\\u044f"]}}]	9	66
544	2021-10-26 11:53:05.109003+03	301	Микс из 101 розы	2	[]	9	66
545	2021-10-26 11:54:19.775344+03	312	Евробукет с добавлением хризантемы	2	[{"changed": {"fields": ["\\u041f\\u0440\\u043e\\u0446\\u0435\\u043d\\u0442 \\u0441\\u043a\\u0438\\u0434\\u043a\\u0438"]}}]	9	66
546	2021-10-26 11:54:28.382239+03	312	Евробукет с добавлением хризантемы	2	[{"changed": {"fields": ["\\u0410\\u043a\\u0446\\u0438\\u044f"]}}]	9	66
547	2021-10-26 11:55:11.053467+03	296	Евробукет с добавлением королевской гортензии	2	[{"changed": {"fields": ["\\u0410\\u043a\\u0446\\u0438\\u044f", "\\u041f\\u0440\\u043e\\u0446\\u0435\\u043d\\u0442 \\u0441\\u043a\\u0438\\u0434\\u043a\\u0438"]}}]	9	66
548	2021-10-26 11:55:56.813689+03	308	Шикарный букет с гортензией	2	[{"changed": {"fields": ["\\u0410\\u043a\\u0446\\u0438\\u044f", "\\u041f\\u0440\\u043e\\u0446\\u0435\\u043d\\u0442 \\u0441\\u043a\\u0438\\u0434\\u043a\\u0438"]}}]	9	66
549	2021-10-26 12:44:37.067744+03	1	Коробка с цветами "пламя любви"	2	[{"changed": {"fields": ["\\u041d\\u0430\\u0437\\u0432\\u0430\\u043d\\u0438\\u0435", "\\u041e\\u043f\\u0438\\u0441\\u0430\\u043d\\u0438\\u0435", "\\u041f\\u043e\\u0432\\u043e\\u0434\\u044b", "\\u0410\\u043a\\u0446\\u0438\\u044f"]}}]	9	66
550	2021-10-26 12:45:13.109436+03	1	Коробка с цветами "пламя любви"	2	[{"changed": {"fields": ["\\u0413\\u043e\\u0442\\u043e\\u0432\\u044b\\u0439 \\u0431\\u0443\\u043a\\u0435\\u0442", "\\u041a\\u043e\\u043c\\u043f\\u043e\\u0437\\u0438\\u0446\\u0438\\u0438", "\\u0413\\u043e\\u0440\\u043e\\u0434\\u0430"]}}]	9	66
551	2021-10-26 12:45:56.996608+03	1	Коробка с цветами "пламя любви"	2	[]	9	66
552	2021-10-26 12:54:05.725801+03	1	Коробка с цветами "пламя любви"	2	[{"changed": {"fields": ["\\u041e\\u043f\\u0438\\u0441\\u0430\\u043d\\u0438\\u0435"]}}]	9	66
553	2021-10-26 13:02:50.690021+03	2	Букет "притяжение"	2	[{"changed": {"fields": ["\\u041d\\u0430\\u0437\\u0432\\u0430\\u043d\\u0438\\u0435", "\\u041e\\u043f\\u0438\\u0441\\u0430\\u043d\\u0438\\u0435", "\\u0413\\u043e\\u0442\\u043e\\u0432\\u044b\\u0439 \\u0431\\u0443\\u043a\\u0435\\u0442", "\\u041a\\u043e\\u043c\\u043f\\u043e\\u0437\\u0438\\u0446\\u0438\\u0438", "\\u0413\\u043e\\u0440\\u043e\\u0434\\u0430"]}}]	9	66
554	2021-10-26 13:09:58.882994+03	312	Букет "нежность"	2	[{"changed": {"fields": ["\\u041d\\u0430\\u0437\\u0432\\u0430\\u043d\\u0438\\u0435", "\\u041e\\u043f\\u0438\\u0441\\u0430\\u043d\\u0438\\u0435", "8 \\u043c\\u0430\\u0440\\u0442"]}}]	9	66
555	2021-10-26 13:11:30.011804+03	311	Букет "эйфория"	2	[{"changed": {"fields": ["\\u041d\\u0430\\u0437\\u0432\\u0430\\u043d\\u0438\\u0435", "\\u041e\\u043f\\u0438\\u0441\\u0430\\u043d\\u0438\\u0435", "8 \\u043c\\u0430\\u0440\\u0442"]}}]	9	66
556	2021-10-26 13:12:02.62813+03	312	Букет "Нежность"	2	[{"changed": {"fields": ["\\u041d\\u0430\\u0437\\u0432\\u0430\\u043d\\u0438\\u0435"]}}]	9	66
557	2021-10-26 13:12:15.241351+03	311	Букет "Эйфория"	2	[{"changed": {"fields": ["\\u041d\\u0430\\u0437\\u0432\\u0430\\u043d\\u0438\\u0435"]}}]	9	66
558	2021-10-26 13:14:21.504103+03	310	Букет "Розовый жемчуг"	2	[{"changed": {"fields": ["\\u041d\\u0430\\u0437\\u0432\\u0430\\u043d\\u0438\\u0435", "\\u041e\\u043f\\u0438\\u0441\\u0430\\u043d\\u0438\\u0435", "8 \\u043c\\u0430\\u0440\\u0442"]}}]	9	66
559	2021-10-26 13:15:26.846009+03	309	Букет "Романтический сад"	2	[{"changed": {"fields": ["\\u041d\\u0430\\u0437\\u0432\\u0430\\u043d\\u0438\\u0435", "\\u041e\\u043f\\u0438\\u0441\\u0430\\u043d\\u0438\\u0435", "8 \\u043c\\u0430\\u0440\\u0442"]}}]	9	66
560	2021-10-26 13:31:08.088542+03	308	Букет "Джульетта"	2	[{"changed": {"fields": ["\\u041d\\u0430\\u0437\\u0432\\u0430\\u043d\\u0438\\u0435", "\\u041e\\u043f\\u0438\\u0441\\u0430\\u043d\\u0438\\u0435"]}}]	9	66
561	2021-10-26 13:36:26.856992+03	307	Букет "Радужное свечение"	2	[{"changed": {"fields": ["\\u041d\\u0430\\u0437\\u0432\\u0430\\u043d\\u0438\\u0435", "\\u041e\\u043f\\u0438\\u0441\\u0430\\u043d\\u0438\\u0435", "8 \\u043c\\u0430\\u0440\\u0442"]}}]	9	66
562	2021-10-26 13:50:35.969285+03	306	Букет "Малиновый сад"	2	[{"changed": {"fields": ["\\u041d\\u0430\\u0437\\u0432\\u0430\\u043d\\u0438\\u0435", "\\u041e\\u043f\\u0438\\u0441\\u0430\\u043d\\u0438\\u0435", "\\u0413\\u043e\\u0442\\u043e\\u0432\\u044b\\u0439 \\u0431\\u0443\\u043a\\u0435\\u0442", "\\u041a\\u043e\\u043c\\u043f\\u043e\\u0437\\u0438\\u0446\\u0438\\u0438", "8 \\u043c\\u0430\\u0440\\u0442"]}}]	9	66
563	2021-10-26 13:51:59.769467+03	305	Букет "Марс"	2	[{"changed": {"fields": ["\\u041d\\u0430\\u0437\\u0432\\u0430\\u043d\\u0438\\u0435", "\\u041e\\u043f\\u0438\\u0441\\u0430\\u043d\\u0438\\u0435", "\\u0413\\u043e\\u0442\\u043e\\u0432\\u044b\\u0439 \\u0431\\u0443\\u043a\\u0435\\u0442", "8 \\u043c\\u0430\\u0440\\u0442"]}}]	9	66
564	2021-10-26 13:52:28.833484+03	305	Букет "Марс"	2	[{"changed": {"fields": ["\\u0413\\u043e\\u0442\\u043e\\u0432\\u044b\\u0439 \\u0431\\u0443\\u043a\\u0435\\u0442"]}}]	9	66
565	2021-10-26 13:52:39.720757+03	306	Букет "Малиновый сад"	2	[{"changed": {"fields": ["\\u0413\\u043e\\u0442\\u043e\\u0432\\u044b\\u0439 \\u0431\\u0443\\u043a\\u0435\\u0442"]}}]	9	66
566	2021-10-26 13:54:10.344269+03	304	Букет "Уточненность"	2	[{"changed": {"fields": ["\\u041d\\u0430\\u0437\\u0432\\u0430\\u043d\\u0438\\u0435", "\\u041e\\u043f\\u0438\\u0441\\u0430\\u043d\\u0438\\u0435", "8 \\u043c\\u0430\\u0440\\u0442"]}}]	9	66
668	2021-11-02 14:13:43.443508+03	305	Букет "Марс"	3		9	66
1375	2022-04-07 12:33:13.947903+03	670	Заявка 11111111111	3		18	230
567	2021-10-26 13:58:11.764502+03	303	Букет "Малиновый тарт"	2	[{"changed": {"fields": ["\\u041d\\u0430\\u0437\\u0432\\u0430\\u043d\\u0438\\u0435", "\\u041e\\u043f\\u0438\\u0441\\u0430\\u043d\\u0438\\u0435", "8 \\u043c\\u0430\\u0440\\u0442"]}}]	9	66
568	2021-10-26 13:59:10.844235+03	302	Букет "Романс"	2	[{"changed": {"fields": ["\\u041d\\u0430\\u0437\\u0432\\u0430\\u043d\\u0438\\u0435", "\\u041e\\u043f\\u0438\\u0441\\u0430\\u043d\\u0438\\u0435", "\\u041a\\u0430\\u0442\\u0435\\u0433\\u043e\\u0440\\u0438\\u044f"]}}]	9	66
569	2021-10-26 14:01:26.436693+03	301	Букет "Микс роз"	2	[{"changed": {"fields": ["\\u041d\\u0430\\u0437\\u0432\\u0430\\u043d\\u0438\\u0435", "\\u041e\\u043f\\u0438\\u0441\\u0430\\u043d\\u0438\\u0435", "8 \\u043c\\u0430\\u0440\\u0442"]}}]	9	66
570	2021-10-26 14:02:16.285123+03	300	Букет "Осенние лучи"	2	[{"changed": {"fields": ["\\u041d\\u0430\\u0437\\u0432\\u0430\\u043d\\u0438\\u0435", "\\u041e\\u043f\\u0438\\u0441\\u0430\\u043d\\u0438\\u0435"]}}]	9	66
571	2021-10-26 14:04:21.443613+03	299	Букет "Робкая нежность"	2	[{"changed": {"fields": ["\\u041d\\u0430\\u0437\\u0432\\u0430\\u043d\\u0438\\u0435", "\\u041e\\u043f\\u0438\\u0441\\u0430\\u043d\\u0438\\u0435", "\\u041f\\u043e\\u0432\\u043e\\u0434\\u044b", "8 \\u043c\\u0430\\u0440\\u0442"]}}]	9	66
572	2021-10-26 14:06:03.256431+03	298	Букет "Вдохновение"	2	[{"changed": {"fields": ["\\u041d\\u0430\\u0437\\u0432\\u0430\\u043d\\u0438\\u0435", "\\u041e\\u043f\\u0438\\u0441\\u0430\\u043d\\u0438\\u0435", "\\u041f\\u043e\\u0432\\u043e\\u0434\\u044b", "8 \\u043c\\u0430\\u0440\\u0442"]}}]	9	66
573	2021-10-26 14:10:57.605884+03	297	Букет "Прелесть"	2	[{"changed": {"fields": ["\\u041d\\u0430\\u0437\\u0432\\u0430\\u043d\\u0438\\u0435", "\\u041e\\u043f\\u0438\\u0441\\u0430\\u043d\\u0438\\u0435", "\\u041a\\u0430\\u0442\\u0435\\u0433\\u043e\\u0440\\u0438\\u044f", "\\u041f\\u043e\\u0432\\u043e\\u0434\\u044b"]}}]	9	66
574	2021-10-26 14:12:18.885534+03	296	Букет "Королевская гортензия"	2	[{"changed": {"fields": ["\\u041d\\u0430\\u0437\\u0432\\u0430\\u043d\\u0438\\u0435", "\\u041e\\u043f\\u0438\\u0441\\u0430\\u043d\\u0438\\u0435", "\\u041f\\u043e\\u0432\\u043e\\u0434\\u044b", "\\u041a\\u043e\\u043c\\u043f\\u043e\\u0437\\u0438\\u0446\\u0438\\u0438", "8 \\u043c\\u0430\\u0440\\u0442"]}}]	9	66
575	2021-10-26 14:15:47.589141+03	295	Букет "Дух романтики"	2	[{"changed": {"fields": ["\\u041d\\u0430\\u0437\\u0432\\u0430\\u043d\\u0438\\u0435", "\\u041e\\u043f\\u0438\\u0441\\u0430\\u043d\\u0438\\u0435", "\\u041f\\u043e\\u0432\\u043e\\u0434\\u044b", "8 \\u043c\\u0430\\u0440\\u0442"]}}]	9	66
576	2021-10-26 14:19:11.188163+03	294	Букет "Сиреневый туман"	2	[{"changed": {"fields": ["\\u041d\\u0430\\u0437\\u0432\\u0430\\u043d\\u0438\\u0435", "\\u041e\\u043f\\u0438\\u0441\\u0430\\u043d\\u0438\\u0435", "\\u041f\\u043e\\u0432\\u043e\\u0434\\u044b", "8 \\u043c\\u0430\\u0440\\u0442"]}}]	9	66
577	2021-10-26 14:22:50.515055+03	293	Букет "Зефир"	2	[{"changed": {"fields": ["\\u041d\\u0430\\u0437\\u0432\\u0430\\u043d\\u0438\\u0435", "\\u041e\\u043f\\u0438\\u0441\\u0430\\u043d\\u0438\\u0435", "\\u041f\\u043e\\u0432\\u043e\\u0434\\u044b", "\\u041a\\u043e\\u043c\\u043f\\u043e\\u0437\\u0438\\u0446\\u0438\\u0438", "8 \\u043c\\u0430\\u0440\\u0442"]}}]	9	66
578	2021-10-26 14:25:04.460008+03	292	Букет "Розовое безе"	2	[{"changed": {"fields": ["\\u041d\\u0430\\u0437\\u0432\\u0430\\u043d\\u0438\\u0435", "\\u041e\\u043f\\u0438\\u0441\\u0430\\u043d\\u0438\\u0435", "\\u041f\\u043e\\u0432\\u043e\\u0434\\u044b", "\\u041a\\u043e\\u043c\\u043f\\u043e\\u0437\\u0438\\u0446\\u0438\\u0438", "8 \\u043c\\u0430\\u0440\\u0442"]}}]	9	66
579	2021-10-26 14:32:12.500512+03	291	Букет "Роуз"	2	[{"changed": {"fields": ["\\u041d\\u0430\\u0437\\u0432\\u0430\\u043d\\u0438\\u0435", "\\u041e\\u043f\\u0438\\u0441\\u0430\\u043d\\u0438\\u0435", "\\u041f\\u043e\\u0432\\u043e\\u0434\\u044b", "\\u041a\\u043e\\u043c\\u043f\\u043e\\u0437\\u0438\\u0446\\u0438\\u0438", "8 \\u043c\\u0430\\u0440\\u0442"]}}]	9	66
580	2021-10-26 14:34:19.304813+03	290	Букет "Облачко пионов"	2	[{"changed": {"fields": ["\\u041d\\u0430\\u0437\\u0432\\u0430\\u043d\\u0438\\u0435", "\\u041e\\u043f\\u0438\\u0441\\u0430\\u043d\\u0438\\u0435", "\\u041f\\u043e\\u0432\\u043e\\u0434\\u044b", "\\u041a\\u043e\\u043c\\u043f\\u043e\\u0437\\u0438\\u0446\\u0438\\u0438", "8 \\u043c\\u0430\\u0440\\u0442"]}}]	9	66
581	2021-10-26 14:35:30.305334+03	289	Букет "Восхищение"	2	[{"changed": {"fields": ["\\u041d\\u0430\\u0437\\u0432\\u0430\\u043d\\u0438\\u0435", "\\u041e\\u043f\\u0438\\u0441\\u0430\\u043d\\u0438\\u0435", "\\u041a\\u043e\\u043c\\u043f\\u043e\\u0437\\u0438\\u0446\\u0438\\u0438", "8 \\u043c\\u0430\\u0440\\u0442"]}}]	9	66
582	2021-10-26 14:39:20.813042+03	288	Букет "Утренняя свежесть"	2	[{"changed": {"fields": ["\\u041d\\u0430\\u0437\\u0432\\u0430\\u043d\\u0438\\u0435", "\\u041e\\u043f\\u0438\\u0441\\u0430\\u043d\\u0438\\u0435", "\\u041f\\u043e\\u0432\\u043e\\u0434\\u044b", "\\u041a\\u043e\\u043c\\u043f\\u043e\\u0437\\u0438\\u0446\\u0438\\u0438", "8 \\u043c\\u0430\\u0440\\u0442"]}}]	9	66
583	2021-10-26 14:41:08.684162+03	287	Букет "Лучи солнца"	2	[{"changed": {"fields": ["\\u041d\\u0430\\u0437\\u0432\\u0430\\u043d\\u0438\\u0435", "\\u041e\\u043f\\u0438\\u0441\\u0430\\u043d\\u0438\\u0435", "\\u041f\\u043e\\u0432\\u043e\\u0434\\u044b", "\\u0413\\u043e\\u0442\\u043e\\u0432\\u044b\\u0439 \\u0431\\u0443\\u043a\\u0435\\u0442", "\\u041a\\u043e\\u043c\\u043f\\u043e\\u0437\\u0438\\u0446\\u0438\\u0438", "8 \\u043c\\u0430\\u0440\\u0442"]}}]	9	66
584	2021-10-27 08:49:56.084482+03	286	Букет "Мадам"	2	[{"changed": {"fields": ["\\u041d\\u0430\\u0437\\u0432\\u0430\\u043d\\u0438\\u0435", "\\u041e\\u043f\\u0438\\u0441\\u0430\\u043d\\u0438\\u0435", "\\u041f\\u043e\\u0432\\u043e\\u0434\\u044b", "\\u041a\\u043e\\u043c\\u043f\\u043e\\u0437\\u0438\\u0446\\u0438\\u0438", "8 \\u043c\\u0430\\u0440\\u0442"]}}]	9	66
585	2021-10-27 08:54:49.024079+03	285	Букет "Эммануэль"	2	[{"changed": {"fields": ["\\u041d\\u0430\\u0437\\u0432\\u0430\\u043d\\u0438\\u0435", "\\u041e\\u043f\\u0438\\u0441\\u0430\\u043d\\u0438\\u0435", "\\u041f\\u043e\\u0432\\u043e\\u0434\\u044b", "\\u041a\\u043e\\u043c\\u043f\\u043e\\u0437\\u0438\\u0446\\u0438\\u0438", "8 \\u043c\\u0430\\u0440\\u0442"]}}]	9	66
586	2021-10-27 08:59:38.555065+03	284	Букет "Грёзы любви"	2	[{"changed": {"fields": ["\\u041d\\u0430\\u0437\\u0432\\u0430\\u043d\\u0438\\u0435", "\\u041e\\u043f\\u0438\\u0441\\u0430\\u043d\\u0438\\u0435", "\\u041f\\u043e\\u0432\\u043e\\u0434\\u044b", "\\u041a\\u043e\\u043c\\u043f\\u043e\\u0437\\u0438\\u0446\\u0438\\u0438", "8 \\u043c\\u0430\\u0440\\u0442"]}}]	9	66
587	2021-10-27 09:02:54.485813+03	283	Букет "Комплимент"	2	[{"changed": {"fields": ["\\u041d\\u0430\\u0437\\u0432\\u0430\\u043d\\u0438\\u0435", "\\u041e\\u043f\\u0438\\u0441\\u0430\\u043d\\u0438\\u0435", "\\u041f\\u043e\\u0432\\u043e\\u0434\\u044b", "\\u041a\\u043e\\u043c\\u043f\\u043e\\u0437\\u0438\\u0446\\u0438\\u0438", "8 \\u043c\\u0430\\u0440\\u0442"]}}]	9	66
588	2021-10-27 09:10:38.171999+03	282	Букет "Шарм"	2	[{"changed": {"fields": ["\\u041d\\u0430\\u0437\\u0432\\u0430\\u043d\\u0438\\u0435", "\\u041e\\u043f\\u0438\\u0441\\u0430\\u043d\\u0438\\u0435", "\\u041f\\u043e\\u0432\\u043e\\u0434\\u044b", "\\u041a\\u043e\\u043c\\u043f\\u043e\\u0437\\u0438\\u0446\\u0438\\u0438", "8 \\u043c\\u0430\\u0440\\u0442"]}}]	9	66
589	2021-10-27 09:12:47.929979+03	281	Букет "Ягодный пунш"	2	[{"changed": {"fields": ["\\u041d\\u0430\\u0437\\u0432\\u0430\\u043d\\u0438\\u0435", "\\u041e\\u043f\\u0438\\u0441\\u0430\\u043d\\u0438\\u0435", "8 \\u043c\\u0430\\u0440\\u0442"]}}]	9	66
590	2021-10-27 09:18:37.872852+03	280	Букет "Небосвод"	2	[{"changed": {"fields": ["\\u041d\\u0430\\u0437\\u0432\\u0430\\u043d\\u0438\\u0435", "\\u041e\\u043f\\u0438\\u0441\\u0430\\u043d\\u0438\\u0435", "8 \\u043c\\u0430\\u0440\\u0442"]}}]	9	66
591	2021-10-27 09:20:59.572791+03	279	Шикарный букет микс роз	2	[{"changed": {"fields": ["\\u0410\\u043a\\u0442\\u0438\\u0432\\u043d\\u044b\\u0439"]}}]	9	66
592	2021-10-27 09:24:14.678757+03	278	Букет "Мальвина"	2	[{"changed": {"fields": ["\\u041d\\u0430\\u0437\\u0432\\u0430\\u043d\\u0438\\u0435", "\\u041e\\u043f\\u0438\\u0441\\u0430\\u043d\\u0438\\u0435", "\\u041f\\u043e\\u0432\\u043e\\u0434\\u044b", "\\u041a\\u043e\\u043c\\u043f\\u043e\\u0437\\u0438\\u0446\\u0438\\u0438", "8 \\u043c\\u0430\\u0440\\u0442"]}}]	9	66
593	2021-10-27 09:26:15.143872+03	277	Букет "Нежный мусс"	2	[{"changed": {"fields": ["\\u041d\\u0430\\u0437\\u0432\\u0430\\u043d\\u0438\\u0435", "\\u041e\\u043f\\u0438\\u0441\\u0430\\u043d\\u0438\\u0435", "\\u041f\\u043e\\u0432\\u043e\\u0434\\u044b", "\\u041a\\u043e\\u043c\\u043f\\u043e\\u0437\\u0438\\u0446\\u0438\\u0438", "8 \\u043c\\u0430\\u0440\\u0442"]}}]	9	66
594	2021-10-27 09:28:57.45883+03	276	Букет "Бархат"	2	[{"changed": {"fields": ["\\u041d\\u0430\\u0437\\u0432\\u0430\\u043d\\u0438\\u0435", "\\u041e\\u043f\\u0438\\u0441\\u0430\\u043d\\u0438\\u0435", "\\u041f\\u043e\\u0432\\u043e\\u0434\\u044b", "8 \\u043c\\u0430\\u0440\\u0442"]}}]	9	66
595	2021-10-27 09:31:45.834647+03	275	Букет "Премиум"	2	[{"changed": {"fields": ["\\u041d\\u0430\\u0437\\u0432\\u0430\\u043d\\u0438\\u0435", "\\u041e\\u043f\\u0438\\u0441\\u0430\\u043d\\u0438\\u0435", "\\u041f\\u043e\\u0432\\u043e\\u0434\\u044b", "\\u041a\\u043e\\u043c\\u043f\\u043e\\u0437\\u0438\\u0446\\u0438\\u0438", "8 \\u043c\\u0430\\u0440\\u0442"]}}]	9	66
596	2021-10-27 09:33:43.978157+03	274	Букет "Розовые мечты"	2	[{"changed": {"fields": ["\\u041d\\u0430\\u0437\\u0432\\u0430\\u043d\\u0438\\u0435", "\\u041e\\u043f\\u0438\\u0441\\u0430\\u043d\\u0438\\u0435", "\\u041f\\u043e\\u0432\\u043e\\u0434\\u044b", "8 \\u043c\\u0430\\u0440\\u0442"]}}]	9	66
597	2021-10-27 09:33:54.568235+03	274	Букет "Розовые мечты"	2	[]	9	66
598	2021-10-27 09:35:00.983837+03	273	Букет "Сказочная фея"	2	[{"changed": {"fields": ["\\u041d\\u0430\\u0437\\u0432\\u0430\\u043d\\u0438\\u0435", "\\u041e\\u043f\\u0438\\u0441\\u0430\\u043d\\u0438\\u0435", "\\u041f\\u043e\\u0432\\u043e\\u0434\\u044b", "\\u041a\\u043e\\u043c\\u043f\\u043e\\u0437\\u0438\\u0446\\u0438\\u0438", "8 \\u043c\\u0430\\u0440\\u0442"]}}]	9	66
599	2021-10-27 09:37:44.722615+03	272	Букет "Летний"	2	[{"changed": {"fields": ["\\u041d\\u0430\\u0437\\u0432\\u0430\\u043d\\u0438\\u0435", "\\u041e\\u043f\\u0438\\u0441\\u0430\\u043d\\u0438\\u0435", "\\u041f\\u043e\\u0432\\u043e\\u0434\\u044b", "8 \\u043c\\u0430\\u0440\\u0442"]}}]	9	66
600	2021-10-27 09:39:12.120371+03	271	Букет "Верона"	2	[{"changed": {"fields": ["\\u041d\\u0430\\u0437\\u0432\\u0430\\u043d\\u0438\\u0435", "\\u041e\\u043f\\u0438\\u0441\\u0430\\u043d\\u0438\\u0435", "\\u041f\\u043e\\u0432\\u043e\\u0434\\u044b", "\\u041a\\u043e\\u043c\\u043f\\u043e\\u0437\\u0438\\u0446\\u0438\\u0438", "8 \\u043c\\u0430\\u0440\\u0442"]}}]	9	66
601	2021-10-27 10:09:55.873377+03	270	Букет "Симфония чувств"	2	[{"changed": {"fields": ["\\u041d\\u0430\\u0437\\u0432\\u0430\\u043d\\u0438\\u0435", "\\u041e\\u043f\\u0438\\u0441\\u0430\\u043d\\u0438\\u0435", "\\u041f\\u043e\\u0432\\u043e\\u0434\\u044b", "8 \\u043c\\u0430\\u0440\\u0442"]}}]	9	66
602	2021-10-27 10:33:56.053938+03	269	Букет "Премиум"	2	[{"changed": {"fields": ["\\u041d\\u0430\\u0437\\u0432\\u0430\\u043d\\u0438\\u0435", "\\u041e\\u043f\\u0438\\u0441\\u0430\\u043d\\u0438\\u0435", "\\u041a\\u0430\\u0442\\u0435\\u0433\\u043e\\u0440\\u0438\\u044f", "\\u041f\\u043e\\u0432\\u043e\\u0434\\u044b", "8 \\u043c\\u0430\\u0440\\u0442"]}}]	9	66
603	2021-10-27 11:25:02.022689+03	268	Букет "Облачко"	2	[{"changed": {"fields": ["\\u041d\\u0430\\u0437\\u0432\\u0430\\u043d\\u0438\\u0435", "\\u041e\\u043f\\u0438\\u0441\\u0430\\u043d\\u0438\\u0435", "\\u041f\\u043e\\u0432\\u043e\\u0434\\u044b", "\\u041a\\u043e\\u043c\\u043f\\u043e\\u0437\\u0438\\u0446\\u0438\\u0438", "8 \\u043c\\u0430\\u0440\\u0442"]}}]	9	66
604	2021-10-27 11:31:05.318371+03	267	Букет "Императрица"	2	[{"changed": {"fields": ["\\u041d\\u0430\\u0437\\u0432\\u0430\\u043d\\u0438\\u0435", "\\u041e\\u043f\\u0438\\u0441\\u0430\\u043d\\u0438\\u0435", "\\u041f\\u043e\\u0432\\u043e\\u0434\\u044b", "\\u041a\\u043e\\u043c\\u043f\\u043e\\u0437\\u0438\\u0446\\u0438\\u0438", "8 \\u043c\\u0430\\u0440\\u0442"]}}]	9	66
605	2021-10-27 11:35:39.045016+03	266	Букет "Признание в любви"	2	[{"changed": {"fields": ["\\u041d\\u0430\\u0437\\u0432\\u0430\\u043d\\u0438\\u0435", "\\u041e\\u043f\\u0438\\u0441\\u0430\\u043d\\u0438\\u0435", "\\u041f\\u043e\\u0432\\u043e\\u0434\\u044b", "8 \\u043c\\u0430\\u0440\\u0442"]}}]	9	66
606	2021-10-27 11:37:24.980731+03	265	Букет "Белоснежность"	2	[{"changed": {"fields": ["\\u041d\\u0430\\u0437\\u0432\\u0430\\u043d\\u0438\\u0435", "\\u041e\\u043f\\u0438\\u0441\\u0430\\u043d\\u0438\\u0435", "\\u041f\\u043e\\u0432\\u043e\\u0434\\u044b", "\\u041a\\u043e\\u043c\\u043f\\u043e\\u0437\\u0438\\u0446\\u0438\\u0438", "8 \\u043c\\u0430\\u0440\\u0442"]}}]	9	66
607	2021-10-27 12:35:20.500946+03	264	Букет "Моника"	2	[{"changed": {"fields": ["\\u041d\\u0430\\u0437\\u0432\\u0430\\u043d\\u0438\\u0435", "\\u041e\\u043f\\u0438\\u0441\\u0430\\u043d\\u0438\\u0435", "\\u041f\\u043e\\u0432\\u043e\\u0434\\u044b", "8 \\u043c\\u0430\\u0440\\u0442"]}}]	9	66
608	2021-10-27 13:35:34.610108+03	1	Контакты	2	[]	27	66
609	2021-10-27 13:37:54.521697+03	2	Контакты	1	[{"added": {}}]	27	66
610	2021-10-27 13:38:18.40224+03	2	Контакты	2	[]	27	66
611	2021-10-27 13:38:50.076107+03	2	Контакты	2	[]	27	66
612	2021-10-27 13:38:54.603105+03	2	Контакты	2	[]	27	66
613	2021-10-27 13:40:28.28321+03	2	Контакты	3		27	66
614	2021-10-27 13:43:49.482095+03	306	Букет "Малиновый сад"	2	[{"changed": {"fields": ["\\u041f\\u0440\\u043e\\u0446\\u0435\\u043d\\u0442 \\u0441\\u043a\\u0438\\u0434\\u043a\\u0438"]}}]	9	66
615	2021-10-27 13:44:15.827206+03	306	Букет "Малиновый сад"	2	[{"changed": {"fields": ["\\u041f\\u0440\\u043e\\u0446\\u0435\\u043d\\u0442 \\u0441\\u043a\\u0438\\u0434\\u043a\\u0438"]}}]	9	66
616	2021-10-28 08:51:12.375901+03	313	Букет "Глинтвейн"	1	[{"added": {}}]	9	66
617	2021-10-28 08:51:29.318892+03	313	Букет "Глинтвейн"	2	[{"added": {"name": "\\u041a\\u0430\\u0440\\u0442\\u0438\\u043d\\u044b", "object": "\\u041a\\u0430\\u0440\\u0442\\u0438\\u043d\\u0430 \\u0411\\u0443\\u043a\\u0435\\u0442 \\"\\u0413\\u043b\\u0438\\u043d\\u0442\\u0432\\u0435\\u0439\\u043d\\""}}]	9	66
618	2021-10-28 09:04:21.814565+03	314	Букет "Гармония"	1	[{"added": {}}]	9	66
619	2021-10-28 09:04:39.754609+03	314	Букет "Гармония"	2	[{"added": {"name": "\\u041a\\u0430\\u0440\\u0442\\u0438\\u043d\\u044b", "object": "\\u041a\\u0430\\u0440\\u0442\\u0438\\u043d\\u0430 \\u0411\\u0443\\u043a\\u0435\\u0442 \\"\\u0413\\u0430\\u0440\\u043c\\u043e\\u043d\\u0438\\u044f\\""}}]	9	66
620	2021-10-28 09:05:47.893608+03	314	Букет "Гармония"	2	[{"changed": {"fields": ["\\u0426\\u0435\\u043d\\u0430", "\\u041f\\u0440\\u043e\\u0446\\u0435\\u043d\\u0442 \\u0441\\u043a\\u0438\\u0434\\u043a\\u0438"]}}]	9	66
621	2021-10-28 09:06:17.881+03	314	Букет "Гармония"	2	[]	9	66
622	2021-10-28 09:06:29.2494+03	314	Букет "Гармония"	2	[{"changed": {"fields": ["\\u0410\\u043a\\u0446\\u0438\\u044f"]}}]	9	66
623	2021-10-28 15:41:35.958982+03	314	Букет "Гармония"	2	[{"changed": {"fields": ["\\u0413\\u043e\\u0442\\u043e\\u0432\\u044b\\u0439 \\u0431\\u0443\\u043a\\u0435\\u0442", "\\u041a\\u043e\\u043c\\u043f\\u043e\\u0437\\u0438\\u0446\\u0438\\u0438"]}}]	9	66
624	2021-10-28 15:42:07.726203+03	312	Букет "Нежность"	2	[{"changed": {"fields": ["\\u041a\\u043e\\u043c\\u043f\\u043e\\u0437\\u0438\\u0446\\u0438\\u0438"]}}]	9	66
625	2021-10-28 15:42:30.196656+03	311	Букет "Эйфория"	2	[{"changed": {"fields": ["\\u041a\\u043e\\u043c\\u043f\\u043e\\u0437\\u0438\\u0446\\u0438\\u0438"]}}]	9	66
627	2021-10-28 15:43:24.0101+03	309	Букет "Романтический сад"	2	[{"changed": {"fields": ["\\u041a\\u043e\\u043c\\u043f\\u043e\\u0437\\u0438\\u0446\\u0438\\u0438"]}}]	9	66
628	2021-10-28 15:43:39.325582+03	308	Букет "Джульетта"	2	[{"changed": {"fields": ["\\u041a\\u043e\\u043c\\u043f\\u043e\\u0437\\u0438\\u0446\\u0438\\u0438"]}}]	9	66
629	2021-10-28 15:44:02.341771+03	306	Букет "Малиновый сад"	2	[{"changed": {"fields": ["\\u041a\\u043e\\u043c\\u043f\\u043e\\u0437\\u0438\\u0446\\u0438\\u0438"]}}]	9	66
630	2021-10-28 15:44:18.180189+03	302	Букет "Романс"	2	[{"changed": {"fields": ["\\u041a\\u043e\\u043c\\u043f\\u043e\\u0437\\u0438\\u0446\\u0438\\u0438", "8 \\u043c\\u0430\\u0440\\u0442"]}}]	9	66
631	2021-10-28 15:44:48.884813+03	301	Букет "Микс роз"	2	[{"changed": {"fields": ["\\u041a\\u043e\\u043c\\u043f\\u043e\\u0437\\u0438\\u0446\\u0438\\u0438"]}}]	9	66
632	2021-10-28 15:45:21.615515+03	296	Букет "Королевская гортензия"	2	[{"changed": {"fields": ["\\u041a\\u043e\\u043c\\u043f\\u043e\\u0437\\u0438\\u0446\\u0438\\u0438"]}}]	9	66
633	2021-10-28 15:45:54.881206+03	292	Букет "Розовое безе"	2	[{"changed": {"fields": ["\\u041a\\u043e\\u043c\\u043f\\u043e\\u0437\\u0438\\u0446\\u0438\\u0438"]}}]	9	66
634	2021-10-28 15:46:13.329862+03	295	Букет "Дух романтики"	2	[{"changed": {"fields": ["\\u041a\\u043e\\u043c\\u043f\\u043e\\u0437\\u0438\\u0446\\u0438\\u0438"]}}]	9	66
635	2021-10-28 15:46:28.132325+03	291	Букет "Роуз"	2	[{"changed": {"fields": ["\\u041a\\u043e\\u043c\\u043f\\u043e\\u0437\\u0438\\u0446\\u0438\\u0438"]}}]	9	66
636	2021-10-28 15:47:05.999136+03	290	Букет "Облачко пионов"	2	[{"changed": {"fields": ["\\u041a\\u043e\\u043c\\u043f\\u043e\\u0437\\u0438\\u0446\\u0438\\u0438"]}}]	9	66
637	2021-10-28 15:47:35.367008+03	289	Букет "Восхищение"	2	[{"changed": {"fields": ["\\u041a\\u043e\\u043c\\u043f\\u043e\\u0437\\u0438\\u0446\\u0438\\u0438"]}}]	9	66
638	2021-10-28 15:48:08.957801+03	288	Букет "Утренняя свежесть"	2	[{"changed": {"fields": ["\\u041a\\u043e\\u043c\\u043f\\u043e\\u0437\\u0438\\u0446\\u0438\\u0438"]}}]	9	66
639	2021-10-28 16:33:19.009263+03	285	Букет "Эммануэль"	2	[{"changed": {"fields": ["\\u041a\\u043e\\u043c\\u043f\\u043e\\u0437\\u0438\\u0446\\u0438\\u0438"]}}]	9	66
640	2021-10-28 16:34:05.124821+03	287	Букет "Лучи солнца"	2	[{"changed": {"fields": ["\\u041a\\u043e\\u043c\\u043f\\u043e\\u0437\\u0438\\u0446\\u0438\\u0438"]}}]	9	66
641	2021-10-28 16:34:51.02678+03	278	Букет "Мальвина"	2	[{"changed": {"fields": ["\\u041a\\u043e\\u043c\\u043f\\u043e\\u0437\\u0438\\u0446\\u0438\\u0438"]}}]	9	66
642	2021-10-28 16:35:16.627135+03	277	Букет "Нежный мусс"	2	[{"changed": {"fields": ["\\u041a\\u043e\\u043c\\u043f\\u043e\\u0437\\u0438\\u0446\\u0438\\u0438"]}}]	9	66
643	2021-10-28 16:35:53.033762+03	275	Букет "Премиум"	2	[{"changed": {"fields": ["\\u041a\\u043e\\u043c\\u043f\\u043e\\u0437\\u0438\\u0446\\u0438\\u0438"]}}]	9	66
644	2021-10-28 16:36:23.017754+03	271	Букет "Верона"	2	[{"changed": {"fields": ["\\u041a\\u043e\\u043c\\u043f\\u043e\\u0437\\u0438\\u0446\\u0438\\u0438"]}}]	9	66
645	2021-10-28 16:36:48.145866+03	270	Букет "Симфония чувств"	2	[{"changed": {"fields": ["\\u041a\\u043e\\u043c\\u043f\\u043e\\u0437\\u0438\\u0446\\u0438\\u0438"]}}]	9	66
646	2021-10-28 16:37:52.46034+03	264	Букет "Моника"	2	[{"changed": {"fields": ["\\u041a\\u043e\\u043c\\u043f\\u043e\\u0437\\u0438\\u0446\\u0438\\u0438"]}}]	9	66
647	2021-10-28 16:38:38.814631+03	265	Букет "Белоснежность"	2	[{"changed": {"fields": ["\\u041a\\u043e\\u043c\\u043f\\u043e\\u0437\\u0438\\u0446\\u0438\\u0438"]}}]	9	66
648	2021-10-28 16:39:24.402789+03	283	Букет "Комплимент"	2	[{"changed": {"fields": ["\\u041a\\u043e\\u043c\\u043f\\u043e\\u0437\\u0438\\u0446\\u0438\\u0438"]}}]	9	66
649	2021-10-28 16:41:31.555551+03	283	Букет "Комплимент"	2	[]	9	66
650	2021-10-28 16:42:23.844023+03	266	Букет "Признание в любви"	2	[{"changed": {"fields": ["\\u041a\\u043e\\u043c\\u043f\\u043e\\u0437\\u0438\\u0446\\u0438\\u0438"]}}]	9	66
651	2021-10-30 12:32:36.100952+03	263	Букет "Миа"	2	[{"changed": {"fields": ["\\u041d\\u0430\\u0437\\u0432\\u0430\\u043d\\u0438\\u0435", "\\u041e\\u043f\\u0438\\u0441\\u0430\\u043d\\u0438\\u0435", "8 \\u043c\\u0430\\u0440\\u0442"]}}]	9	66
652	2021-11-01 08:34:31.334008+03	263	Букет "Миа"	2	[{"changed": {"fields": ["\\u041f\\u043e\\u0432\\u043e\\u0434\\u044b"]}}]	9	66
653	2021-11-02 10:53:13.813604+03	314	Букет "Гармония"	3		9	66
654	2021-11-02 10:53:30.36249+03	303	Букет "Малиновый тарт"	3		9	66
655	2021-11-02 10:53:46.007079+03	300	Букет "Осенние лучи"	3		9	66
656	2021-11-02 10:59:05.480321+03	70	Коробка-Гигант из экзотики	3		9	66
657	2021-11-02 11:04:25.933077+03	160	Евробукет 	3		9	66
658	2021-11-02 11:27:22.320503+03	305	Букет "Марс"	2	[{"deleted": {"name": "\\u041a\\u0430\\u0440\\u0442\\u0438\\u043d\\u044b", "object": "\\u041a\\u0430\\u0440\\u0442\\u0438\\u043d\\u0430 \\u0411\\u0443\\u043a\\u0435\\u0442 \\"\\u041c\\u0430\\u0440\\u0441\\""}}]	9	66
659	2021-11-02 11:27:34.96821+03	305	Букет "Марс"	2	[{"added": {"name": "\\u041a\\u0430\\u0440\\u0442\\u0438\\u043d\\u044b", "object": "\\u041a\\u0430\\u0440\\u0442\\u0438\\u043d\\u0430 \\u0411\\u0443\\u043a\\u0435\\u0442 \\"\\u041c\\u0430\\u0440\\u0441\\""}}]	9	66
660	2021-11-02 11:28:32.110024+03	305	Букет "Марс"	2	[{"deleted": {"name": "\\u041a\\u0430\\u0440\\u0442\\u0438\\u043d\\u044b", "object": "\\u041a\\u0430\\u0440\\u0442\\u0438\\u043d\\u0430 \\u0411\\u0443\\u043a\\u0435\\u0442 \\"\\u041c\\u0430\\u0440\\u0441\\""}}]	9	66
661	2021-11-02 11:29:09.503145+03	305	Букет "Марс"	2	[{"added": {"name": "\\u041a\\u0430\\u0440\\u0442\\u0438\\u043d\\u044b", "object": "\\u041a\\u0430\\u0440\\u0442\\u0438\\u043d\\u0430 \\u0411\\u0443\\u043a\\u0435\\u0442 \\"\\u041c\\u0430\\u0440\\u0441\\""}}]	9	66
662	2021-11-02 11:31:32.151589+03	304	Букет "Уточненность"	2	[{"deleted": {"name": "\\u041a\\u0430\\u0440\\u0442\\u0438\\u043d\\u044b", "object": "\\u041a\\u0430\\u0440\\u0442\\u0438\\u043d\\u0430 \\u0411\\u0443\\u043a\\u0435\\u0442 \\"\\u0423\\u0442\\u043e\\u0447\\u043d\\u0435\\u043d\\u043d\\u043e\\u0441\\u0442\\u044c\\""}}]	9	66
663	2021-11-02 11:31:48.218457+03	304	Букет "Уточненность"	2	[{"added": {"name": "\\u041a\\u0430\\u0440\\u0442\\u0438\\u043d\\u044b", "object": "\\u041a\\u0430\\u0440\\u0442\\u0438\\u043d\\u0430 \\u0411\\u0443\\u043a\\u0435\\u0442 \\"\\u0423\\u0442\\u043e\\u0447\\u043d\\u0435\\u043d\\u043d\\u043e\\u0441\\u0442\\u044c\\""}}]	9	66
664	2021-11-02 14:06:34.592076+03	315	Букет "Юпитер"	1	[{"added": {}}]	9	66
665	2021-11-02 14:07:48.035442+03	315	Букет "Юпитер"	2	[{"added": {"name": "\\u041a\\u0430\\u0440\\u0442\\u0438\\u043d\\u044b", "object": "\\u041a\\u0430\\u0440\\u0442\\u0438\\u043d\\u0430 \\u0411\\u0443\\u043a\\u0435\\u0442 \\"\\u042e\\u043f\\u0438\\u0442\\u0435\\u0440\\""}}, {"added": {"name": "\\u041a\\u0430\\u0440\\u0442\\u0438\\u043d\\u044b", "object": "\\u041a\\u0430\\u0440\\u0442\\u0438\\u043d\\u0430 \\u0411\\u0443\\u043a\\u0435\\u0442 \\"\\u042e\\u043f\\u0438\\u0442\\u0435\\u0440\\""}}]	9	66
666	2021-11-02 14:11:14.037165+03	315	Букет "Юпитер"	2	[]	9	66
667	2021-11-02 14:12:26.716313+03	299	Букет "Робкая нежность"	2	[]	9	66
669	2021-11-02 14:14:31.086968+03	315	Букет "Юпитер"	2	[{"changed": {"fields": ["\\u0426\\u0435\\u043d\\u0430"]}}]	9	66
670	2021-11-02 14:16:35.028868+03	301	Букет "Микс роз"	2	[{"changed": {"fields": ["\\u0410\\u043a\\u0442\\u0438\\u0432\\u043d\\u044b\\u0439"]}}]	9	66
671	2021-11-02 14:26:24.214509+03	298	Букет "Вдохновение"	2	[{"changed": {"fields": ["\\u0410\\u043a\\u0442\\u0438\\u0432\\u043d\\u044b\\u0439"]}}]	9	66
672	2021-11-02 14:26:24.220463+03	193	Евробукет с добавлением королевской гортензии	2	[{"changed": {"fields": ["\\u0410\\u043a\\u0442\\u0438\\u0432\\u043d\\u044b\\u0439"]}}]	9	66
673	2021-11-02 14:26:24.224995+03	166	Букет из пион	2	[{"changed": {"fields": ["\\u0410\\u043a\\u0442\\u0438\\u0432\\u043d\\u044b\\u0439"]}}]	9	66
674	2021-11-02 14:26:24.229235+03	161	Евробукет 	2	[{"changed": {"fields": ["\\u0410\\u043a\\u0442\\u0438\\u0432\\u043d\\u044b\\u0439"]}}]	9	66
675	2021-11-02 14:26:24.23247+03	131	Евробукет премиум класса	2	[{"changed": {"fields": ["\\u0410\\u043a\\u0442\\u0438\\u0432\\u043d\\u044b\\u0439"]}}]	9	66
676	2021-11-02 14:26:24.236202+03	128	Букет роз	2	[{"changed": {"fields": ["\\u0410\\u043a\\u0442\\u0438\\u0432\\u043d\\u044b\\u0439"]}}]	9	66
677	2021-11-02 14:26:24.239954+03	126	Евробукет 	2	[{"changed": {"fields": ["\\u0410\\u043a\\u0442\\u0438\\u0432\\u043d\\u044b\\u0439"]}}]	9	66
678	2021-11-02 14:26:24.244399+03	121	Конверт комплимент	2	[{"changed": {"fields": ["\\u0410\\u043a\\u0442\\u0438\\u0432\\u043d\\u044b\\u0439"]}}]	9	66
679	2021-11-02 14:26:24.248244+03	68	Комбо: Розы, Ваза, Сладкий букет	2	[{"changed": {"fields": ["\\u0410\\u043a\\u0442\\u0438\\u0432\\u043d\\u044b\\u0439"]}}]	9	66
680	2021-11-02 14:26:24.251607+03	67	51 премиальная роза	2	[{"changed": {"fields": ["\\u0410\\u043a\\u0442\\u0438\\u0432\\u043d\\u044b\\u0439"]}}]	9	66
681	2021-11-02 14:26:24.255055+03	64	Пышное облако гипсофилы	2	[{"changed": {"fields": ["\\u0410\\u043a\\u0442\\u0438\\u0432\\u043d\\u044b\\u0439"]}}]	9	66
682	2021-11-02 14:26:24.258632+03	58	Микс кустовых и одиночных роз	2	[{"changed": {"fields": ["\\u0410\\u043a\\u0442\\u0438\\u0432\\u043d\\u044b\\u0439"]}}]	9	66
683	2021-11-02 14:27:18.590264+03	56	красно-белая коробка из экзотики и роз	2	[{"changed": {"fields": ["\\u0426\\u0435\\u043d\\u0430"]}}]	9	66
684	2021-11-02 14:28:33.968911+03	53	51 Голландских роз  собранный в виде сердце	2	[{"changed": {"fields": ["\\u0410\\u043a\\u0442\\u0438\\u0432\\u043d\\u044b\\u0439"]}}]	9	66
685	2021-11-02 14:28:33.973288+03	43	35 Голландских роз	2	[{"changed": {"fields": ["\\u0410\\u043a\\u0442\\u0438\\u0432\\u043d\\u044b\\u0439"]}}]	9	66
686	2021-11-02 14:29:32.960995+03	17	Нежные розы в коробочке	2	[{"changed": {"fields": ["\\u0426\\u0435\\u043d\\u0430"]}}]	9	66
687	2021-11-02 16:01:02.2132+03	315	Букет "Юпитер"	2	[{"changed": {"fields": ["\\u041f\\u0440\\u043e\\u0446\\u0435\\u043d\\u0442 \\u0441\\u043a\\u0438\\u0434\\u043a\\u0438"]}}]	9	66
688	2021-11-02 16:01:20.800365+03	315	Букет "Юпитер"	2	[{"changed": {"fields": ["\\u0410\\u043a\\u0446\\u0438\\u044f"]}}]	9	66
689	2021-11-02 16:07:31.676921+03	316	Букет "Премиум"	1	[{"added": {}}, {"added": {"name": "\\u041a\\u0430\\u0440\\u0442\\u0438\\u043d\\u044b", "object": "\\u041a\\u0430\\u0440\\u0442\\u0438\\u043d\\u0430 \\u0411\\u0443\\u043a\\u0435\\u0442 \\"\\u041f\\u0440\\u0435\\u043c\\u0438\\u0443\\u043c\\""}}, {"added": {"name": "\\u041a\\u0430\\u0440\\u0442\\u0438\\u043d\\u044b", "object": "\\u041a\\u0430\\u0440\\u0442\\u0438\\u043d\\u0430 \\u0411\\u0443\\u043a\\u0435\\u0442 \\"\\u041f\\u0440\\u0435\\u043c\\u0438\\u0443\\u043c\\""}}]	9	66
690	2021-11-02 16:08:37.850294+03	316	Букет "Премиум"	3		9	66
691	2021-11-02 16:43:35.620621+03	172	Евробукет	2	[{"changed": {"fields": ["\\u041d\\u0430\\u0437\\u0432\\u0430\\u043d\\u0438\\u0435", "\\u041e\\u043f\\u0438\\u0441\\u0430\\u043d\\u0438\\u0435", "\\u0413\\u043e\\u0440\\u043e\\u0434\\u0430"]}}]	9	66
692	2021-11-02 16:43:54.531983+03	171	Композиция премиум класса	2	[{"changed": {"fields": ["\\u0413\\u043e\\u0440\\u043e\\u0434\\u0430"]}}]	9	66
693	2021-11-02 16:56:14.233992+03	317	Композиция + Rafaello	1	[{"added": {}}, {"added": {"name": "\\u041a\\u0430\\u0440\\u0442\\u0438\\u043d\\u044b", "object": "\\u041a\\u0430\\u0440\\u0442\\u0438\\u043d\\u0430 \\u041a\\u043e\\u043c\\u043f\\u043e\\u0437\\u0438\\u0446\\u0438\\u044f + Rafaello"}}]	9	66
694	2021-11-03 09:17:48.868009+03	317	Композиция + Rafaello	2	[{"changed": {"fields": ["\\u041f\\u0440\\u043e\\u0446\\u0435\\u043d\\u0442 \\u0441\\u043a\\u0438\\u0434\\u043a\\u0438"]}}]	9	66
695	2021-11-03 09:18:08.069468+03	317	Композиция + Rafaello	2	[{"changed": {"fields": ["\\u0410\\u043a\\u0446\\u0438\\u044f"]}}]	9	66
696	2021-11-03 09:33:39.140007+03	15	Букет "Аврора"	2	[{"changed": {"fields": ["\\u041d\\u0430\\u0437\\u0432\\u0430\\u043d\\u0438\\u0435", "\\u0413\\u043e\\u0442\\u043e\\u0432\\u044b\\u0439 \\u0431\\u0443\\u043a\\u0435\\u0442"]}}]	9	66
697	2021-11-03 09:34:54.547225+03	15	Букет "Аврора"	2	[{"changed": {"fields": ["\\u0413\\u043e\\u0440\\u043e\\u0434\\u0430"]}}]	9	66
698	2021-11-03 09:36:02.980368+03	15	Букет "Аврора"	2	[]	9	66
699	2021-11-03 09:37:08.361915+03	15	Букет "Аврора"	2	[{"changed": {"fields": ["\\u0426\\u0435\\u043d\\u0430"]}}]	9	66
700	2021-11-03 09:38:49.026707+03	15	Букет "Аврора"	2	[{"changed": {"fields": ["\\u0426\\u0435\\u043d\\u0430", "\\u041f\\u0440\\u043e\\u0446\\u0435\\u043d\\u0442 \\u0441\\u043a\\u0438\\u0434\\u043a\\u0438"]}}]	9	66
701	2021-11-03 09:39:01.932986+03	15	Букет "Аврора"	2	[{"changed": {"fields": ["\\u0410\\u043a\\u0446\\u0438\\u044f"]}}]	9	66
702	2021-11-03 09:40:06.695371+03	15	Букет "Аврора"	2	[]	9	66
703	2021-11-03 09:40:12.008151+03	15	Букет "Аврора"	2	[{"changed": {"fields": ["\\u0426\\u0435\\u043d\\u0430"]}}]	9	66
704	2021-11-03 09:41:53.962982+03	318	Букет "Аврора"	1	[{"added": {}}]	9	66
705	2021-11-03 09:42:13.622095+03	318	Букет "Аврора"	2	[{"added": {"name": "\\u041a\\u0430\\u0440\\u0442\\u0438\\u043d\\u044b", "object": "\\u041a\\u0430\\u0440\\u0442\\u0438\\u043d\\u0430 \\u0411\\u0443\\u043a\\u0435\\u0442 \\"\\u0410\\u0432\\u0440\\u043e\\u0440\\u0430\\""}}]	9	66
706	2021-11-03 09:42:34.551565+03	15	Букет "Аврора"	3		9	66
707	2021-11-03 10:01:56.568606+03	262	Букет "Внимание"	2	[{"changed": {"fields": ["\\u041d\\u0430\\u0437\\u0432\\u0430\\u043d\\u0438\\u0435", "\\u041e\\u043f\\u0438\\u0441\\u0430\\u043d\\u0438\\u0435", "\\u041f\\u043e\\u0432\\u043e\\u0434\\u044b", "\\u0413\\u043e\\u0442\\u043e\\u0432\\u044b\\u0439 \\u0431\\u0443\\u043a\\u0435\\u0442", "8 \\u043c\\u0430\\u0440\\u0442"]}}]	9	66
708	2021-11-03 10:04:32.178271+03	229	Композиция "Сладкий сон"	2	[{"changed": {"fields": ["\\u041d\\u0430\\u0437\\u0432\\u0430\\u043d\\u0438\\u0435", "\\u041e\\u043f\\u0438\\u0441\\u0430\\u043d\\u0438\\u0435", "\\u0413\\u043e\\u0442\\u043e\\u0432\\u044b\\u0439 \\u0431\\u0443\\u043a\\u0435\\u0442", "8 \\u043c\\u0430\\u0440\\u0442", "\\u0413\\u043e\\u0440\\u043e\\u0434\\u0430"]}}]	9	66
709	2021-11-03 10:07:01.922021+03	261	Букет "Утренняя заря"	2	[{"changed": {"fields": ["\\u041d\\u0430\\u0437\\u0432\\u0430\\u043d\\u0438\\u0435", "\\u041e\\u043f\\u0438\\u0441\\u0430\\u043d\\u0438\\u0435", "\\u041f\\u043e\\u0432\\u043e\\u0434\\u044b", "\\u0413\\u043e\\u0442\\u043e\\u0432\\u044b\\u0439 \\u0431\\u0443\\u043a\\u0435\\u0442", "8 \\u043c\\u0430\\u0440\\u0442"]}}]	9	66
1376	2022-04-07 12:33:13.950854+03	669	Заявка 11111111111111	3		18	230
710	2021-11-03 10:08:55.597635+03	260	Букет "Безмятежность"	2	[{"changed": {"fields": ["\\u041d\\u0430\\u0437\\u0432\\u0430\\u043d\\u0438\\u0435", "\\u041e\\u043f\\u0438\\u0441\\u0430\\u043d\\u0438\\u0435", "\\u041f\\u043e\\u0432\\u043e\\u0434\\u044b", "\\u0413\\u043e\\u0442\\u043e\\u0432\\u044b\\u0439 \\u0431\\u0443\\u043a\\u0435\\u0442", "8 \\u043c\\u0430\\u0440\\u0442"]}}]	9	66
711	2021-11-03 10:12:53.717101+03	259	Букет "Миллениум"	2	[{"changed": {"fields": ["\\u041d\\u0430\\u0437\\u0432\\u0430\\u043d\\u0438\\u0435", "\\u041e\\u043f\\u0438\\u0441\\u0430\\u043d\\u0438\\u0435", "\\u041f\\u043e\\u0432\\u043e\\u0434\\u044b", "\\u0413\\u043e\\u0442\\u043e\\u0432\\u044b\\u0439 \\u0431\\u0443\\u043a\\u0435\\u0442", "8 \\u043c\\u0430\\u0440\\u0442"]}}]	9	66
712	2021-11-03 10:15:16.308261+03	228	Композиция "Unicorn"	2	[{"changed": {"fields": ["\\u041d\\u0430\\u0437\\u0432\\u0430\\u043d\\u0438\\u0435", "\\u041e\\u043f\\u0438\\u0441\\u0430\\u043d\\u0438\\u0435", "\\u041f\\u043e\\u0432\\u043e\\u0434\\u044b", "\\u041a\\u043e\\u043c\\u043f\\u043e\\u0437\\u0438\\u0446\\u0438\\u0438", "8 \\u043c\\u0430\\u0440\\u0442", "\\u0413\\u043e\\u0440\\u043e\\u0434\\u0430"]}}]	9	66
713	2021-11-03 10:17:26.41795+03	227	Букет "Пламя"	2	[{"changed": {"fields": ["\\u041d\\u0430\\u0437\\u0432\\u0430\\u043d\\u0438\\u0435", "\\u041e\\u043f\\u0438\\u0441\\u0430\\u043d\\u0438\\u0435", "\\u041f\\u043e\\u0432\\u043e\\u0434\\u044b", "\\u0413\\u043e\\u0442\\u043e\\u0432\\u044b\\u0439 \\u0431\\u0443\\u043a\\u0435\\u0442", "8 \\u043c\\u0430\\u0440\\u0442", "\\u0413\\u043e\\u0440\\u043e\\u0434\\u0430"]}}]	9	66
714	2021-11-03 10:18:59.356186+03	226	Букет "Сладкий сюрприз"	2	[{"changed": {"fields": ["\\u041d\\u0430\\u0437\\u0432\\u0430\\u043d\\u0438\\u0435", "\\u041e\\u043f\\u0438\\u0441\\u0430\\u043d\\u0438\\u0435", "\\u041f\\u043e\\u0432\\u043e\\u0434\\u044b", "\\u0413\\u043e\\u0442\\u043e\\u0432\\u044b\\u0439 \\u0431\\u0443\\u043a\\u0435\\u0442", "8 \\u043c\\u0430\\u0440\\u0442"]}}]	9	66
715	2021-11-03 10:20:12.847001+03	225	Букет "Робкость"	2	[{"changed": {"fields": ["\\u041d\\u0430\\u0437\\u0432\\u0430\\u043d\\u0438\\u0435", "\\u041e\\u043f\\u0438\\u0441\\u0430\\u043d\\u0438\\u0435", "\\u041f\\u043e\\u0432\\u043e\\u0434\\u044b", "\\u0413\\u043e\\u0440\\u043e\\u0434\\u0430"]}}]	9	66
716	2021-11-03 10:23:20.550464+03	224	Композиция "Мягкость"	2	[{"changed": {"fields": ["\\u041d\\u0430\\u0437\\u0432\\u0430\\u043d\\u0438\\u0435", "\\u041e\\u043f\\u0438\\u0441\\u0430\\u043d\\u0438\\u0435", "\\u041f\\u043e\\u0432\\u043e\\u0434\\u044b", "\\u041a\\u043e\\u043c\\u043f\\u043e\\u0437\\u0438\\u0446\\u0438\\u0438", "8 \\u043c\\u0430\\u0440\\u0442", "\\u0413\\u043e\\u0440\\u043e\\u0434\\u0430"]}}]	9	66
717	2021-11-03 10:23:59.775005+03	309	Букет "Романтический сад"	2	[{"changed": {"fields": ["\\u0410\\u043a\\u0442\\u0438\\u0432\\u043d\\u044b\\u0439"]}}]	9	66
718	2021-11-03 10:25:27.473539+03	223	Букет "Purple"	2	[{"changed": {"fields": ["\\u041d\\u0430\\u0437\\u0432\\u0430\\u043d\\u0438\\u0435", "\\u041e\\u043f\\u0438\\u0441\\u0430\\u043d\\u0438\\u0435", "8 \\u043c\\u0430\\u0440\\u0442"]}}]	9	66
719	2021-11-03 10:25:41.017444+03	223	Букет "Purple"	2	[{"changed": {"fields": ["\\u0413\\u043e\\u0440\\u043e\\u0434\\u0430"]}}]	9	66
720	2021-11-03 10:27:44.003057+03	222	Сладкая композиция	3		9	66
721	2021-11-03 10:28:35.075312+03	221	Композиция	2	[{"changed": {"fields": ["\\u0413\\u043e\\u0440\\u043e\\u0434\\u0430"]}}]	9	66
722	2021-11-03 10:29:24.547513+03	221	Композиция "Восторг"	2	[{"changed": {"fields": ["\\u041d\\u0430\\u0437\\u0432\\u0430\\u043d\\u0438\\u0435", "\\u041e\\u043f\\u0438\\u0441\\u0430\\u043d\\u0438\\u0435", "\\u041a\\u043e\\u043c\\u043f\\u043e\\u0437\\u0438\\u0446\\u0438\\u0438", "8 \\u043c\\u0430\\u0440\\u0442"]}}]	9	66
723	2021-11-03 10:30:39.569334+03	219	Нежная композиция	3		9	66
724	2021-11-03 10:30:58.624918+03	220	Нежная композиция	3		9	66
725	2021-11-03 10:31:48.725798+03	218	Композиция "Бисквит"	2	[{"changed": {"fields": ["\\u041d\\u0430\\u0437\\u0432\\u0430\\u043d\\u0438\\u0435", "\\u041e\\u043f\\u0438\\u0441\\u0430\\u043d\\u0438\\u0435", "\\u041a\\u043e\\u043c\\u043f\\u043e\\u0437\\u0438\\u0446\\u0438\\u0438", "8 \\u043c\\u0430\\u0440\\u0442", "\\u0413\\u043e\\u0440\\u043e\\u0434\\u0430"]}}]	9	66
726	2021-11-03 10:35:33.303854+03	217	Букет "Грёзы"	2	[{"changed": {"fields": ["\\u041d\\u0430\\u0437\\u0432\\u0430\\u043d\\u0438\\u0435", "\\u041e\\u043f\\u0438\\u0441\\u0430\\u043d\\u0438\\u0435", "8 \\u043c\\u0430\\u0440\\u0442", "\\u0413\\u043e\\u0440\\u043e\\u0434\\u0430"]}}]	9	66
727	2021-11-03 10:37:00.580653+03	216	Композиция "Идеал"	2	[{"changed": {"fields": ["\\u041d\\u0430\\u0437\\u0432\\u0430\\u043d\\u0438\\u0435", "\\u041e\\u043f\\u0438\\u0441\\u0430\\u043d\\u0438\\u0435", "\\u041a\\u043e\\u043c\\u043f\\u043e\\u0437\\u0438\\u0446\\u0438\\u0438", "8 \\u043c\\u0430\\u0440\\u0442", "\\u0413\\u043e\\u0440\\u043e\\u0434\\u0430"]}}]	9	66
728	2021-11-03 10:38:44.629332+03	215	Букет ""Гранат"	2	[{"changed": {"fields": ["\\u041d\\u0430\\u0437\\u0432\\u0430\\u043d\\u0438\\u0435", "\\u041e\\u043f\\u0438\\u0441\\u0430\\u043d\\u0438\\u0435", "\\u041f\\u043e\\u0432\\u043e\\u0434\\u044b", "8 \\u043c\\u0430\\u0440\\u0442"]}}]	9	66
729	2021-11-03 10:40:18.209172+03	215	Букет ""Гранат"	2	[{"changed": {"fields": ["\\u0413\\u043e\\u0440\\u043e\\u0434\\u0430"]}}]	9	66
730	2021-11-03 10:41:11.574873+03	214	Композиция "Хрусталь"	2	[{"changed": {"fields": ["\\u041d\\u0430\\u0437\\u0432\\u0430\\u043d\\u0438\\u0435", "\\u041e\\u043f\\u0438\\u0441\\u0430\\u043d\\u0438\\u0435", "\\u041f\\u043e\\u0432\\u043e\\u0434\\u044b", "8 \\u043c\\u0430\\u0440\\u0442", "\\u0413\\u043e\\u0440\\u043e\\u0434\\u0430"]}}]	9	66
731	2021-11-03 10:42:50.799662+03	213	Композиция "Чувственный"	2	[{"changed": {"fields": ["\\u041d\\u0430\\u0437\\u0432\\u0430\\u043d\\u0438\\u0435", "\\u041e\\u043f\\u0438\\u0441\\u0430\\u043d\\u0438\\u0435", "\\u041a\\u043e\\u043c\\u043f\\u043e\\u0437\\u0438\\u0446\\u0438\\u0438", "8 \\u043c\\u0430\\u0440\\u0442"]}}]	9	66
732	2021-11-03 10:43:16.195725+03	213	Композиция "Чувственная"	2	[{"changed": {"fields": ["\\u041d\\u0430\\u0437\\u0432\\u0430\\u043d\\u0438\\u0435", "\\u0413\\u043e\\u0440\\u043e\\u0434\\u0430"]}}]	9	66
733	2021-11-03 10:43:32.72918+03	212	Нежная композиция	3		9	66
734	2021-11-03 10:44:39.42945+03	226	Букет "Сладкий сюрприз"	2	[{"changed": {"fields": ["\\u0413\\u043e\\u0440\\u043e\\u0434\\u0430"]}}]	9	66
735	2021-11-03 10:46:06.233941+03	211	Композиция "Прага"	2	[{"changed": {"fields": ["\\u041d\\u0430\\u0437\\u0432\\u0430\\u043d\\u0438\\u0435", "\\u041e\\u043f\\u0438\\u0441\\u0430\\u043d\\u0438\\u0435", "\\u041a\\u043e\\u043c\\u043f\\u043e\\u0437\\u0438\\u0446\\u0438\\u0438", "8 \\u043c\\u0430\\u0440\\u0442", "\\u0413\\u043e\\u0440\\u043e\\u0434\\u0430"]}}]	9	66
736	2021-11-03 10:48:09.670338+03	210	Нежная композиция	3		9	66
737	2021-11-03 10:48:50.24987+03	209	Букет "Сладкая вата"	2	[{"changed": {"fields": ["\\u041d\\u0430\\u0437\\u0432\\u0430\\u043d\\u0438\\u0435", "\\u041e\\u043f\\u0438\\u0441\\u0430\\u043d\\u0438\\u0435", "8 \\u043c\\u0430\\u0440\\u0442", "\\u0410\\u043a\\u0446\\u0438\\u044f", "\\u0413\\u043e\\u0440\\u043e\\u0434\\u0430"]}}]	9	66
738	2021-11-03 10:53:10.436979+03	208	Композиция "Холодное сердце"	2	[{"changed": {"fields": ["\\u041d\\u0430\\u0437\\u0432\\u0430\\u043d\\u0438\\u0435", "\\u041e\\u043f\\u0438\\u0441\\u0430\\u043d\\u0438\\u0435", "\\u041a\\u043e\\u043c\\u043f\\u043e\\u0437\\u0438\\u0446\\u0438\\u0438", "8 \\u043c\\u0430\\u0440\\u0442"]}}]	9	66
739	2021-11-03 10:53:27.755402+03	208	Композиция "Холодное сердце"	2	[{"changed": {"fields": ["\\u0413\\u043e\\u0440\\u043e\\u0434\\u0430"]}}]	9	66
1377	2022-04-07 12:33:13.954036+03	668	Заявка 11111111111111	3		18	230
740	2021-11-03 10:54:39.890653+03	207	Букет "Откровение"	2	[{"changed": {"fields": ["\\u041d\\u0430\\u0437\\u0432\\u0430\\u043d\\u0438\\u0435", "\\u041e\\u043f\\u0438\\u0441\\u0430\\u043d\\u0438\\u0435", "8 \\u043c\\u0430\\u0440\\u0442", "\\u0413\\u043e\\u0440\\u043e\\u0434\\u0430"]}}]	9	66
741	2021-11-03 10:57:06.406457+03	206	Букет "Коктейль"	2	[{"changed": {"fields": ["\\u041d\\u0430\\u0437\\u0432\\u0430\\u043d\\u0438\\u0435", "\\u041e\\u043f\\u0438\\u0441\\u0430\\u043d\\u0438\\u0435", "\\u0413\\u043e\\u0442\\u043e\\u0432\\u044b\\u0439 \\u0431\\u0443\\u043a\\u0435\\u0442", "8 \\u043c\\u0430\\u0440\\u0442", "\\u0413\\u043e\\u0440\\u043e\\u0434\\u0430"]}}]	9	66
742	2021-11-03 10:57:54.985771+03	205	Букет "Сюрприз"	2	[{"changed": {"fields": ["\\u041d\\u0430\\u0437\\u0432\\u0430\\u043d\\u0438\\u0435", "\\u041e\\u043f\\u0438\\u0441\\u0430\\u043d\\u0438\\u0435", "\\u0413\\u043e\\u0442\\u043e\\u0432\\u044b\\u0439 \\u0431\\u0443\\u043a\\u0435\\u0442", "8 \\u043c\\u0430\\u0440\\u0442", "\\u0413\\u043e\\u0440\\u043e\\u0434\\u0430"]}}]	9	66
743	2021-11-03 10:59:31.156658+03	204	Букет "Белоснежность"	2	[{"changed": {"fields": ["\\u041d\\u0430\\u0437\\u0432\\u0430\\u043d\\u0438\\u0435", "\\u041e\\u043f\\u0438\\u0441\\u0430\\u043d\\u0438\\u0435", "\\u0413\\u043e\\u0442\\u043e\\u0432\\u044b\\u0439 \\u0431\\u0443\\u043a\\u0435\\u0442", "8 \\u043c\\u0430\\u0440\\u0442", "\\u0413\\u043e\\u0440\\u043e\\u0434\\u0430"]}}]	9	66
744	2021-11-03 11:00:35.182493+03	203	Букет "Авангард"	2	[{"changed": {"fields": ["\\u041d\\u0430\\u0437\\u0432\\u0430\\u043d\\u0438\\u0435", "\\u041e\\u043f\\u0438\\u0441\\u0430\\u043d\\u0438\\u0435", "\\u0413\\u043e\\u0442\\u043e\\u0432\\u044b\\u0439 \\u0431\\u0443\\u043a\\u0435\\u0442", "8 \\u043c\\u0430\\u0440\\u0442", "\\u0413\\u043e\\u0440\\u043e\\u0434\\u0430"]}}]	9	66
745	2021-11-03 11:14:26.099481+03	201	Букет "Акварель"	2	[{"changed": {"fields": ["\\u041d\\u0430\\u0437\\u0432\\u0430\\u043d\\u0438\\u0435", "\\u041e\\u043f\\u0438\\u0441\\u0430\\u043d\\u0438\\u0435", "\\u0413\\u043e\\u0442\\u043e\\u0432\\u044b\\u0439 \\u0431\\u0443\\u043a\\u0435\\u0442", "8 \\u043c\\u0430\\u0440\\u0442"]}}]	9	66
746	2021-11-03 11:14:39.597969+03	201	Букет "Акварель"	2	[{"changed": {"fields": ["\\u0413\\u043e\\u0440\\u043e\\u0434\\u0430"]}}]	9	66
747	2021-11-03 13:01:28.662486+03	200	Букет "Жемчуг"	2	[{"changed": {"fields": ["\\u041d\\u0430\\u0437\\u0432\\u0430\\u043d\\u0438\\u0435", "\\u041e\\u043f\\u0438\\u0441\\u0430\\u043d\\u0438\\u0435", "\\u041f\\u043e\\u0432\\u043e\\u0434\\u044b", "\\u0413\\u043e\\u0442\\u043e\\u0432\\u044b\\u0439 \\u0431\\u0443\\u043a\\u0435\\u0442", "8 \\u043c\\u0430\\u0440\\u0442", "\\u0413\\u043e\\u0440\\u043e\\u0434\\u0430"]}}]	9	66
748	2021-11-03 13:16:48.595854+03	199	Букет "Благородство"	2	[{"changed": {"fields": ["\\u041d\\u0430\\u0437\\u0432\\u0430\\u043d\\u0438\\u0435", "\\u041e\\u043f\\u0438\\u0441\\u0430\\u043d\\u0438\\u0435", "\\u041f\\u043e\\u0432\\u043e\\u0434\\u044b", "\\u0413\\u043e\\u0442\\u043e\\u0432\\u044b\\u0439 \\u0431\\u0443\\u043a\\u0435\\u0442", "8 \\u043c\\u0430\\u0440\\u0442", "\\u0413\\u043e\\u0440\\u043e\\u0434\\u0430"]}}]	9	66
749	2021-11-03 13:33:32.739542+03	198	Букет "Стихия чувств"	2	[{"changed": {"fields": ["\\u041d\\u0430\\u0437\\u0432\\u0430\\u043d\\u0438\\u0435", "\\u041e\\u043f\\u0438\\u0441\\u0430\\u043d\\u0438\\u0435", "\\u0413\\u043e\\u0440\\u043e\\u0434\\u0430"]}}]	9	66
750	2021-11-03 13:37:51.35341+03	197	Нежный евробукет	3		9	66
751	2021-11-03 13:39:34.853651+03	196	Композиция "Rainbow"	2	[{"changed": {"fields": ["\\u041d\\u0430\\u0437\\u0432\\u0430\\u043d\\u0438\\u0435", "\\u041e\\u043f\\u0438\\u0441\\u0430\\u043d\\u0438\\u0435", "\\u0413\\u043e\\u0442\\u043e\\u0432\\u044b\\u0439 \\u0431\\u0443\\u043a\\u0435\\u0442", "\\u041a\\u043e\\u043c\\u043f\\u043e\\u0437\\u0438\\u0446\\u0438\\u0438", "8 \\u043c\\u0430\\u0440\\u0442", "\\u0413\\u043e\\u0440\\u043e\\u0434\\u0430"]}}]	9	66
752	2021-11-03 13:55:03.225614+03	195	Букет "Эстелла"	2	[{"changed": {"fields": ["\\u041d\\u0430\\u0437\\u0432\\u0430\\u043d\\u0438\\u0435", "\\u041e\\u043f\\u0438\\u0441\\u0430\\u043d\\u0438\\u0435", "\\u0413\\u043e\\u0442\\u043e\\u0432\\u044b\\u0439 \\u0431\\u0443\\u043a\\u0435\\u0442", "\\u041a\\u043e\\u043c\\u043f\\u043e\\u0437\\u0438\\u0446\\u0438\\u0438", "8 \\u043c\\u0430\\u0440\\u0442", "\\u0413\\u043e\\u0440\\u043e\\u0434\\u0430"]}}]	9	66
753	2021-11-03 13:57:20.417056+03	194	Букет "Pink"	2	[{"changed": {"fields": ["\\u041d\\u0430\\u0437\\u0432\\u0430\\u043d\\u0438\\u0435", "\\u041e\\u043f\\u0438\\u0441\\u0430\\u043d\\u0438\\u0435", "\\u0413\\u043e\\u0442\\u043e\\u0432\\u044b\\u0439 \\u0431\\u0443\\u043a\\u0435\\u0442", "8 \\u043c\\u0430\\u0440\\u0442", "\\u0413\\u043e\\u0440\\u043e\\u0434\\u0430"]}}]	9	66
754	2021-11-03 13:59:17.366499+03	192	Композиция "Нежность в мелочах"	2	[{"changed": {"fields": ["\\u041d\\u0430\\u0437\\u0432\\u0430\\u043d\\u0438\\u0435", "\\u041e\\u043f\\u0438\\u0441\\u0430\\u043d\\u0438\\u0435", "\\u041f\\u043e\\u0432\\u043e\\u0434\\u044b", "\\u0413\\u043e\\u0440\\u043e\\u0434\\u0430"]}}]	9	66
755	2021-11-04 08:02:07.28989+03	318	Букет "Аврора"	2	[{"changed": {"fields": ["\\u0410\\u043a\\u0442\\u0438\\u0432\\u043d\\u044b\\u0439"]}}]	9	66
756	2021-11-04 08:03:09.469761+03	302	Букет "Романс"	2	[{"changed": {"fields": ["\\u0410\\u043a\\u0442\\u0438\\u0432\\u043d\\u044b\\u0439"]}}]	9	66
757	2021-11-04 08:05:09.37532+03	261	Букет "Утренняя заря"	2	[{"changed": {"fields": ["\\u0413\\u043e\\u0442\\u043e\\u0432\\u044b\\u0439 \\u0431\\u0443\\u043a\\u0435\\u0442"]}}]	9	66
758	2021-11-04 08:06:09.778951+03	260	Букет "Безмятежность"	2	[{"changed": {"fields": ["\\u0413\\u043e\\u0442\\u043e\\u0432\\u044b\\u0439 \\u0431\\u0443\\u043a\\u0435\\u0442"]}}]	9	66
759	2021-11-04 08:06:09.786673+03	259	Букет "Миллениум"	2	[{"changed": {"fields": ["\\u0413\\u043e\\u0442\\u043e\\u0432\\u044b\\u0439 \\u0431\\u0443\\u043a\\u0435\\u0442"]}}]	9	66
760	2021-11-04 08:06:09.791478+03	229	Композиция "Сладкий сон"	2	[{"changed": {"fields": ["\\u0413\\u043e\\u0442\\u043e\\u0432\\u044b\\u0439 \\u0431\\u0443\\u043a\\u0435\\u0442"]}}]	9	66
761	2021-11-04 08:06:09.796156+03	227	Букет "Пламя"	2	[{"changed": {"fields": ["\\u0413\\u043e\\u0442\\u043e\\u0432\\u044b\\u0439 \\u0431\\u0443\\u043a\\u0435\\u0442"]}}]	9	66
762	2021-11-04 08:06:09.800076+03	206	Букет "Коктейль"	2	[{"changed": {"fields": ["\\u0413\\u043e\\u0442\\u043e\\u0432\\u044b\\u0439 \\u0431\\u0443\\u043a\\u0435\\u0442"]}}]	9	66
763	2021-11-04 08:06:09.804622+03	204	Букет "Белоснежность"	2	[{"changed": {"fields": ["\\u0413\\u043e\\u0442\\u043e\\u0432\\u044b\\u0439 \\u0431\\u0443\\u043a\\u0435\\u0442"]}}]	9	66
764	2021-11-04 08:06:09.808635+03	203	Букет "Авангард"	2	[{"changed": {"fields": ["\\u0413\\u043e\\u0442\\u043e\\u0432\\u044b\\u0439 \\u0431\\u0443\\u043a\\u0435\\u0442"]}}]	9	66
765	2021-11-04 08:06:09.812284+03	200	Букет "Жемчуг"	2	[{"changed": {"fields": ["\\u0413\\u043e\\u0442\\u043e\\u0432\\u044b\\u0439 \\u0431\\u0443\\u043a\\u0435\\u0442"]}}]	9	66
766	2021-11-04 08:06:09.816298+03	194	Букет "Pink"	2	[{"changed": {"fields": ["\\u0413\\u043e\\u0442\\u043e\\u0432\\u044b\\u0439 \\u0431\\u0443\\u043a\\u0435\\u0442"]}}]	9	66
767	2021-11-04 08:07:06.585918+03	262	Букет "Внимание"	2	[{"changed": {"fields": ["\\u0413\\u043e\\u0442\\u043e\\u0432\\u044b\\u0439 \\u0431\\u0443\\u043a\\u0435\\u0442"]}}]	9	66
768	2021-11-04 08:07:06.594319+03	195	Букет "Эстелла"	2	[{"changed": {"fields": ["\\u0413\\u043e\\u0442\\u043e\\u0432\\u044b\\u0439 \\u0431\\u0443\\u043a\\u0435\\u0442"]}}]	9	66
769	2021-11-04 08:07:06.599193+03	193	Евробукет с добавлением королевской гортензии	2	[{"changed": {"fields": ["\\u0413\\u043e\\u0442\\u043e\\u0432\\u044b\\u0439 \\u0431\\u0443\\u043a\\u0435\\u0442"]}}]	9	66
1378	2022-04-07 12:33:13.957327+03	667	Заявка 11111111111111	3		18	230
770	2021-11-04 08:15:13.389156+03	315	Букет "Юпитер"	2	[{"changed": {"fields": ["\\u0413\\u043e\\u0442\\u043e\\u0432\\u044b\\u0439 \\u0431\\u0443\\u043a\\u0435\\u0442"]}}]	9	66
771	2021-11-04 08:15:13.394481+03	287	Букет "Лучи солнца"	2	[{"changed": {"fields": ["\\u0413\\u043e\\u0442\\u043e\\u0432\\u044b\\u0439 \\u0431\\u0443\\u043a\\u0435\\u0442"]}}]	9	66
772	2021-11-04 08:19:38.591151+03	283	Букет "Комплимент"	2	[{"changed": {"fields": ["\\u0413\\u043e\\u0442\\u043e\\u0432\\u044b\\u0439 \\u0431\\u0443\\u043a\\u0435\\u0442"]}}]	9	66
773	2021-11-04 08:19:38.594473+03	240	Яркая композиция роз	2	[{"changed": {"fields": ["\\u0413\\u043e\\u0442\\u043e\\u0432\\u044b\\u0439 \\u0431\\u0443\\u043a\\u0435\\u0442"]}}]	9	66
774	2021-11-04 08:21:17.284007+03	240	Яркая композиция роз	2	[{"changed": {"fields": ["\\u0413\\u043e\\u0442\\u043e\\u0432\\u044b\\u0439 \\u0431\\u0443\\u043a\\u0435\\u0442"]}}]	9	66
775	2021-11-04 08:22:51.919603+03	280	Букет "Небосвод"	2	[{"changed": {"fields": ["\\u0413\\u043e\\u0442\\u043e\\u0432\\u044b\\u0439 \\u0431\\u0443\\u043a\\u0435\\u0442"]}}]	9	66
776	2021-11-04 08:28:38.840158+03	280	Букет "Небосвод"	2	[{"changed": {"fields": ["\\u0413\\u043e\\u0442\\u043e\\u0432\\u044b\\u0439 \\u0431\\u0443\\u043a\\u0435\\u0442"]}}]	9	66
777	2021-11-04 08:42:24.440115+03	201	Букет "Акварель"	2	[{"changed": {"fields": ["\\u0413\\u043e\\u0442\\u043e\\u0432\\u044b\\u0439 \\u0431\\u0443\\u043a\\u0435\\u0442"]}}]	9	66
778	2021-11-04 10:01:54.458879+03	319	Композиция "Сладкий сюрприз"	1	[{"added": {}}, {"added": {"name": "\\u041a\\u0430\\u0440\\u0442\\u0438\\u043d\\u044b", "object": "\\u041a\\u0430\\u0440\\u0442\\u0438\\u043d\\u0430 \\u041a\\u043e\\u043c\\u043f\\u043e\\u0437\\u0438\\u0446\\u0438\\u044f \\"\\u0421\\u043b\\u0430\\u0434\\u043a\\u0438\\u0439 \\u0441\\u044e\\u0440\\u043f\\u0440\\u0438\\u0437\\""}}, {"added": {"name": "\\u041a\\u0430\\u0440\\u0442\\u0438\\u043d\\u044b", "object": "\\u041a\\u0430\\u0440\\u0442\\u0438\\u043d\\u0430 \\u041a\\u043e\\u043c\\u043f\\u043e\\u0437\\u0438\\u0446\\u0438\\u044f \\"\\u0421\\u043b\\u0430\\u0434\\u043a\\u0438\\u0439 \\u0441\\u044e\\u0440\\u043f\\u0440\\u0438\\u0437\\""}}]	9	66
779	2021-11-04 10:02:43.975988+03	226	Композиция "Сладкий сюрприз"	2	[{"changed": {"fields": ["\\u041d\\u0430\\u0437\\u0432\\u0430\\u043d\\u0438\\u0435"]}}]	9	66
780	2021-11-04 10:06:33.684594+03	226	Композиция "Сладкий сюрприз"	2	[{"changed": {"fields": ["\\u0426\\u0435\\u043d\\u0430"]}}]	9	66
781	2021-11-04 10:09:40.353808+03	320	Композиция "Рубин"	1	[{"added": {}}]	9	66
782	2021-11-04 10:10:16.778139+03	319	Композиция "Сладкий сюрприз"	2	[{"changed": {"fields": ["\\u0426\\u0435\\u043d\\u0430", "\\u041f\\u0440\\u043e\\u0446\\u0435\\u043d\\u0442 \\u0441\\u043a\\u0438\\u0434\\u043a\\u0438"]}}]	9	66
783	2021-11-04 10:10:34.166192+03	226	Композиция "Сладкий сюрприз"	2	[{"changed": {"fields": ["\\u0426\\u0435\\u043d\\u0430", "\\u041f\\u0440\\u043e\\u0446\\u0435\\u043d\\u0442 \\u0441\\u043a\\u0438\\u0434\\u043a\\u0438"]}}]	9	66
784	2021-11-04 10:11:01.240955+03	319	Композиция "Сладкий сюрприз"	2	[]	9	66
785	2021-11-04 10:11:41.084539+03	226	Композиция "Сладкий сюрприз"	2	[{"changed": {"fields": ["\\u0413\\u043e\\u0442\\u043e\\u0432\\u044b\\u0439 \\u0431\\u0443\\u043a\\u0435\\u0442"]}}]	9	66
786	2021-11-04 10:17:26.733914+03	199	Букет "Благородство"	2	[{"changed": {"fields": ["\\u0413\\u043e\\u0442\\u043e\\u0432\\u044b\\u0439 \\u0431\\u0443\\u043a\\u0435\\u0442"]}}]	9	66
787	2021-11-04 10:18:10.303147+03	320	Композиция "Рубин"	2	[{"added": {"name": "\\u041a\\u0430\\u0440\\u0442\\u0438\\u043d\\u044b", "object": "\\u041a\\u0430\\u0440\\u0442\\u0438\\u043d\\u0430 \\u041a\\u043e\\u043c\\u043f\\u043e\\u0437\\u0438\\u0446\\u0438\\u044f \\"\\u0420\\u0443\\u0431\\u0438\\u043d\\""}}, {"added": {"name": "\\u041a\\u0430\\u0440\\u0442\\u0438\\u043d\\u044b", "object": "\\u041a\\u0430\\u0440\\u0442\\u0438\\u043d\\u0430 \\u041a\\u043e\\u043c\\u043f\\u043e\\u0437\\u0438\\u0446\\u0438\\u044f \\"\\u0420\\u0443\\u0431\\u0438\\u043d\\""}}]	9	66
788	2021-11-04 10:25:09.496128+03	320	Композиция "Рубин"	2	[{"deleted": {"name": "\\u041a\\u0430\\u0440\\u0442\\u0438\\u043d\\u044b", "object": "\\u041a\\u0430\\u0440\\u0442\\u0438\\u043d\\u0430 \\u041a\\u043e\\u043c\\u043f\\u043e\\u0437\\u0438\\u0446\\u0438\\u044f \\"\\u0420\\u0443\\u0431\\u0438\\u043d\\""}}, {"deleted": {"name": "\\u041a\\u0430\\u0440\\u0442\\u0438\\u043d\\u044b", "object": "\\u041a\\u0430\\u0440\\u0442\\u0438\\u043d\\u0430 \\u041a\\u043e\\u043c\\u043f\\u043e\\u0437\\u0438\\u0446\\u0438\\u044f \\"\\u0420\\u0443\\u0431\\u0438\\u043d\\""}}]	9	66
789	2021-11-04 10:25:39.381455+03	320	Композиция "Рубин"	2	[{"added": {"name": "\\u041a\\u0430\\u0440\\u0442\\u0438\\u043d\\u044b", "object": "\\u041a\\u0430\\u0440\\u0442\\u0438\\u043d\\u0430 \\u041a\\u043e\\u043c\\u043f\\u043e\\u0437\\u0438\\u0446\\u0438\\u044f \\"\\u0420\\u0443\\u0431\\u0438\\u043d\\""}}, {"added": {"name": "\\u041a\\u0430\\u0440\\u0442\\u0438\\u043d\\u044b", "object": "\\u041a\\u0430\\u0440\\u0442\\u0438\\u043d\\u0430 \\u041a\\u043e\\u043c\\u043f\\u043e\\u0437\\u0438\\u0446\\u0438\\u044f \\"\\u0420\\u0443\\u0431\\u0438\\u043d\\""}}]	9	66
790	2021-11-04 10:27:12.382384+03	320	Композиция "Рубин"	3		9	66
791	2021-11-04 10:28:28.03166+03	319	Композиция "Сладкий сюрприз"	2	[{"changed": {"fields": ["\\u0410\\u043a\\u0446\\u0438\\u044f"]}}]	9	66
792	2021-11-04 10:28:53.100934+03	205	Букет "Сюрприз"	2	[{"changed": {"fields": ["\\u0410\\u043a\\u0442\\u0438\\u0432\\u043d\\u044b\\u0439"]}}]	9	66
793	2021-11-04 10:31:42.169995+03	172	Евробукет	3		9	66
794	2021-11-04 10:34:09.778407+03	171	Композиция премиум класса	2	[{"changed": {"fields": ["\\u0413\\u043e\\u0442\\u043e\\u0432\\u044b\\u0439 \\u0431\\u0443\\u043a\\u0435\\u0442"]}}]	9	66
795	2021-11-04 10:34:09.781662+03	163	Нежная композиция 	2	[{"changed": {"fields": ["\\u0413\\u043e\\u0442\\u043e\\u0432\\u044b\\u0439 \\u0431\\u0443\\u043a\\u0435\\u0442"]}}]	9	66
796	2021-11-04 10:34:09.784235+03	161	Евробукет 	2	[{"changed": {"fields": ["\\u0413\\u043e\\u0442\\u043e\\u0432\\u044b\\u0439 \\u0431\\u0443\\u043a\\u0435\\u0442"]}}]	9	66
797	2021-11-04 10:34:09.787079+03	158	Композиция премиум класса	2	[{"changed": {"fields": ["\\u0413\\u043e\\u0442\\u043e\\u0432\\u044b\\u0439 \\u0431\\u0443\\u043a\\u0435\\u0442"]}}]	9	66
798	2021-11-04 10:34:09.790854+03	157	Евробукет 	2	[{"changed": {"fields": ["\\u0413\\u043e\\u0442\\u043e\\u0432\\u044b\\u0439 \\u0431\\u0443\\u043a\\u0435\\u0442"]}}]	9	66
799	2021-11-04 10:34:09.794325+03	143	Композиция премиум класса	2	[{"changed": {"fields": ["\\u0413\\u043e\\u0442\\u043e\\u0432\\u044b\\u0439 \\u0431\\u0443\\u043a\\u0435\\u0442"]}}]	9	66
800	2021-11-04 10:34:09.797261+03	132	Евробукет 	2	[{"changed": {"fields": ["\\u0413\\u043e\\u0442\\u043e\\u0432\\u044b\\u0439 \\u0431\\u0443\\u043a\\u0435\\u0442"]}}]	9	66
801	2021-11-04 10:34:09.800697+03	131	Евробукет премиум класса	2	[{"changed": {"fields": ["\\u0413\\u043e\\u0442\\u043e\\u0432\\u044b\\u0439 \\u0431\\u0443\\u043a\\u0435\\u0442"]}}]	9	66
802	2021-11-04 10:34:09.804006+03	130	Евробукет премиум класса	2	[{"changed": {"fields": ["\\u0413\\u043e\\u0442\\u043e\\u0432\\u044b\\u0439 \\u0431\\u0443\\u043a\\u0435\\u0442"]}}]	9	66
803	2021-11-04 10:34:09.807488+03	129	Облако гипсофилы	2	[{"changed": {"fields": ["\\u0413\\u043e\\u0442\\u043e\\u0432\\u044b\\u0439 \\u0431\\u0443\\u043a\\u0435\\u0442"]}}]	9	66
1379	2022-04-07 12:33:13.960262+03	666	Заявка 11111111111111	3		18	230
804	2021-11-04 10:34:09.810513+03	128	Букет роз	2	[{"changed": {"fields": ["\\u0413\\u043e\\u0442\\u043e\\u0432\\u044b\\u0439 \\u0431\\u0443\\u043a\\u0435\\u0442"]}}]	9	66
805	2021-11-04 10:34:09.814421+03	126	Евробукет 	2	[{"changed": {"fields": ["\\u0413\\u043e\\u0442\\u043e\\u0432\\u044b\\u0439 \\u0431\\u0443\\u043a\\u0435\\u0442"]}}]	9	66
806	2021-11-04 10:34:09.817207+03	121	Конверт комплимент	2	[{"changed": {"fields": ["\\u0413\\u043e\\u0442\\u043e\\u0432\\u044b\\u0439 \\u0431\\u0443\\u043a\\u0435\\u0442"]}}]	9	66
807	2021-11-04 10:34:09.820166+03	110	Нежная композиция 	2	[{"changed": {"fields": ["\\u0413\\u043e\\u0442\\u043e\\u0432\\u044b\\u0439 \\u0431\\u0443\\u043a\\u0435\\u0442"]}}]	9	66
808	2021-11-04 10:34:09.822922+03	91	Евробукет 	2	[{"changed": {"fields": ["\\u0413\\u043e\\u0442\\u043e\\u0432\\u044b\\u0439 \\u0431\\u0443\\u043a\\u0435\\u0442"]}}]	9	66
809	2021-11-04 10:34:09.825481+03	88	Букет роз	2	[{"changed": {"fields": ["\\u0413\\u043e\\u0442\\u043e\\u0432\\u044b\\u0439 \\u0431\\u0443\\u043a\\u0435\\u0442"]}}]	9	66
810	2021-11-04 10:34:09.828105+03	72	Нежная композиция роз	2	[{"changed": {"fields": ["\\u0413\\u043e\\u0442\\u043e\\u0432\\u044b\\u0439 \\u0431\\u0443\\u043a\\u0435\\u0442"]}}]	9	66
811	2021-11-04 10:34:09.830992+03	69	Большой Евробукет	2	[{"changed": {"fields": ["\\u0413\\u043e\\u0442\\u043e\\u0432\\u044b\\u0439 \\u0431\\u0443\\u043a\\u0435\\u0442"]}}]	9	66
812	2021-11-04 10:34:09.834441+03	68	Комбо: Розы, Ваза, Сладкий букет	2	[{"changed": {"fields": ["\\u0413\\u043e\\u0442\\u043e\\u0432\\u044b\\u0439 \\u0431\\u0443\\u043a\\u0435\\u0442"]}}]	9	66
813	2021-11-04 10:34:09.837062+03	67	51 премиальная роза	2	[{"changed": {"fields": ["\\u0413\\u043e\\u0442\\u043e\\u0432\\u044b\\u0439 \\u0431\\u0443\\u043a\\u0435\\u0442"]}}]	9	66
814	2021-11-04 10:34:09.840575+03	66	Корейский Евробукет 	2	[{"changed": {"fields": ["\\u0413\\u043e\\u0442\\u043e\\u0432\\u044b\\u0439 \\u0431\\u0443\\u043a\\u0435\\u0442"]}}]	9	66
815	2021-11-04 10:34:09.843512+03	65	Цветы и сладости в коробке	2	[{"changed": {"fields": ["\\u0413\\u043e\\u0442\\u043e\\u0432\\u044b\\u0439 \\u0431\\u0443\\u043a\\u0435\\u0442"]}}]	9	66
816	2021-11-04 10:34:09.84658+03	64	Пышное облако гипсофилы	2	[{"changed": {"fields": ["\\u0413\\u043e\\u0442\\u043e\\u0432\\u044b\\u0439 \\u0431\\u0443\\u043a\\u0435\\u0442"]}}]	9	66
817	2021-11-04 10:34:09.849311+03	63	25 роз в коробке	2	[{"changed": {"fields": ["\\u0413\\u043e\\u0442\\u043e\\u0432\\u044b\\u0439 \\u0431\\u0443\\u043a\\u0435\\u0442"]}}]	9	66
818	2021-11-04 10:34:09.85269+03	62	Желтые розы в коробке	2	[{"changed": {"fields": ["\\u0413\\u043e\\u0442\\u043e\\u0432\\u044b\\u0439 \\u0431\\u0443\\u043a\\u0435\\u0442"]}}]	9	66
819	2021-11-04 10:34:09.855658+03	61	Красные розы в коробке	2	[{"changed": {"fields": ["\\u0413\\u043e\\u0442\\u043e\\u0432\\u044b\\u0439 \\u0431\\u0443\\u043a\\u0435\\u0442"]}}]	9	66
820	2021-11-04 10:34:09.858747+03	60	Экзотика в коробке	2	[{"changed": {"fields": ["\\u0413\\u043e\\u0442\\u043e\\u0432\\u044b\\u0439 \\u0431\\u0443\\u043a\\u0435\\u0442"]}}]	9	66
821	2021-11-04 10:34:09.861671+03	59	Премиальный сорт роз в коробке	2	[{"changed": {"fields": ["\\u0413\\u043e\\u0442\\u043e\\u0432\\u044b\\u0439 \\u0431\\u0443\\u043a\\u0435\\u0442"]}}]	9	66
822	2021-11-04 10:34:09.865753+03	58	Микс кустовых и одиночных роз	2	[{"changed": {"fields": ["\\u0413\\u043e\\u0442\\u043e\\u0432\\u044b\\u0439 \\u0431\\u0443\\u043a\\u0435\\u0442"]}}]	9	66
823	2021-11-04 10:34:09.86895+03	57	101 метровая роза	2	[{"changed": {"fields": ["\\u0413\\u043e\\u0442\\u043e\\u0432\\u044b\\u0439 \\u0431\\u0443\\u043a\\u0435\\u0442"]}}]	9	66
824	2021-11-04 10:34:09.871834+03	56	красно-белая коробка из экзотики и роз	2	[{"changed": {"fields": ["\\u0413\\u043e\\u0442\\u043e\\u0432\\u044b\\u0439 \\u0431\\u0443\\u043a\\u0435\\u0442"]}}]	9	66
825	2021-11-04 10:34:09.875048+03	55	Евробукет	2	[{"changed": {"fields": ["\\u0413\\u043e\\u0442\\u043e\\u0432\\u044b\\u0439 \\u0431\\u0443\\u043a\\u0435\\u0442"]}}]	9	66
826	2021-11-04 10:34:09.878696+03	54	Тренд 2021 года цветная Гипсофила	2	[{"changed": {"fields": ["\\u0413\\u043e\\u0442\\u043e\\u0432\\u044b\\u0439 \\u0431\\u0443\\u043a\\u0435\\u0442"]}}]	9	66
827	2021-11-04 10:34:09.882686+03	53	51 Голландских роз  собранный в виде сердце	2	[{"changed": {"fields": ["\\u0413\\u043e\\u0442\\u043e\\u0432\\u044b\\u0439 \\u0431\\u0443\\u043a\\u0435\\u0442"]}}]	9	66
828	2021-11-04 10:34:09.886217+03	51	Букет из гортензии с добавлением голландских роз	2	[{"changed": {"fields": ["\\u0413\\u043e\\u0442\\u043e\\u0432\\u044b\\u0439 \\u0431\\u0443\\u043a\\u0435\\u0442"]}}]	9	66
829	2021-11-04 10:34:09.88983+03	43	35 Голландских роз	2	[{"changed": {"fields": ["\\u0413\\u043e\\u0442\\u043e\\u0432\\u044b\\u0439 \\u0431\\u0443\\u043a\\u0435\\u0442"]}}]	9	66
830	2021-11-04 10:34:09.893054+03	40	51 Голландских роз 	2	[{"changed": {"fields": ["\\u0413\\u043e\\u0442\\u043e\\u0432\\u044b\\u0439 \\u0431\\u0443\\u043a\\u0435\\u0442"]}}]	9	66
831	2021-11-04 10:34:09.896986+03	39	Премиальный евробукет	2	[{"changed": {"fields": ["\\u0413\\u043e\\u0442\\u043e\\u0432\\u044b\\u0439 \\u0431\\u0443\\u043a\\u0435\\u0442"]}}]	9	66
832	2021-11-04 10:34:09.899819+03	38	Нежный букет из роз и хризантем	2	[{"changed": {"fields": ["\\u0413\\u043e\\u0442\\u043e\\u0432\\u044b\\u0439 \\u0431\\u0443\\u043a\\u0435\\u0442"]}}]	9	66
833	2021-11-04 10:34:09.902991+03	37	Букет их хризантем	2	[{"changed": {"fields": ["\\u0413\\u043e\\u0442\\u043e\\u0432\\u044b\\u0439 \\u0431\\u0443\\u043a\\u0435\\u0442"]}}]	9	66
834	2021-11-04 10:34:09.906085+03	36	Евробукет из кустовой розы и гвоздик	2	[{"changed": {"fields": ["\\u0413\\u043e\\u0442\\u043e\\u0432\\u044b\\u0439 \\u0431\\u0443\\u043a\\u0435\\u0442"]}}]	9	66
835	2021-11-04 10:34:09.909632+03	35	Букет из голландских роз с эвкалиптом	2	[{"changed": {"fields": ["\\u0413\\u043e\\u0442\\u043e\\u0432\\u044b\\u0439 \\u0431\\u0443\\u043a\\u0435\\u0442"]}}]	9	66
836	2021-11-04 10:34:09.912658+03	34	Евробукет белых роз и хризантем	2	[{"changed": {"fields": ["\\u0413\\u043e\\u0442\\u043e\\u0432\\u044b\\u0439 \\u0431\\u0443\\u043a\\u0435\\u0442"]}}]	9	66
837	2021-11-04 10:34:09.915683+03	33	Букет из кустовых роз нежных оттенков	2	[{"changed": {"fields": ["\\u0413\\u043e\\u0442\\u043e\\u0432\\u044b\\u0439 \\u0431\\u0443\\u043a\\u0435\\u0442"]}}]	9	66
838	2021-11-04 10:34:09.919139+03	32	Букет из 41 голландской розы 60-70см	2	[{"changed": {"fields": ["\\u0413\\u043e\\u0442\\u043e\\u0432\\u044b\\u0439 \\u0431\\u0443\\u043a\\u0435\\u0442"]}}]	9	66
839	2021-11-04 10:34:09.922697+03	31	Букет из 101 голландской розы 60-70см	2	[{"changed": {"fields": ["\\u0413\\u043e\\u0442\\u043e\\u0432\\u044b\\u0439 \\u0431\\u0443\\u043a\\u0435\\u0442"]}}]	9	66
840	2021-11-04 10:34:09.925571+03	30	Букет из 21 голландских роз 60-70см	2	[{"changed": {"fields": ["\\u0413\\u043e\\u0442\\u043e\\u0432\\u044b\\u0439 \\u0431\\u0443\\u043a\\u0435\\u0442"]}}]	9	66
841	2021-11-04 10:34:09.928641+03	29	Букет из 101 голландских роз 100см	2	[{"changed": {"fields": ["\\u0413\\u043e\\u0442\\u043e\\u0432\\u044b\\u0439 \\u0431\\u0443\\u043a\\u0435\\u0442"]}}]	9	66
842	2021-11-04 10:34:09.931637+03	28	Букет из 35 голландских роз 100см	2	[{"changed": {"fields": ["\\u0413\\u043e\\u0442\\u043e\\u0432\\u044b\\u0439 \\u0431\\u0443\\u043a\\u0435\\u0442"]}}]	9	66
843	2021-11-04 10:34:09.934374+03	27	Букет из 51 голландских белых роз 100см	2	[{"changed": {"fields": ["\\u0413\\u043e\\u0442\\u043e\\u0432\\u044b\\u0439 \\u0431\\u0443\\u043a\\u0435\\u0442"]}}]	9	66
844	2021-11-04 10:34:09.937305+03	26	Букет из 25 голландских роз 60-70см	2	[{"changed": {"fields": ["\\u0413\\u043e\\u0442\\u043e\\u0432\\u044b\\u0439 \\u0431\\u0443\\u043a\\u0435\\u0442"]}}]	9	66
845	2021-11-04 10:34:09.939673+03	25	Букет из 31 голландских роз 60-70см	2	[{"changed": {"fields": ["\\u0413\\u043e\\u0442\\u043e\\u0432\\u044b\\u0439 \\u0431\\u0443\\u043a\\u0435\\u0442"]}}]	9	66
846	2021-11-04 10:34:09.942516+03	23	Евробукет из антуриум, дельфиниум и пышной гортензии	2	[{"changed": {"fields": ["\\u0413\\u043e\\u0442\\u043e\\u0432\\u044b\\u0439 \\u0431\\u0443\\u043a\\u0435\\u0442"]}}]	9	66
847	2021-11-04 10:34:09.945732+03	22	Евробукет из розовой брасики и персиковых роз	2	[{"changed": {"fields": ["\\u0413\\u043e\\u0442\\u043e\\u0432\\u044b\\u0439 \\u0431\\u0443\\u043a\\u0435\\u0442"]}}]	9	66
848	2021-11-04 10:34:09.948526+03	21	Букет из 15 голландских роз 60-70см	2	[{"changed": {"fields": ["\\u0413\\u043e\\u0442\\u043e\\u0432\\u044b\\u0439 \\u0431\\u0443\\u043a\\u0435\\u0442"]}}]	9	66
849	2021-11-04 10:34:09.951356+03	17	Нежные розы в коробочке	2	[{"changed": {"fields": ["\\u0413\\u043e\\u0442\\u043e\\u0432\\u044b\\u0439 \\u0431\\u0443\\u043a\\u0435\\u0442"]}}]	9	66
850	2021-11-04 10:34:09.954479+03	10	Красивый, весенний букет + ваза	2	[{"changed": {"fields": ["\\u0413\\u043e\\u0442\\u043e\\u0432\\u044b\\u0439 \\u0431\\u0443\\u043a\\u0435\\u0442"]}}]	9	66
851	2021-11-04 10:34:09.957219+03	9	45 премиальных Тюльпанов в стильном оформлении	2	[{"changed": {"fields": ["\\u0413\\u043e\\u0442\\u043e\\u0432\\u044b\\u0439 \\u0431\\u0443\\u043a\\u0435\\u0442"]}}]	9	66
852	2021-11-04 10:34:09.960101+03	8	Коробочки гипсофилы цвета Tiffany	2	[{"changed": {"fields": ["\\u0413\\u043e\\u0442\\u043e\\u0432\\u044b\\u0439 \\u0431\\u0443\\u043a\\u0435\\u0442"]}}]	9	66
853	2021-11-04 10:34:09.963376+03	6	Стильный евробукет в нежных оттенках	2	[{"changed": {"fields": ["\\u0413\\u043e\\u0442\\u043e\\u0432\\u044b\\u0439 \\u0431\\u0443\\u043a\\u0435\\u0442"]}}]	9	66
854	2021-11-04 10:34:09.967085+03	4	Самый сладкий букет	2	[{"changed": {"fields": ["\\u0413\\u043e\\u0442\\u043e\\u0432\\u044b\\u0439 \\u0431\\u0443\\u043a\\u0435\\u0442"]}}]	9	66
855	2021-11-04 10:34:09.972121+03	3	15 роз с оформлением	2	[{"changed": {"fields": ["\\u0413\\u043e\\u0442\\u043e\\u0432\\u044b\\u0439 \\u0431\\u0443\\u043a\\u0435\\u0442"]}}]	9	66
856	2021-11-04 10:35:32.295668+03	166	Букет из пион	2	[{"changed": {"fields": ["\\u0413\\u043e\\u0442\\u043e\\u0432\\u044b\\u0439 \\u0431\\u0443\\u043a\\u0435\\u0442"]}}]	9	66
857	2021-11-04 10:36:01.916566+03	318	Букет "Аврора"	2	[{"changed": {"fields": ["\\u0413\\u043e\\u0442\\u043e\\u0432\\u044b\\u0439 \\u0431\\u0443\\u043a\\u0435\\u0442"]}}]	9	66
858	2021-11-04 10:36:01.919696+03	302	Букет "Романс"	2	[{"changed": {"fields": ["\\u0413\\u043e\\u0442\\u043e\\u0432\\u044b\\u0439 \\u0431\\u0443\\u043a\\u0435\\u0442"]}}]	9	66
859	2021-11-04 10:36:01.923416+03	301	Букет "Микс роз"	2	[{"changed": {"fields": ["\\u0413\\u043e\\u0442\\u043e\\u0432\\u044b\\u0439 \\u0431\\u0443\\u043a\\u0435\\u0442"]}}]	9	66
860	2021-11-04 10:36:01.927346+03	205	Букет "Сюрприз"	2	[{"changed": {"fields": ["\\u0413\\u043e\\u0442\\u043e\\u0432\\u044b\\u0439 \\u0431\\u0443\\u043a\\u0435\\u0442"]}}]	9	66
861	2021-11-04 10:36:35.112766+03	298	Букет "Вдохновение"	2	[{"changed": {"fields": ["\\u0413\\u043e\\u0442\\u043e\\u0432\\u044b\\u0439 \\u0431\\u0443\\u043a\\u0435\\u0442"]}}]	9	66
862	2021-11-04 10:37:56.954145+03	283	Букет "Комплимент"	2	[{"deleted": {"name": "\\u041a\\u0430\\u0440\\u0442\\u0438\\u043d\\u044b", "object": "\\u041a\\u0430\\u0440\\u0442\\u0438\\u043d\\u0430 \\u0411\\u0443\\u043a\\u0435\\u0442 \\"\\u041a\\u043e\\u043c\\u043f\\u043b\\u0438\\u043c\\u0435\\u043d\\u0442\\""}}]	9	66
863	2021-11-04 10:38:37.212089+03	283	Букет "Комплимент"	2	[{"added": {"name": "\\u041a\\u0430\\u0440\\u0442\\u0438\\u043d\\u044b", "object": "\\u041a\\u0430\\u0440\\u0442\\u0438\\u043d\\u0430 \\u0411\\u0443\\u043a\\u0435\\u0442 \\"\\u041a\\u043e\\u043c\\u043f\\u043b\\u0438\\u043c\\u0435\\u043d\\u0442\\""}}]	9	66
864	2021-11-04 10:39:33.66069+03	283	Букет "Комплимент"	2	[{"changed": {"fields": ["\\u0426\\u0435\\u043d\\u0430", "\\u041f\\u0440\\u043e\\u0446\\u0435\\u043d\\u0442 \\u0441\\u043a\\u0438\\u0434\\u043a\\u0438"]}}]	9	66
865	2021-11-04 10:39:47.957566+03	283	Букет "Комплимент"	2	[{"changed": {"fields": ["\\u0410\\u043a\\u0446\\u0438\\u044f"]}}]	9	66
866	2021-11-04 10:54:05.272884+03	196	Композиция "Rainbow"	3		9	66
867	2021-11-04 10:55:14.077171+03	309	Букет "Романтический сад"	3		9	66
868	2021-11-04 11:03:08.949474+03	236	Букет "Зефир"	2	[{"changed": {"fields": ["\\u041d\\u0430\\u0437\\u0432\\u0430\\u043d\\u0438\\u0435", "\\u041e\\u043f\\u0438\\u0441\\u0430\\u043d\\u0438\\u0435", "\\u0413\\u043e\\u0442\\u043e\\u0432\\u044b\\u0439 \\u0431\\u0443\\u043a\\u0435\\u0442", "8 \\u043c\\u0430\\u0440\\u0442"]}}]	9	66
869	2021-11-04 11:06:01.739518+03	236	Букет "Зефир"	2	[{"deleted": {"name": "\\u041a\\u0430\\u0440\\u0442\\u0438\\u043d\\u044b", "object": "\\u041a\\u0430\\u0440\\u0442\\u0438\\u043d\\u0430 \\u0411\\u0443\\u043a\\u0435\\u0442 \\"\\u0417\\u0435\\u0444\\u0438\\u0440\\""}}]	9	66
870	2021-11-04 11:06:25.128438+03	236	Букет "Зефир"	2	[{"added": {"name": "\\u041a\\u0430\\u0440\\u0442\\u0438\\u043d\\u044b", "object": "\\u041a\\u0430\\u0440\\u0442\\u0438\\u043d\\u0430 \\u0411\\u0443\\u043a\\u0435\\u0442 \\"\\u0417\\u0435\\u0444\\u0438\\u0440\\""}}]	9	66
871	2021-11-04 11:07:33.42998+03	236	Букет "Зефир"	2	[]	9	66
872	2021-11-04 11:07:37.90727+03	236	Букет "Зефир"	2	[{"deleted": {"name": "\\u041a\\u0430\\u0440\\u0442\\u0438\\u043d\\u044b", "object": "\\u041a\\u0430\\u0440\\u0442\\u0438\\u043d\\u0430 \\u0411\\u0443\\u043a\\u0435\\u0442 \\"\\u0417\\u0435\\u0444\\u0438\\u0440\\""}}]	9	66
873	2021-11-04 11:07:45.969725+03	236	Букет "Зефир"	2	[{"added": {"name": "\\u041a\\u0430\\u0440\\u0442\\u0438\\u043d\\u044b", "object": "\\u041a\\u0430\\u0440\\u0442\\u0438\\u043d\\u0430 \\u0411\\u0443\\u043a\\u0435\\u0442 \\"\\u0417\\u0435\\u0444\\u0438\\u0440\\""}}]	9	66
874	2021-11-04 11:08:46.29942+03	293	Букет "Зефир"	2	[{"changed": {"fields": ["\\u0410\\u043a\\u0442\\u0438\\u0432\\u043d\\u044b\\u0439"]}}]	9	66
875	2021-11-04 11:10:52.49643+03	318	Букет "Аврора"	2	[{"changed": {"fields": ["\\u0426\\u0435\\u043d\\u0430", "\\u0413\\u043e\\u0442\\u043e\\u0432\\u044b\\u0439 \\u0431\\u0443\\u043a\\u0435\\u0442"]}}]	9	66
876	2021-11-04 11:11:16.902156+03	318	Букет "Аврора"	2	[{"changed": {"fields": ["\\u0410\\u043a\\u0442\\u0438\\u0432\\u043d\\u044b\\u0439"]}}]	9	66
877	2021-11-04 11:12:28.009625+03	318	Букет "Аврора"	2	[{"changed": {"fields": ["\\u041f\\u0440\\u043e\\u0446\\u0435\\u043d\\u0442 \\u0441\\u043a\\u0438\\u0434\\u043a\\u0438"]}}]	9	66
878	2021-11-04 11:36:19.818345+03	321	Композиция "Rainbow"	1	[{"added": {}}]	9	66
1380	2022-04-07 12:33:13.963235+03	665	Заявка 111111111111	3		18	230
879	2021-11-04 11:36:53.126604+03	321	Композиция "Rainbow"	2	[{"added": {"name": "\\u041a\\u0430\\u0440\\u0442\\u0438\\u043d\\u044b", "object": "\\u041a\\u0430\\u0440\\u0442\\u0438\\u043d\\u0430 \\u041a\\u043e\\u043c\\u043f\\u043e\\u0437\\u0438\\u0446\\u0438\\u044f \\"Rainbow\\""}}, {"added": {"name": "\\u041a\\u0430\\u0440\\u0442\\u0438\\u043d\\u044b", "object": "\\u041a\\u0430\\u0440\\u0442\\u0438\\u043d\\u0430 \\u041a\\u043e\\u043c\\u043f\\u043e\\u0437\\u0438\\u0446\\u0438\\u044f \\"Rainbow\\""}}]	9	66
880	2021-11-04 11:38:30.62502+03	321	Композиция "Rainbow"	2	[{"deleted": {"name": "\\u041a\\u0430\\u0440\\u0442\\u0438\\u043d\\u044b", "object": "\\u041a\\u0430\\u0440\\u0442\\u0438\\u043d\\u0430 \\u041a\\u043e\\u043c\\u043f\\u043e\\u0437\\u0438\\u0446\\u0438\\u044f \\"Rainbow\\""}}]	9	66
881	2021-11-04 11:38:46.905649+03	321	Композиция "Rainbow"	2	[{"added": {"name": "\\u041a\\u0430\\u0440\\u0442\\u0438\\u043d\\u044b", "object": "\\u041a\\u0430\\u0440\\u0442\\u0438\\u043d\\u0430 \\u041a\\u043e\\u043c\\u043f\\u043e\\u0437\\u0438\\u0446\\u0438\\u044f \\"Rainbow\\""}}]	9	66
882	2021-11-04 11:39:12.165276+03	321	Композиция "Rainbow"	2	[{"deleted": {"name": "\\u041a\\u0430\\u0440\\u0442\\u0438\\u043d\\u044b", "object": "\\u041a\\u0430\\u0440\\u0442\\u0438\\u043d\\u0430 \\u041a\\u043e\\u043c\\u043f\\u043e\\u0437\\u0438\\u0446\\u0438\\u044f \\"Rainbow\\""}}]	9	66
883	2021-11-04 11:39:21.937704+03	321	Композиция "Rainbow"	2	[{"added": {"name": "\\u041a\\u0430\\u0440\\u0442\\u0438\\u043d\\u044b", "object": "\\u041a\\u0430\\u0440\\u0442\\u0438\\u043d\\u0430 \\u041a\\u043e\\u043c\\u043f\\u043e\\u0437\\u0438\\u0446\\u0438\\u044f \\"Rainbow\\""}}]	9	66
884	2021-11-04 11:43:08.224717+03	299	Букет "Робкая нежность"	2	[{"deleted": {"name": "\\u041a\\u0430\\u0440\\u0442\\u0438\\u043d\\u044b", "object": "\\u041a\\u0430\\u0440\\u0442\\u0438\\u043d\\u0430 \\u0411\\u0443\\u043a\\u0435\\u0442 \\"\\u0420\\u043e\\u0431\\u043a\\u0430\\u044f \\u043d\\u0435\\u0436\\u043d\\u043e\\u0441\\u0442\\u044c\\""}}]	9	66
885	2021-11-04 11:43:54.944008+03	299	Букет "Уточненность"	2	[{"changed": {"fields": ["\\u041d\\u0430\\u0437\\u0432\\u0430\\u043d\\u0438\\u0435", "\\u0426\\u0435\\u043d\\u0430", "\\u041f\\u0440\\u043e\\u0446\\u0435\\u043d\\u0442 \\u0441\\u043a\\u0438\\u0434\\u043a\\u0438"]}}, {"added": {"name": "\\u041a\\u0430\\u0440\\u0442\\u0438\\u043d\\u044b", "object": "\\u041a\\u0430\\u0440\\u0442\\u0438\\u043d\\u0430 \\u0411\\u0443\\u043a\\u0435\\u0442 \\"\\u0423\\u0442\\u043e\\u0447\\u043d\\u0435\\u043d\\u043d\\u043e\\u0441\\u0442\\u044c\\""}}]	9	66
886	2021-11-04 12:01:21.324961+03	322	Букет "Сиреневые мечты"	1	[{"added": {}}]	9	66
887	2021-11-04 12:02:09.492836+03	322	Букет "Сиреневые мечты"	2	[{"added": {"name": "\\u041a\\u0430\\u0440\\u0442\\u0438\\u043d\\u044b", "object": "\\u041a\\u0430\\u0440\\u0442\\u0438\\u043d\\u0430 \\u0411\\u0443\\u043a\\u0435\\u0442 \\"\\u0421\\u0438\\u0440\\u0435\\u043d\\u0435\\u0432\\u044b\\u0435 \\u043c\\u0435\\u0447\\u0442\\u044b\\""}}, {"added": {"name": "\\u041a\\u0430\\u0440\\u0442\\u0438\\u043d\\u044b", "object": "\\u041a\\u0430\\u0440\\u0442\\u0438\\u043d\\u0430 \\u0411\\u0443\\u043a\\u0435\\u0442 \\"\\u0421\\u0438\\u0440\\u0435\\u043d\\u0435\\u0432\\u044b\\u0435 \\u043c\\u0435\\u0447\\u0442\\u044b\\""}}]	9	66
888	2021-11-04 12:08:09.380126+03	317	Композиция + Rafaello	2	[{"deleted": {"name": "\\u041a\\u0430\\u0440\\u0442\\u0438\\u043d\\u044b", "object": "\\u041a\\u0430\\u0440\\u0442\\u0438\\u043d\\u0430 \\u041a\\u043e\\u043c\\u043f\\u043e\\u0437\\u0438\\u0446\\u0438\\u044f + Rafaello"}}]	9	66
889	2021-11-04 12:08:53.961333+03	317	Композиция + Rafaello	2	[{"added": {"name": "\\u041a\\u0430\\u0440\\u0442\\u0438\\u043d\\u044b", "object": "\\u041a\\u0430\\u0440\\u0442\\u0438\\u043d\\u0430 \\u041a\\u043e\\u043c\\u043f\\u043e\\u0437\\u0438\\u0446\\u0438\\u044f + Rafaello"}}]	9	66
890	2021-11-04 12:14:54.384166+03	304	Букет "101 высокая роза"	2	[{"changed": {"fields": ["\\u041d\\u0430\\u0437\\u0432\\u0430\\u043d\\u0438\\u0435", "\\u0426\\u0435\\u043d\\u0430", "\\u041a\\u043e\\u043c\\u043f\\u043e\\u0437\\u0438\\u0446\\u0438\\u0438", "\\u041f\\u0440\\u043e\\u0446\\u0435\\u043d\\u0442 \\u0441\\u043a\\u0438\\u0434\\u043a\\u0438"]}}, {"deleted": {"name": "\\u041a\\u0430\\u0440\\u0442\\u0438\\u043d\\u044b", "object": "\\u041a\\u0430\\u0440\\u0442\\u0438\\u043d\\u0430 \\u0411\\u0443\\u043a\\u0435\\u0442 \\"101 \\u0432\\u044b\\u0441\\u043e\\u043a\\u0430\\u044f \\u0440\\u043e\\u0437\\u0430\\""}}]	9	66
891	2021-11-04 12:15:44.744945+03	304	Букет "101 высокая роза"	2	[{"added": {"name": "\\u041a\\u0430\\u0440\\u0442\\u0438\\u043d\\u044b", "object": "\\u041a\\u0430\\u0440\\u0442\\u0438\\u043d\\u0430 \\u0411\\u0443\\u043a\\u0435\\u0442 \\"101 \\u0432\\u044b\\u0441\\u043e\\u043a\\u0430\\u044f \\u0440\\u043e\\u0437\\u0430\\""}}]	9	66
892	2021-11-04 12:16:07.236119+03	304	Букет "101 высокая роза"	2	[{"deleted": {"name": "\\u041a\\u0430\\u0440\\u0442\\u0438\\u043d\\u044b", "object": "\\u041a\\u0430\\u0440\\u0442\\u0438\\u043d\\u0430 \\u0411\\u0443\\u043a\\u0435\\u0442 \\"101 \\u0432\\u044b\\u0441\\u043e\\u043a\\u0430\\u044f \\u0440\\u043e\\u0437\\u0430\\""}}]	9	66
893	2021-11-04 12:16:25.276041+03	304	Букет "101 высокая роза"	2	[{"added": {"name": "\\u041a\\u0430\\u0440\\u0442\\u0438\\u043d\\u044b", "object": "\\u041a\\u0430\\u0440\\u0442\\u0438\\u043d\\u0430 \\u0411\\u0443\\u043a\\u0435\\u0442 \\"101 \\u0432\\u044b\\u0441\\u043e\\u043a\\u0430\\u044f \\u0440\\u043e\\u0437\\u0430\\""}}, {"added": {"name": "\\u041a\\u0430\\u0440\\u0442\\u0438\\u043d\\u044b", "object": "\\u041a\\u0430\\u0440\\u0442\\u0438\\u043d\\u0430 \\u0411\\u0443\\u043a\\u0435\\u0442 \\"101 \\u0432\\u044b\\u0441\\u043e\\u043a\\u0430\\u044f \\u0440\\u043e\\u0437\\u0430\\""}}]	9	66
894	2021-11-04 12:22:11.729037+03	323	Букет "Roses"	1	[{"added": {}}]	9	66
895	2021-11-04 12:22:50.530055+03	323	Букет "Roses"	2	[{"changed": {"fields": ["\\u041a\\u043e\\u043b\\u0438\\u0447\\u0435\\u0441\\u0442\\u0432\\u043e"]}}, {"added": {"name": "\\u041a\\u0430\\u0440\\u0442\\u0438\\u043d\\u044b", "object": "\\u041a\\u0430\\u0440\\u0442\\u0438\\u043d\\u0430 \\u0411\\u0443\\u043a\\u0435\\u0442 \\"Roses\\""}}]	9	66
896	2021-11-04 12:23:27.469939+03	304	Букет "101 высокая роза"	2	[{"changed": {"fields": ["\\u041a\\u043e\\u043b\\u0438\\u0447\\u0435\\u0441\\u0442\\u0432\\u043e"]}}]	9	66
897	2021-11-04 12:27:20.471515+03	322	Букет "Сиреневые мечты"	2	[{"deleted": {"name": "\\u041a\\u0430\\u0440\\u0442\\u0438\\u043d\\u044b", "object": "\\u041a\\u0430\\u0440\\u0442\\u0438\\u043d\\u0430 \\u0411\\u0443\\u043a\\u0435\\u0442 \\"\\u0421\\u0438\\u0440\\u0435\\u043d\\u0435\\u0432\\u044b\\u0435 \\u043c\\u0435\\u0447\\u0442\\u044b\\""}}, {"deleted": {"name": "\\u041a\\u0430\\u0440\\u0442\\u0438\\u043d\\u044b", "object": "\\u041a\\u0430\\u0440\\u0442\\u0438\\u043d\\u0430 \\u0411\\u0443\\u043a\\u0435\\u0442 \\"\\u0421\\u0438\\u0440\\u0435\\u043d\\u0435\\u0432\\u044b\\u0435 \\u043c\\u0435\\u0447\\u0442\\u044b\\""}}]	9	66
898	2021-11-04 12:28:01.77365+03	322	Букет "Сиреневые мечты"	2	[{"added": {"name": "\\u041a\\u0430\\u0440\\u0442\\u0438\\u043d\\u044b", "object": "\\u041a\\u0430\\u0440\\u0442\\u0438\\u043d\\u0430 \\u0411\\u0443\\u043a\\u0435\\u0442 \\"\\u0421\\u0438\\u0440\\u0435\\u043d\\u0435\\u0432\\u044b\\u0435 \\u043c\\u0435\\u0447\\u0442\\u044b\\""}}, {"added": {"name": "\\u041a\\u0430\\u0440\\u0442\\u0438\\u043d\\u044b", "object": "\\u041a\\u0430\\u0440\\u0442\\u0438\\u043d\\u0430 \\u0411\\u0443\\u043a\\u0435\\u0442 \\"\\u0421\\u0438\\u0440\\u0435\\u043d\\u0435\\u0432\\u044b\\u0435 \\u043c\\u0435\\u0447\\u0442\\u044b\\""}}]	9	66
899	2021-11-04 12:32:40.564471+03	304	Букет "101 высокая роза"	2	[{"deleted": {"name": "\\u041a\\u0430\\u0440\\u0442\\u0438\\u043d\\u044b", "object": "\\u041a\\u0430\\u0440\\u0442\\u0438\\u043d\\u0430 \\u0411\\u0443\\u043a\\u0435\\u0442 \\"101 \\u0432\\u044b\\u0441\\u043e\\u043a\\u0430\\u044f \\u0440\\u043e\\u0437\\u0430\\""}}, {"deleted": {"name": "\\u041a\\u0430\\u0440\\u0442\\u0438\\u043d\\u044b", "object": "\\u041a\\u0430\\u0440\\u0442\\u0438\\u043d\\u0430 \\u0411\\u0443\\u043a\\u0435\\u0442 \\"101 \\u0432\\u044b\\u0441\\u043e\\u043a\\u0430\\u044f \\u0440\\u043e\\u0437\\u0430\\""}}]	9	66
900	2021-11-04 12:33:16.93225+03	304	Букет "101 высокая роза"	2	[{"added": {"name": "\\u041a\\u0430\\u0440\\u0442\\u0438\\u043d\\u044b", "object": "\\u041a\\u0430\\u0440\\u0442\\u0438\\u043d\\u0430 \\u0411\\u0443\\u043a\\u0435\\u0442 \\"101 \\u0432\\u044b\\u0441\\u043e\\u043a\\u0430\\u044f \\u0440\\u043e\\u0437\\u0430\\""}}, {"added": {"name": "\\u041a\\u0430\\u0440\\u0442\\u0438\\u043d\\u044b", "object": "\\u041a\\u0430\\u0440\\u0442\\u0438\\u043d\\u0430 \\u0411\\u0443\\u043a\\u0435\\u0442 \\"101 \\u0432\\u044b\\u0441\\u043e\\u043a\\u0430\\u044f \\u0440\\u043e\\u0437\\u0430\\""}}]	9	66
901	2021-11-04 12:34:55.16585+03	318	Букет "Аврора"	2	[{"changed": {"fields": ["\\u041e\\u043f\\u0438\\u0441\\u0430\\u043d\\u0438\\u0435"]}}]	9	66
902	2021-11-04 12:35:16.64133+03	318	Букет "Аврора"	2	[{"changed": {"fields": ["\\u041e\\u043f\\u0438\\u0441\\u0430\\u043d\\u0438\\u0435"]}}]	9	66
903	2021-11-04 12:35:48.878188+03	304	Букет "Рубин"	2	[{"changed": {"fields": ["\\u041d\\u0430\\u0437\\u0432\\u0430\\u043d\\u0438\\u0435", "\\u041e\\u043f\\u0438\\u0441\\u0430\\u043d\\u0438\\u0435"]}}]	9	66
904	2021-11-04 12:37:17.965827+03	299	Букет "Уточненность"	2	[{"changed": {"fields": ["\\u041a\\u043e\\u043c\\u043f\\u043e\\u0437\\u0438\\u0446\\u0438\\u0438"]}}]	9	66
905	2021-11-04 12:47:06.256759+03	324	Композиция "Bubble Gum"	1	[{"added": {}}, {"added": {"name": "\\u041a\\u0430\\u0440\\u0442\\u0438\\u043d\\u044b", "object": "\\u041a\\u0430\\u0440\\u0442\\u0438\\u043d\\u0430 \\u041a\\u043e\\u043c\\u043f\\u043e\\u0437\\u0438\\u0446\\u0438\\u044f \\"Bubble Gum\\""}}, {"added": {"name": "\\u041a\\u0430\\u0440\\u0442\\u0438\\u043d\\u044b", "object": "\\u041a\\u0430\\u0440\\u0442\\u0438\\u043d\\u0430 \\u041a\\u043e\\u043c\\u043f\\u043e\\u0437\\u0438\\u0446\\u0438\\u044f \\"Bubble Gum\\""}}]	9	66
906	2021-11-04 12:48:19.005929+03	323	Букет "Roses"	2	[{"changed": {"fields": ["\\u041e\\u043f\\u0438\\u0441\\u0430\\u043d\\u0438\\u0435", "\\u0410\\u043a\\u0446\\u0438\\u044f", "\\u041f\\u0440\\u043e\\u0446\\u0435\\u043d\\u0442 \\u0441\\u043a\\u0438\\u0434\\u043a\\u0438"]}}]	9	66
907	2021-11-04 12:49:18.370925+03	323	Букет "Roses"	2	[{"changed": {"fields": ["\\u041e\\u043f\\u0438\\u0441\\u0430\\u043d\\u0438\\u0435"]}}]	9	66
908	2021-11-04 12:49:48.001142+03	318	Букет "Аврора"	2	[{"changed": {"fields": ["\\u041e\\u043f\\u0438\\u0441\\u0430\\u043d\\u0438\\u0435"]}}]	9	66
909	2021-11-04 12:50:28.968923+03	304	Букет "Рубин"	2	[{"changed": {"fields": ["\\u041e\\u043f\\u0438\\u0441\\u0430\\u043d\\u0438\\u0435"]}}]	9	66
910	2021-11-04 12:50:52.725915+03	323	Букет "Roses"	2	[{"changed": {"fields": ["\\u041e\\u043f\\u0438\\u0441\\u0430\\u043d\\u0438\\u0435"]}}]	9	66
911	2021-11-04 12:53:18.107265+03	323	Букет "Roses"	2	[{"changed": {"fields": ["\\u041e\\u043f\\u0438\\u0441\\u0430\\u043d\\u0438\\u0435"]}}]	9	66
912	2021-11-04 12:54:22.535517+03	323	Букет "Roses"	2	[{"changed": {"fields": ["\\u041e\\u043f\\u0438\\u0441\\u0430\\u043d\\u0438\\u0435"]}}]	9	66
913	2021-11-04 12:54:22.572312+03	323	Букет "Roses"	2	[]	9	66
914	2021-11-04 12:54:49.750119+03	323	Букет "Roses"	2	[{"changed": {"fields": ["\\u041e\\u043f\\u0438\\u0441\\u0430\\u043d\\u0438\\u0435"]}}]	9	66
915	2021-11-04 12:55:28.580545+03	318	Букет "Аврора"	2	[{"changed": {"fields": ["\\u041e\\u043f\\u0438\\u0441\\u0430\\u043d\\u0438\\u0435"]}}]	9	66
916	2021-11-04 12:57:26.863849+03	318	Букет "Аврора"	2	[{"changed": {"fields": ["\\u041e\\u043f\\u0438\\u0441\\u0430\\u043d\\u0438\\u0435"]}}]	9	66
917	2021-11-04 12:57:48.555687+03	306	Букет "Малиновый сад"	2	[{"changed": {"fields": ["\\u0426\\u0435\\u043d\\u0430"]}}]	9	66
918	2021-11-04 12:58:18.649698+03	306	Букет "Малиновый сад"	2	[{"changed": {"fields": ["\\u041e\\u043f\\u0438\\u0441\\u0430\\u043d\\u0438\\u0435"]}}]	9	66
919	2021-11-04 12:59:34.929482+03	299	Букет "Утончённость"	2	[{"changed": {"fields": ["\\u041d\\u0430\\u0437\\u0432\\u0430\\u043d\\u0438\\u0435"]}}]	9	66
920	2021-11-04 12:59:59.467213+03	299	Композиция "Утончённость"	2	[{"changed": {"fields": ["\\u041d\\u0430\\u0437\\u0432\\u0430\\u043d\\u0438\\u0435"]}}]	9	66
921	2021-11-04 13:02:23.64953+03	312	Букет "Нежность"	2	[{"changed": {"fields": ["\\u0410\\u043a\\u0442\\u0438\\u0432\\u043d\\u044b\\u0439"]}}]	9	66
922	2021-11-04 13:03:14.133961+03	307	Букет "Радужное свечение"	2	[{"changed": {"fields": ["\\u0410\\u043a\\u0442\\u0438\\u0432\\u043d\\u044b\\u0439"]}}]	9	66
923	2021-11-04 13:03:14.137635+03	297	Букет "Прелесть"	2	[{"changed": {"fields": ["\\u0410\\u043a\\u0442\\u0438\\u0432\\u043d\\u044b\\u0439"]}}]	9	66
924	2021-11-04 15:17:23.72987+03	1	royalflowers.kz	2	[{"changed": {"fields": ["Domain name", "Display name"]}}]	21	1
925	2021-11-08 14:23:56.539027+03	17	Композиция "White Dream"	2	[{"changed": {"fields": ["\\u041d\\u0430\\u0437\\u0432\\u0430\\u043d\\u0438\\u0435", "\\u041e\\u043f\\u0438\\u0441\\u0430\\u043d\\u0438\\u0435", "\\u0413\\u043e\\u0440\\u043e\\u0434\\u0430"]}}]	9	66
926	2021-11-08 14:24:17.018384+03	17	Композиция "White Dream"	2	[{"changed": {"fields": ["\\u0413\\u043e\\u0442\\u043e\\u0432\\u044b\\u0439 \\u0431\\u0443\\u043a\\u0435\\u0442", "\\u041a\\u043e\\u043c\\u043f\\u043e\\u0437\\u0438\\u0446\\u0438\\u0438"]}}]	9	66
927	2021-11-08 14:30:10.741705+03	17	Композиция "White Dream"	2	[{"deleted": {"name": "\\u041a\\u0430\\u0440\\u0442\\u0438\\u043d\\u044b", "object": "\\u041a\\u0430\\u0440\\u0442\\u0438\\u043d\\u0430 \\u041a\\u043e\\u043c\\u043f\\u043e\\u0437\\u0438\\u0446\\u0438\\u044f \\"White Dream\\""}}]	9	66
928	2021-11-08 14:30:25.089654+03	17	Композиция "White Dream"	2	[{"added": {"name": "\\u041a\\u0430\\u0440\\u0442\\u0438\\u043d\\u044b", "object": "\\u041a\\u0430\\u0440\\u0442\\u0438\\u043d\\u0430 \\u041a\\u043e\\u043c\\u043f\\u043e\\u0437\\u0438\\u0446\\u0438\\u044f \\"White Dream\\""}}]	9	66
929	2021-11-08 14:43:38.750106+03	17	Композиция "White Dream"	2	[{"changed": {"fields": ["\\u0413\\u043e\\u0442\\u043e\\u0432\\u044b\\u0439 \\u0431\\u0443\\u043a\\u0435\\u0442"]}}]	9	66
930	2021-11-10 08:28:13.448382+03	310	Букет "Розовый жемчуг"	2	[{"changed": {"fields": ["\\u0410\\u043a\\u0442\\u0438\\u0432\\u043d\\u044b\\u0439"]}}]	9	66
931	2021-11-10 08:28:13.451235+03	308	Букет "Джульетта"	2	[{"changed": {"fields": ["\\u0410\\u043a\\u0442\\u0438\\u0432\\u043d\\u044b\\u0439"]}}]	9	66
932	2021-11-10 08:28:13.453749+03	296	Букет "Королевская гортензия"	2	[{"changed": {"fields": ["\\u0410\\u043a\\u0442\\u0438\\u0432\\u043d\\u044b\\u0439"]}}]	9	66
933	2021-11-10 08:28:13.455988+03	295	Букет "Дух романтики"	2	[{"changed": {"fields": ["\\u0410\\u043a\\u0442\\u0438\\u0432\\u043d\\u044b\\u0439"]}}]	9	66
934	2021-11-10 08:28:13.458252+03	294	Букет "Сиреневый туман"	2	[{"changed": {"fields": ["\\u0410\\u043a\\u0442\\u0438\\u0432\\u043d\\u044b\\u0439"]}}]	9	66
935	2021-11-10 08:29:38.699732+03	289	Букет "Восхищение"	2	[{"changed": {"fields": ["\\u0410\\u043a\\u0442\\u0438\\u0432\\u043d\\u044b\\u0439"]}}]	9	66
936	2021-11-10 08:32:52.269193+03	325	Букет "Восхищение"	1	[{"added": {}}]	9	66
937	2021-11-10 08:33:08.578711+03	325	Букет "Восхищение"	2	[{"added": {"name": "\\u041a\\u0430\\u0440\\u0442\\u0438\\u043d\\u044b", "object": "\\u041a\\u0430\\u0440\\u0442\\u0438\\u043d\\u0430 \\u0411\\u0443\\u043a\\u0435\\u0442 \\"\\u0412\\u043e\\u0441\\u0445\\u0438\\u0449\\u0435\\u043d\\u0438\\u0435\\""}}]	9	66
974	2021-11-10 09:43:22.060199+03	261	Букет "Утренняя заря"	2	[{"changed": {"fields": ["\\u0410\\u043a\\u0442\\u0438\\u0432\\u043d\\u044b\\u0439"]}}]	9	66
1381	2022-04-07 13:21:34.34756+03	687	Заявка 1111111111	3		18	230
938	2021-11-10 08:35:07.162563+03	313	Букет "Эйфория"	2	[{"changed": {"fields": ["\\u041d\\u0430\\u0437\\u0432\\u0430\\u043d\\u0438\\u0435", "\\u0426\\u0435\\u043d\\u0430", "\\u041a\\u043e\\u043c\\u043f\\u043e\\u0437\\u0438\\u0446\\u0438\\u0438", "8 \\u043c\\u0430\\u0440\\u0442"]}}, {"deleted": {"name": "\\u041a\\u0430\\u0440\\u0442\\u0438\\u043d\\u044b", "object": "\\u041a\\u0430\\u0440\\u0442\\u0438\\u043d\\u0430 \\u0411\\u0443\\u043a\\u0435\\u0442 \\"\\u042d\\u0439\\u0444\\u043e\\u0440\\u0438\\u044f\\""}}]	9	66
939	2021-11-10 08:35:16.104825+03	313	Букет "Эйфория"	2	[{"added": {"name": "\\u041a\\u0430\\u0440\\u0442\\u0438\\u043d\\u044b", "object": "\\u041a\\u0430\\u0440\\u0442\\u0438\\u043d\\u0430 \\u0411\\u0443\\u043a\\u0435\\u0442 \\"\\u042d\\u0439\\u0444\\u043e\\u0440\\u0438\\u044f\\""}}]	9	66
940	2021-11-10 08:35:37.868928+03	311	Букет "Эйфория"	2	[{"changed": {"fields": ["\\u0410\\u043a\\u0442\\u0438\\u0432\\u043d\\u044b\\u0439"]}}]	9	66
941	2021-11-10 08:35:50.093356+03	311	Букет "Эйфория"	3		9	66
942	2021-11-10 08:38:41.223633+03	292	Букет "Розовое безе"	2	[{"changed": {"fields": ["\\u0426\\u0435\\u043d\\u0430"]}}, {"deleted": {"name": "\\u041a\\u0430\\u0440\\u0442\\u0438\\u043d\\u044b", "object": "\\u041a\\u0430\\u0440\\u0442\\u0438\\u043d\\u0430 \\u0411\\u0443\\u043a\\u0435\\u0442 \\"\\u0420\\u043e\\u0437\\u043e\\u0432\\u043e\\u0435 \\u0431\\u0435\\u0437\\u0435\\""}}]	9	66
943	2021-11-10 08:38:57.553037+03	292	Букет "Розовое безе"	2	[{"added": {"name": "\\u041a\\u0430\\u0440\\u0442\\u0438\\u043d\\u044b", "object": "\\u041a\\u0430\\u0440\\u0442\\u0438\\u043d\\u0430 \\u0411\\u0443\\u043a\\u0435\\u0442 \\"\\u0420\\u043e\\u0437\\u043e\\u0432\\u043e\\u0435 \\u0431\\u0435\\u0437\\u0435\\""}}, {"added": {"name": "\\u041a\\u0430\\u0440\\u0442\\u0438\\u043d\\u044b", "object": "\\u041a\\u0430\\u0440\\u0442\\u0438\\u043d\\u0430 \\u0411\\u0443\\u043a\\u0435\\u0442 \\"\\u0420\\u043e\\u0437\\u043e\\u0432\\u043e\\u0435 \\u0431\\u0435\\u0437\\u0435\\""}}]	9	66
944	2021-11-10 08:41:41.991539+03	290	Букет "Глинтвейн"	2	[{"changed": {"fields": ["\\u041d\\u0430\\u0437\\u0432\\u0430\\u043d\\u0438\\u0435", "\\u041a\\u043e\\u043c\\u043f\\u043e\\u0437\\u0438\\u0446\\u0438\\u0438", "8 \\u043c\\u0430\\u0440\\u0442"]}}, {"deleted": {"name": "\\u041a\\u0430\\u0440\\u0442\\u0438\\u043d\\u044b", "object": "\\u041a\\u0430\\u0440\\u0442\\u0438\\u043d\\u0430 \\u0411\\u0443\\u043a\\u0435\\u0442 \\"\\u0413\\u043b\\u0438\\u043d\\u0442\\u0432\\u0435\\u0439\\u043d\\""}}]	9	66
945	2021-11-10 08:42:29.884986+03	290	Букет "Глинтвейн"	2	[{"added": {"name": "\\u041a\\u0430\\u0440\\u0442\\u0438\\u043d\\u044b", "object": "\\u041a\\u0430\\u0440\\u0442\\u0438\\u043d\\u0430 \\u0411\\u0443\\u043a\\u0435\\u0442 \\"\\u0413\\u043b\\u0438\\u043d\\u0442\\u0432\\u0435\\u0439\\u043d\\""}}, {"added": {"name": "\\u041a\\u0430\\u0440\\u0442\\u0438\\u043d\\u044b", "object": "\\u041a\\u0430\\u0440\\u0442\\u0438\\u043d\\u0430 \\u0411\\u0443\\u043a\\u0435\\u0442 \\"\\u0413\\u043b\\u0438\\u043d\\u0442\\u0432\\u0435\\u0439\\u043d\\""}}]	9	66
946	2021-11-10 08:49:38.427903+03	291	Букет "Yellow"	2	[{"changed": {"fields": ["\\u041d\\u0430\\u0437\\u0432\\u0430\\u043d\\u0438\\u0435", "\\u0426\\u0435\\u043d\\u0430"]}}, {"deleted": {"name": "\\u041a\\u0430\\u0440\\u0442\\u0438\\u043d\\u044b", "object": "\\u041a\\u0430\\u0440\\u0442\\u0438\\u043d\\u0430 \\u0411\\u0443\\u043a\\u0435\\u0442 \\"Yellow\\""}}]	9	66
947	2021-11-10 08:49:47.877665+03	291	Букет "Yellow"	2	[{"added": {"name": "\\u041a\\u0430\\u0440\\u0442\\u0438\\u043d\\u044b", "object": "\\u041a\\u0430\\u0440\\u0442\\u0438\\u043d\\u0430 \\u0411\\u0443\\u043a\\u0435\\u0442 \\"Yellow\\""}}]	9	66
948	2021-11-10 09:32:47.093748+03	288	Букет "Утренняя свежесть"	2	[{"changed": {"fields": ["\\u0410\\u043a\\u0442\\u0438\\u0432\\u043d\\u044b\\u0439"]}}]	9	66
949	2021-11-10 09:32:47.100425+03	287	Букет "Лучи солнца"	2	[{"changed": {"fields": ["\\u0410\\u043a\\u0442\\u0438\\u0432\\u043d\\u044b\\u0439"]}}]	9	66
950	2021-11-10 09:33:37.069188+03	31	Букет из 101 голландской розы 60-70см	3		9	66
951	2021-11-10 09:35:02.251658+03	286	Букет "Мадам"	2	[{"changed": {"fields": ["\\u0410\\u043a\\u0442\\u0438\\u0432\\u043d\\u044b\\u0439"]}}]	9	66
952	2021-11-10 09:35:02.256955+03	285	Букет "Эммануэль"	2	[{"changed": {"fields": ["\\u0410\\u043a\\u0442\\u0438\\u0432\\u043d\\u044b\\u0439"]}}]	9	66
953	2021-11-10 09:35:51.609919+03	282	Букет "Шарм"	2	[{"changed": {"fields": ["\\u0410\\u043a\\u0442\\u0438\\u0432\\u043d\\u044b\\u0439"]}}]	9	66
954	2021-11-10 09:36:06.055578+03	284	Букет "Грёзы любви"	2	[{"changed": {"fields": ["\\u0410\\u043a\\u0442\\u0438\\u0432\\u043d\\u044b\\u0439"]}}]	9	66
955	2021-11-10 09:36:27.792337+03	281	Букет "Ягодный пунш"	2	[{"changed": {"fields": ["\\u0410\\u043a\\u0442\\u0438\\u0432\\u043d\\u044b\\u0439"]}}]	9	66
956	2021-11-10 09:36:27.795927+03	280	Букет "Небосвод"	2	[{"changed": {"fields": ["\\u0410\\u043a\\u0442\\u0438\\u0432\\u043d\\u044b\\u0439"]}}]	9	66
957	2021-11-10 09:36:45.772269+03	279	Шикарный букет микс роз	2	[{"changed": {"fields": ["\\u0410\\u043a\\u0442\\u0438\\u0432\\u043d\\u044b\\u0439"]}}]	9	66
958	2021-11-10 09:37:03.650393+03	277	Букет "Нежный мусс"	2	[{"changed": {"fields": ["\\u0410\\u043a\\u0442\\u0438\\u0432\\u043d\\u044b\\u0439"]}}]	9	66
959	2021-11-10 09:37:17.452526+03	276	Букет "Бархат"	2	[{"changed": {"fields": ["\\u0410\\u043a\\u0442\\u0438\\u0432\\u043d\\u044b\\u0439"]}}]	9	66
960	2021-11-10 09:37:35.062417+03	275	Букет "Премиум"	2	[{"changed": {"fields": ["\\u0410\\u043a\\u0442\\u0438\\u0432\\u043d\\u044b\\u0439"]}}]	9	66
961	2021-11-10 09:38:08.318941+03	274	Букет "Розовые мечты"	2	[{"changed": {"fields": ["\\u0410\\u043a\\u0442\\u0438\\u0432\\u043d\\u044b\\u0439"]}}]	9	66
962	2021-11-10 09:38:26.01343+03	273	Букет "Сказочная фея"	2	[{"changed": {"fields": ["\\u0410\\u043a\\u0442\\u0438\\u0432\\u043d\\u044b\\u0439"]}}]	9	66
963	2021-11-10 09:39:05.08233+03	272	Букет "Летний"	2	[{"changed": {"fields": ["\\u0410\\u043a\\u0442\\u0438\\u0432\\u043d\\u044b\\u0439"]}}]	9	66
964	2021-11-10 09:39:43.570871+03	271	Букет "Верона"	2	[{"changed": {"fields": ["\\u0410\\u043a\\u0442\\u0438\\u0432\\u043d\\u044b\\u0439"]}}]	9	66
965	2021-11-10 09:40:01.065528+03	270	Букет "Симфония чувств"	2	[{"changed": {"fields": ["\\u0410\\u043a\\u0442\\u0438\\u0432\\u043d\\u044b\\u0439"]}}]	9	66
966	2021-11-10 09:40:25.331467+03	269	Букет "Премиум"	2	[{"changed": {"fields": ["\\u0410\\u043a\\u0442\\u0438\\u0432\\u043d\\u044b\\u0439"]}}]	9	66
967	2021-11-10 09:40:43.028138+03	268	Букет "Облачко"	2	[{"changed": {"fields": ["\\u0410\\u043a\\u0442\\u0438\\u0432\\u043d\\u044b\\u0439"]}}]	9	66
968	2021-11-10 09:40:47.465906+03	268	Букет "Облачко"	2	[]	9	66
969	2021-11-10 09:41:06.824884+03	267	Букет "Императрица"	2	[{"changed": {"fields": ["\\u0410\\u043a\\u0442\\u0438\\u0432\\u043d\\u044b\\u0439"]}}]	9	66
970	2021-11-10 09:41:22.528279+03	266	Букет "Признание в любви"	2	[{"changed": {"fields": ["\\u0410\\u043a\\u0442\\u0438\\u0432\\u043d\\u044b\\u0439"]}}]	9	66
971	2021-11-10 09:41:51.372266+03	265	Букет "Белоснежность"	2	[{"changed": {"fields": ["\\u0410\\u043a\\u0442\\u0438\\u0432\\u043d\\u044b\\u0439"]}}]	9	66
972	2021-11-10 09:42:04.351386+03	264	Букет "Моника"	2	[{"changed": {"fields": ["\\u0410\\u043a\\u0442\\u0438\\u0432\\u043d\\u044b\\u0439"]}}]	9	66
973	2021-11-10 09:42:22.374259+03	263	Букет "Миа"	2	[{"changed": {"fields": ["\\u0410\\u043a\\u0442\\u0438\\u0432\\u043d\\u044b\\u0439"]}}]	9	66
1382	2022-04-07 13:21:34.354187+03	686	Заявка 11111111111	3		18	230
975	2021-11-10 09:45:40.079105+03	260	Букет "Безмятежность"	2	[{"deleted": {"name": "\\u041a\\u0430\\u0440\\u0442\\u0438\\u043d\\u044b", "object": "\\u041a\\u0430\\u0440\\u0442\\u0438\\u043d\\u0430 \\u0411\\u0443\\u043a\\u0435\\u0442 \\"\\u0411\\u0435\\u0437\\u043c\\u044f\\u0442\\u0435\\u0436\\u043d\\u043e\\u0441\\u0442\\u044c\\""}}]	9	66
976	2021-11-10 09:46:00.205793+03	260	Букет "Безмятежность"	2	[{"added": {"name": "\\u041a\\u0430\\u0440\\u0442\\u0438\\u043d\\u044b", "object": "\\u041a\\u0430\\u0440\\u0442\\u0438\\u043d\\u0430 \\u0411\\u0443\\u043a\\u0435\\u0442 \\"\\u0411\\u0435\\u0437\\u043c\\u044f\\u0442\\u0435\\u0436\\u043d\\u043e\\u0441\\u0442\\u044c\\""}}]	9	66
977	2021-11-10 09:46:13.314521+03	262	Букет "Внимание"	2	[{"changed": {"fields": ["\\u0410\\u043a\\u0442\\u0438\\u0432\\u043d\\u044b\\u0439"]}}]	9	66
978	2021-11-10 09:46:33.576953+03	278	Букет "Мальвина"	2	[{"changed": {"fields": ["\\u0410\\u043a\\u0442\\u0438\\u0432\\u043d\\u044b\\u0439"]}}]	9	66
979	2021-11-10 09:46:49.378306+03	259	Букет "Миллениум"	2	[{"changed": {"fields": ["\\u0410\\u043a\\u0442\\u0438\\u0432\\u043d\\u044b\\u0439"]}}]	9	66
980	2021-11-10 09:47:02.550172+03	258	Воздушное облако гипсофилы	2	[{"changed": {"fields": ["\\u0410\\u043a\\u0442\\u0438\\u0432\\u043d\\u044b\\u0439"]}}]	9	66
981	2021-11-10 09:47:20.034373+03	256	Шикарный букет роз	2	[{"changed": {"fields": ["\\u0410\\u043a\\u0442\\u0438\\u0432\\u043d\\u044b\\u0439"]}}]	9	66
982	2021-11-10 09:47:31.076014+03	257	Сладкая композиция	2	[{"changed": {"fields": ["\\u0410\\u043a\\u0442\\u0438\\u0432\\u043d\\u044b\\u0439"]}}]	9	66
983	2021-11-10 09:47:47.321263+03	255	Нежный букет	2	[{"changed": {"fields": ["\\u0410\\u043a\\u0442\\u0438\\u0432\\u043d\\u044b\\u0439"]}}]	9	66
984	2021-11-10 09:47:58.159487+03	254	Облако гипсофилы	2	[{"changed": {"fields": ["\\u0410\\u043a\\u0442\\u0438\\u0432\\u043d\\u044b\\u0439"]}}]	9	66
985	2021-11-10 09:48:35.11272+03	253	Сборный евробукет	2	[{"changed": {"fields": ["\\u0410\\u043a\\u0442\\u0438\\u0432\\u043d\\u044b\\u0439"]}}]	9	66
986	2021-11-10 09:49:19.325986+03	252	Сборный евробукет	2	[{"changed": {"fields": ["\\u0410\\u043a\\u0442\\u0438\\u0432\\u043d\\u044b\\u0439"]}}]	9	66
987	2021-11-10 09:49:35.096878+03	251	Нежный букет пионов	2	[{"changed": {"fields": ["\\u0410\\u043a\\u0442\\u0438\\u0432\\u043d\\u044b\\u0439"]}}]	9	66
988	2021-11-10 10:04:06.651326+03	250	Композиция "Рябина"	2	[{"changed": {"fields": ["\\u041d\\u0430\\u0437\\u0432\\u0430\\u043d\\u0438\\u0435", "\\u041e\\u043f\\u0438\\u0441\\u0430\\u043d\\u0438\\u0435"]}}, {"deleted": {"name": "\\u041a\\u0430\\u0440\\u0442\\u0438\\u043d\\u044b", "object": "\\u041a\\u0430\\u0440\\u0442\\u0438\\u043d\\u0430 \\u041a\\u043e\\u043c\\u043f\\u043e\\u0437\\u0438\\u0446\\u0438\\u044f \\"\\u0420\\u044f\\u0431\\u0438\\u043d\\u0430\\""}}]	9	66
989	2021-11-10 10:04:45.993866+03	250	Композиция "Рябина"	2	[{"changed": {"fields": ["\\u0426\\u0435\\u043d\\u0430", "\\u041a\\u0430\\u0442\\u0435\\u0433\\u043e\\u0440\\u0438\\u044f"]}}, {"added": {"name": "\\u041a\\u0430\\u0440\\u0442\\u0438\\u043d\\u044b", "object": "\\u041a\\u0430\\u0440\\u0442\\u0438\\u043d\\u0430 \\u041a\\u043e\\u043c\\u043f\\u043e\\u0437\\u0438\\u0446\\u0438\\u044f \\"\\u0420\\u044f\\u0431\\u0438\\u043d\\u0430\\""}}]	9	66
990	2021-11-10 10:14:27.228739+03	260	Букет "Безмятежность"	2	[{"changed": {"fields": ["\\u0426\\u0435\\u043d\\u0430", "\\u041a\\u0430\\u0442\\u0435\\u0433\\u043e\\u0440\\u0438\\u044f"]}}, {"deleted": {"name": "\\u041a\\u0430\\u0440\\u0442\\u0438\\u043d\\u044b", "object": "\\u041a\\u0430\\u0440\\u0442\\u0438\\u043d\\u0430 \\u0411\\u0443\\u043a\\u0435\\u0442 \\"\\u0411\\u0435\\u0437\\u043c\\u044f\\u0442\\u0435\\u0436\\u043d\\u043e\\u0441\\u0442\\u044c\\""}}]	9	66
991	2021-11-10 10:14:39.727985+03	260	Букет "Безмятежность"	2	[{"added": {"name": "\\u041a\\u0430\\u0440\\u0442\\u0438\\u043d\\u044b", "object": "\\u041a\\u0430\\u0440\\u0442\\u0438\\u043d\\u0430 \\u0411\\u0443\\u043a\\u0435\\u0442 \\"\\u0411\\u0435\\u0437\\u043c\\u044f\\u0442\\u0435\\u0436\\u043d\\u043e\\u0441\\u0442\\u044c\\""}}]	9	66
992	2021-11-10 10:15:47.678323+03	250	Композиция "Рябина"	2	[{"changed": {"fields": ["\\u0426\\u0435\\u043d\\u0430"]}}]	9	66
993	2021-11-10 10:16:33.872285+03	250	Композиция "Рябина"	2	[{"changed": {"fields": ["\\u0426\\u0435\\u043d\\u0430"]}}]	9	66
994	2021-11-10 11:41:34.825451+03	209	Букет "Сладкая вата"	2	[{"changed": {"fields": ["\\u0410\\u043a\\u0446\\u0438\\u044f"]}}]	9	66
995	2021-11-12 08:47:54.951345+03	290	Букет "Глинтвейн"	2	[{"changed": {"fields": ["\\u041a\\u0430\\u0442\\u0435\\u0433\\u043e\\u0440\\u0438\\u044f"]}}]	9	66
996	2021-11-12 08:48:43.942305+03	17	Композиция "White Dream"	2	[{"changed": {"fields": ["\\u041a\\u0430\\u0442\\u0435\\u0433\\u043e\\u0440\\u0438\\u044f"]}}]	9	66
997	2021-11-12 08:51:00.414714+03	2	Букет "Притяжение"	2	[{"changed": {"fields": ["\\u041d\\u0430\\u0437\\u0432\\u0430\\u043d\\u0438\\u0435", "\\u041a\\u0430\\u0442\\u0435\\u0433\\u043e\\u0440\\u0438\\u044f"]}}]	9	66
998	2021-11-12 08:52:23.485067+03	171	Композиция премиум класса	2	[{"changed": {"fields": ["\\u041a\\u0430\\u0442\\u0435\\u0433\\u043e\\u0440\\u0438\\u044f"]}}]	9	66
999	2021-11-12 08:59:55.014836+03	247	Облако гипсофилы	2	[{"changed": {"fields": ["\\u041a\\u0430\\u0442\\u0435\\u0433\\u043e\\u0440\\u0438\\u044f"]}}]	9	66
1000	2021-11-12 09:01:04.824943+03	226	Композиция "Сладкий сюрприз"	2	[{"changed": {"fields": ["\\u041a\\u0430\\u0442\\u0435\\u0433\\u043e\\u0440\\u0438\\u044f"]}}]	9	66
1001	2021-11-12 09:03:16.007227+03	194	Букет "Pink"	2	[{"changed": {"fields": ["\\u041a\\u0430\\u0442\\u0435\\u0433\\u043e\\u0440\\u0438\\u044f"]}}]	9	66
1002	2021-11-12 09:05:53.965501+03	234	Нежный евробукет	2	[{"changed": {"fields": ["\\u041a\\u0430\\u0442\\u0435\\u0433\\u043e\\u0440\\u0438\\u044f"]}}]	9	66
1003	2021-11-12 09:07:19.499243+03	292	Букет "Розовое безе"	2	[{"changed": {"fields": ["\\u041a\\u0430\\u0442\\u0435\\u0433\\u043e\\u0440\\u0438\\u044f"]}}]	9	66
1004	2021-11-12 09:08:08.256141+03	249	Сладкая композиция	2	[{"changed": {"fields": ["\\u041a\\u0430\\u0442\\u0435\\u0433\\u043e\\u0440\\u0438\\u044f"]}}]	9	66
1005	2021-11-12 09:09:02.722704+03	245	Евробукет	2	[{"changed": {"fields": ["\\u041a\\u0430\\u0442\\u0435\\u0433\\u043e\\u0440\\u0438\\u044f"]}}]	9	66
1006	2021-11-12 09:09:36.978186+03	242	Евробукет	2	[{"changed": {"fields": ["\\u041a\\u0430\\u0442\\u0435\\u0433\\u043e\\u0440\\u0438\\u044f"]}}]	9	66
1007	2021-11-12 09:11:25.852512+03	239	Композиция премиум класса	2	[{"changed": {"fields": ["\\u041a\\u0430\\u0442\\u0435\\u0433\\u043e\\u0440\\u0438\\u044f"]}}]	9	66
1008	2021-11-12 09:12:12.439502+03	218	Композиция "Бисквит"	2	[{"changed": {"fields": ["\\u041a\\u0430\\u0442\\u0435\\u0433\\u043e\\u0440\\u0438\\u044f"]}}]	9	66
1009	2021-11-12 09:17:27.396089+03	291	Букет "Yellow"	2	[{"changed": {"fields": ["\\u041a\\u0430\\u0442\\u0435\\u0433\\u043e\\u0440\\u0438\\u044f"]}}]	9	66
1010	2021-11-12 09:18:25.727515+03	299	Композиция "Утончённость"	2	[{"changed": {"fields": ["\\u041a\\u0430\\u0442\\u0435\\u0433\\u043e\\u0440\\u0438\\u044f"]}}]	9	66
1011	2021-11-12 09:25:23.971531+03	2	Букет "Притяжение"	2	[{"changed": {"fields": ["\\u041a\\u0430\\u0442\\u0435\\u0433\\u043e\\u0440\\u0438\\u044f"]}}]	9	66
1287	2021-12-05 15:36:43.035358+03	1	admin Админ	2	[{"changed": {"fields": ["\\u0424\\u0438\\u043b\\u0438\\u0430\\u043b"]}}]	14	1
1012	2021-11-12 10:07:35.832004+03	292	Букет "Розовое безе"	2	[{"deleted": {"name": "\\u041a\\u0430\\u0440\\u0442\\u0438\\u043d\\u044b", "object": "\\u041a\\u0430\\u0440\\u0442\\u0438\\u043d\\u0430 \\u0411\\u0443\\u043a\\u0435\\u0442 \\"\\u0420\\u043e\\u0437\\u043e\\u0432\\u043e\\u0435 \\u0431\\u0435\\u0437\\u0435\\""}}, {"deleted": {"name": "\\u041a\\u0430\\u0440\\u0442\\u0438\\u043d\\u044b", "object": "\\u041a\\u0430\\u0440\\u0442\\u0438\\u043d\\u0430 \\u0411\\u0443\\u043a\\u0435\\u0442 \\"\\u0420\\u043e\\u0437\\u043e\\u0432\\u043e\\u0435 \\u0431\\u0435\\u0437\\u0435\\""}}]	9	66
1013	2021-11-12 10:10:59.397904+03	292	Букет "Red"	2	[{"changed": {"fields": ["\\u041d\\u0430\\u0437\\u0432\\u0430\\u043d\\u0438\\u0435"]}}, {"added": {"name": "\\u041a\\u0430\\u0440\\u0442\\u0438\\u043d\\u044b", "object": "\\u041a\\u0430\\u0440\\u0442\\u0438\\u043d\\u0430 \\u0411\\u0443\\u043a\\u0435\\u0442 \\"Red\\""}}, {"added": {"name": "\\u041a\\u0430\\u0440\\u0442\\u0438\\u043d\\u044b", "object": "\\u041a\\u0430\\u0440\\u0442\\u0438\\u043d\\u0430 \\u0411\\u0443\\u043a\\u0435\\u0442 \\"Red\\""}}]	9	66
1014	2021-11-12 10:12:16.678447+03	292	Букет "Red"	2	[{"changed": {"fields": ["\\u0426\\u0435\\u043d\\u0430"]}}]	9	66
1015	2021-11-12 10:12:50.798196+03	292	Букет "Red"	2	[{"changed": {"fields": ["\\u041a\\u0430\\u0442\\u0435\\u0433\\u043e\\u0440\\u0438\\u044f"]}}]	9	66
1016	2021-11-12 10:19:45.789785+03	313	Букет "Эйфория"	2	[{"deleted": {"name": "\\u041a\\u0430\\u0440\\u0442\\u0438\\u043d\\u044b", "object": "\\u041a\\u0430\\u0440\\u0442\\u0438\\u043d\\u0430 \\u0411\\u0443\\u043a\\u0435\\u0442 \\"\\u042d\\u0439\\u0444\\u043e\\u0440\\u0438\\u044f\\""}}]	9	66
1017	2021-11-12 10:20:12.055984+03	313	Букет "Эйфория"	2	[{"added": {"name": "\\u041a\\u0430\\u0440\\u0442\\u0438\\u043d\\u044b", "object": "\\u041a\\u0430\\u0440\\u0442\\u0438\\u043d\\u0430 \\u0411\\u0443\\u043a\\u0435\\u0442 \\"\\u042d\\u0439\\u0444\\u043e\\u0440\\u0438\\u044f\\""}}, {"added": {"name": "\\u041a\\u0430\\u0440\\u0442\\u0438\\u043d\\u044b", "object": "\\u041a\\u0430\\u0440\\u0442\\u0438\\u043d\\u0430 \\u0411\\u0443\\u043a\\u0435\\u0442 \\"\\u042d\\u0439\\u0444\\u043e\\u0440\\u0438\\u044f\\""}}]	9	66
1018	2021-11-12 10:20:33.035935+03	313	Букет "Эйфория"	2	[{"changed": {"fields": ["\\u0426\\u0435\\u043d\\u0430"]}}]	9	66
1019	2021-11-12 10:21:23.343913+03	325	Букет "Восхищение"	2	[{"changed": {"fields": ["\\u0426\\u0435\\u043d\\u0430", "\\u041a\\u0430\\u0442\\u0435\\u0433\\u043e\\u0440\\u0438\\u044f"]}}, {"deleted": {"name": "\\u041a\\u0430\\u0440\\u0442\\u0438\\u043d\\u044b", "object": "\\u041a\\u0430\\u0440\\u0442\\u0438\\u043d\\u0430 \\u0411\\u0443\\u043a\\u0435\\u0442 \\"\\u0412\\u043e\\u0441\\u0445\\u0438\\u0449\\u0435\\u043d\\u0438\\u0435\\""}}]	9	66
1020	2021-11-12 10:22:02.439623+03	325	Букет "Восхищение"	2	[{"added": {"name": "\\u041a\\u0430\\u0440\\u0442\\u0438\\u043d\\u044b", "object": "\\u041a\\u0430\\u0440\\u0442\\u0438\\u043d\\u0430 \\u0411\\u0443\\u043a\\u0435\\u0442 \\"\\u0412\\u043e\\u0441\\u0445\\u0438\\u0449\\u0435\\u043d\\u0438\\u0435\\""}}]	9	66
1021	2021-11-12 10:27:53.642975+03	326	Букет "Чувственный"	1	[{"added": {}}]	9	66
1022	2021-11-12 10:28:16.973743+03	326	Букет "Чувственный"	2	[{"changed": {"fields": ["\\u041f\\u043e\\u0432\\u043e\\u0434\\u044b"]}}, {"added": {"name": "\\u041a\\u0430\\u0440\\u0442\\u0438\\u043d\\u044b", "object": "\\u041a\\u0430\\u0440\\u0442\\u0438\\u043d\\u0430 \\u0411\\u0443\\u043a\\u0435\\u0442 \\"\\u0427\\u0443\\u0432\\u0441\\u0442\\u0432\\u0435\\u043d\\u043d\\u044b\\u0439\\""}}]	9	66
1023	2021-11-12 10:33:01.803837+03	327	Букет "Дуэт"	1	[{"added": {}}]	9	66
1024	2021-11-12 10:34:15.826422+03	327	Букет "Дуэт"	2	[{"added": {"name": "\\u041a\\u0430\\u0440\\u0442\\u0438\\u043d\\u044b", "object": "\\u041a\\u0430\\u0440\\u0442\\u0438\\u043d\\u0430 \\u0411\\u0443\\u043a\\u0435\\u0442 \\"\\u0414\\u0443\\u044d\\u0442\\""}}]	9	66
1025	2021-11-13 09:15:57.961459+03	315	Композиция "Юпитер"	2	[{"changed": {"fields": ["\\u041d\\u0430\\u0437\\u0432\\u0430\\u043d\\u0438\\u0435"]}}]	9	66
1026	2021-11-13 09:16:20.633409+03	313	Композиция Эйфория"	2	[{"changed": {"fields": ["\\u041d\\u0430\\u0437\\u0432\\u0430\\u043d\\u0438\\u0435"]}}]	9	66
1027	2021-11-13 09:16:40.217441+03	290	Композиция "Глинтвейн"	2	[{"changed": {"fields": ["\\u041d\\u0430\\u0437\\u0432\\u0430\\u043d\\u0438\\u0435"]}}]	9	66
1028	2021-11-13 09:33:11.995419+03	327	Букет "Дуэт"	2	[{"changed": {"fields": ["\\u0426\\u0435\\u043d\\u0430"]}}, {"deleted": {"name": "\\u041a\\u0430\\u0440\\u0442\\u0438\\u043d\\u044b", "object": "\\u041a\\u0430\\u0440\\u0442\\u0438\\u043d\\u0430 \\u0411\\u0443\\u043a\\u0435\\u0442 \\"\\u0414\\u0443\\u044d\\u0442\\""}}]	9	66
1029	2021-11-13 09:33:23.69958+03	327	Букет "Дуэт"	2	[{"added": {"name": "\\u041a\\u0430\\u0440\\u0442\\u0438\\u043d\\u044b", "object": "\\u041a\\u0430\\u0440\\u0442\\u0438\\u043d\\u0430 \\u0411\\u0443\\u043a\\u0435\\u0442 \\"\\u0414\\u0443\\u044d\\u0442\\""}}]	9	66
1030	2021-11-16 07:07:47.969424+03	123	Конверт комплимент	2	[{"changed": {"fields": ["\\u0410\\u043a\\u0442\\u0438\\u0432\\u043d\\u044b\\u0439"]}}]	9	66
1031	2021-11-16 07:07:47.979338+03	119	Конверт комплимент	2	[{"changed": {"fields": ["\\u0410\\u043a\\u0442\\u0438\\u0432\\u043d\\u044b\\u0439"]}}]	9	66
1032	2021-11-16 07:08:33.631109+03	186	Букет роз	3		9	66
1033	2021-11-16 07:09:39.068833+03	117	Букет роз	3		9	66
1034	2021-11-16 07:53:45.62432+03	151	Композиция премиум класса	2	[{"changed": {"fields": ["\\u0410\\u043a\\u0442\\u0438\\u0432\\u043d\\u044b\\u0439"]}}]	9	66
1035	2021-11-16 07:59:28.711799+03	189	Нежная композиция с пионами	2	[{"changed": {"fields": ["\\u0410\\u043a\\u0442\\u0438\\u0432\\u043d\\u044b\\u0439"]}}]	9	66
1036	2021-11-16 08:00:13.774307+03	231	Стильная композиция	2	[{"changed": {"fields": ["\\u0410\\u043a\\u0442\\u0438\\u0432\\u043d\\u044b\\u0439"]}}]	9	66
1037	2021-11-16 08:00:43.021923+03	235	Яркая композиция	2	[{"changed": {"fields": ["\\u0410\\u043a\\u0442\\u0438\\u0432\\u043d\\u044b\\u0439"]}}]	9	66
1038	2021-11-16 08:38:55.456303+03	155	Яркая композиция 	2	[{"changed": {"fields": ["\\u0410\\u043a\\u0442\\u0438\\u0432\\u043d\\u044b\\u0439"]}}]	9	66
1039	2021-11-16 08:39:47.460252+03	176	Яркая композиция роз	2	[{"changed": {"fields": ["\\u0410\\u043a\\u0442\\u0438\\u0432\\u043d\\u044b\\u0439"]}}]	9	66
1040	2021-11-16 08:40:12.817729+03	114	Яркая композиция роз	2	[{"changed": {"fields": ["\\u0410\\u043a\\u0442\\u0438\\u0432\\u043d\\u044b\\u0439"]}}]	9	66
1041	2021-11-16 08:44:33.346423+03	111	Евробукет 	2	[{"changed": {"fields": ["\\u0410\\u043a\\u0442\\u0438\\u0432\\u043d\\u044b\\u0439"]}}]	9	66
1042	2021-11-16 08:50:57.684009+03	187	Композиция гипсофилы	2	[{"changed": {"fields": ["\\u0410\\u043a\\u0442\\u0438\\u0432\\u043d\\u044b\\u0439"]}}]	9	66
1043	2021-11-16 11:34:44.744435+03	326	Букет "Чувственный"	2	[{"changed": {"fields": ["\\u041e\\u043f\\u0438\\u0441\\u0430\\u043d\\u0438\\u0435"]}}]	9	66
1044	2021-11-16 11:46:41.503469+03	325	Букет "Восхищение"	2	[{"changed": {"fields": ["\\u041a\\u0430\\u0442\\u0435\\u0433\\u043e\\u0440\\u0438\\u044f"]}}, {"deleted": {"name": "\\u041a\\u0430\\u0440\\u0442\\u0438\\u043d\\u044b", "object": "\\u041a\\u0430\\u0440\\u0442\\u0438\\u043d\\u0430 \\u0411\\u0443\\u043a\\u0435\\u0442 \\"\\u0412\\u043e\\u0441\\u0445\\u0438\\u0449\\u0435\\u043d\\u0438\\u0435\\""}}]	9	66
1073	2021-11-20 11:11:26.680155+03	203	Букет "Авангард"	2	[{"added": {"name": "\\u041a\\u0430\\u0440\\u0442\\u0438\\u043d\\u044b", "object": "\\u041a\\u0430\\u0440\\u0442\\u0438\\u043d\\u0430 \\u0411\\u0443\\u043a\\u0435\\u0442 \\"\\u0410\\u0432\\u0430\\u043d\\u0433\\u0430\\u0440\\u0434\\""}}]	9	66
2468	2022-06-08 17:09:19.685633+03	351	1111111	3		9	230
1045	2021-11-16 11:47:11.619289+03	325	Букет "Восхищение"	2	[{"added": {"name": "\\u041a\\u0430\\u0440\\u0442\\u0438\\u043d\\u044b", "object": "\\u041a\\u0430\\u0440\\u0442\\u0438\\u043d\\u0430 \\u0411\\u0443\\u043a\\u0435\\u0442 \\"\\u0412\\u043e\\u0441\\u0445\\u0438\\u0449\\u0435\\u043d\\u0438\\u0435\\""}}, {"added": {"name": "\\u041a\\u0430\\u0440\\u0442\\u0438\\u043d\\u044b", "object": "\\u041a\\u0430\\u0440\\u0442\\u0438\\u043d\\u0430 \\u0411\\u0443\\u043a\\u0435\\u0442 \\"\\u0412\\u043e\\u0441\\u0445\\u0438\\u0449\\u0435\\u043d\\u0438\\u0435\\""}}]	9	66
1046	2021-11-16 11:48:56.965348+03	313	Композиция "Эйфория"	2	[{"changed": {"fields": ["\\u041d\\u0430\\u0437\\u0432\\u0430\\u043d\\u0438\\u0435"]}}]	9	66
1047	2021-11-16 11:54:49.086256+03	289	Букет "Восхищение"	3		9	66
1048	2021-11-16 11:54:59.673602+03	325	Композиция "Восхищение"	2	[{"changed": {"fields": ["\\u041d\\u0430\\u0437\\u0432\\u0430\\u043d\\u0438\\u0435"]}}]	9	66
1049	2021-11-16 11:55:59.926493+03	118	Евробукет 	3		9	66
1050	2021-11-16 11:57:10.001695+03	134	Нежная композиция роз	3		9	66
1051	2021-11-16 11:59:38.340576+03	54	Тренд 2021 года цветная Гипсофила	3		9	66
1052	2021-11-16 12:02:47.221367+03	21	Букет из 15 голландских роз 60-70см	3		9	66
1053	2021-11-16 12:57:10.33408+03	326	Букет "Чувственный"	2	[{"changed": {"fields": ["\\u0426\\u0435\\u043d\\u0430"]}}]	9	66
1054	2021-11-17 10:52:10.213761+03	328	Букет "Ароматный сад"	1	[{"added": {}}, {"added": {"name": "\\u041a\\u0430\\u0440\\u0442\\u0438\\u043d\\u044b", "object": "\\u041a\\u0430\\u0440\\u0442\\u0438\\u043d\\u0430 \\u0411\\u0443\\u043a\\u0435\\u0442 \\"\\u0410\\u0440\\u043e\\u043c\\u0430\\u0442\\u043d\\u044b\\u0439 \\u0441\\u0430\\u0434\\""}}]	9	66
1055	2021-11-17 10:52:28.356543+03	328	Букет "Ароматный сад"	2	[{"changed": {"fields": ["\\u0426\\u0435\\u043d\\u0430"]}}]	9	66
1056	2021-11-18 09:41:37.721539+03	288	Букет "Утренняя свежесть"	2	[{"changed": {"fields": ["\\u0426\\u0435\\u043d\\u0430", "\\u041a\\u0430\\u0442\\u0435\\u0433\\u043e\\u0440\\u0438\\u044f", "\\u0410\\u043a\\u0442\\u0438\\u0432\\u043d\\u044b\\u0439"]}}, {"deleted": {"name": "\\u041a\\u0430\\u0440\\u0442\\u0438\\u043d\\u044b", "object": "\\u041a\\u0430\\u0440\\u0442\\u0438\\u043d\\u0430 \\u0411\\u0443\\u043a\\u0435\\u0442 \\"\\u0423\\u0442\\u0440\\u0435\\u043d\\u043d\\u044f\\u044f \\u0441\\u0432\\u0435\\u0436\\u0435\\u0441\\u0442\\u044c\\""}}]	9	66
1057	2021-11-18 09:44:43.284047+03	288	Букет "Утренняя свежесть"	2	[{"changed": {"fields": ["\\u041a\\u0430\\u0442\\u0435\\u0433\\u043e\\u0440\\u0438\\u044f"]}}, {"added": {"name": "\\u041a\\u0430\\u0440\\u0442\\u0438\\u043d\\u044b", "object": "\\u041a\\u0430\\u0440\\u0442\\u0438\\u043d\\u0430 \\u0411\\u0443\\u043a\\u0435\\u0442 \\"\\u0423\\u0442\\u0440\\u0435\\u043d\\u043d\\u044f\\u044f \\u0441\\u0432\\u0435\\u0436\\u0435\\u0441\\u0442\\u044c\\""}}]	9	66
1058	2021-11-18 09:48:28.592946+03	238	Композиция "Сладкий сон"	2	[{"changed": {"fields": ["\\u041d\\u0430\\u0437\\u0432\\u0430\\u043d\\u0438\\u0435", "\\u041e\\u043f\\u0438\\u0441\\u0430\\u043d\\u0438\\u0435", "\\u0426\\u0435\\u043d\\u0430", "\\u041a\\u0430\\u0442\\u0435\\u0433\\u043e\\u0440\\u0438\\u044f", "\\u041f\\u043e\\u0432\\u043e\\u0434\\u044b", "\\u041a\\u043e\\u043c\\u043f\\u043e\\u0437\\u0438\\u0446\\u0438\\u0438"]}}, {"deleted": {"name": "\\u041a\\u0430\\u0440\\u0442\\u0438\\u043d\\u044b", "object": "\\u041a\\u0430\\u0440\\u0442\\u0438\\u043d\\u0430 \\u041a\\u043e\\u043c\\u043f\\u043e\\u0437\\u0438\\u0446\\u0438\\u044f \\"\\u0421\\u043b\\u0430\\u0434\\u043a\\u0438\\u0439 \\u0441\\u043e\\u043d\\""}}]	9	66
1059	2021-11-18 09:49:00.784085+03	238	Композиция "Сладкий сон"	2	[{"added": {"name": "\\u041a\\u0430\\u0440\\u0442\\u0438\\u043d\\u044b", "object": "\\u041a\\u0430\\u0440\\u0442\\u0438\\u043d\\u0430 \\u041a\\u043e\\u043c\\u043f\\u043e\\u0437\\u0438\\u0446\\u0438\\u044f \\"\\u0421\\u043b\\u0430\\u0434\\u043a\\u0438\\u0439 \\u0441\\u043e\\u043d\\""}}]	9	66
1060	2021-11-18 09:49:34.228413+03	229	Композиция "Сладкий сон"	3		9	66
1061	2021-11-18 10:01:54.013609+03	218	Композиция "Бисквит"	2	[{"changed": {"fields": ["\\u0426\\u0435\\u043d\\u0430", "\\u041a\\u0430\\u0442\\u0435\\u0433\\u043e\\u0440\\u0438\\u044f", "\\u041f\\u043e\\u0432\\u043e\\u0434\\u044b"]}}, {"deleted": {"name": "\\u041a\\u0430\\u0440\\u0442\\u0438\\u043d\\u044b", "object": "\\u041a\\u0430\\u0440\\u0442\\u0438\\u043d\\u0430 \\u041a\\u043e\\u043c\\u043f\\u043e\\u0437\\u0438\\u0446\\u0438\\u044f \\"\\u0411\\u0438\\u0441\\u043a\\u0432\\u0438\\u0442\\""}}]	9	66
1062	2021-11-18 10:02:04.386134+03	218	Композиция "Бисквит"	2	[{"added": {"name": "\\u041a\\u0430\\u0440\\u0442\\u0438\\u043d\\u044b", "object": "\\u041a\\u0430\\u0440\\u0442\\u0438\\u043d\\u0430 \\u041a\\u043e\\u043c\\u043f\\u043e\\u0437\\u0438\\u0446\\u0438\\u044f \\"\\u0411\\u0438\\u0441\\u043a\\u0432\\u0438\\u0442\\""}}]	9	66
1063	2021-11-18 10:08:35.620099+03	168	Евробукет 	3		9	66
1064	2021-11-18 10:09:31.909717+03	162	Евробукет 	3		9	66
1065	2021-11-18 10:10:01.568574+03	125	Евробукет 	3		9	66
1066	2021-11-20 11:01:22.885773+03	329	Композиция "Лучи солнца"	1	[{"added": {}}]	9	66
1067	2021-11-20 11:03:42.194685+03	329	Композиция "Лучи солнца"	2	[{"changed": {"fields": ["\\u041a\\u043e\\u043b\\u0438\\u0447\\u0435\\u0441\\u0442\\u0432\\u043e"]}}, {"added": {"name": "\\u041a\\u0430\\u0440\\u0442\\u0438\\u043d\\u044b", "object": "\\u041a\\u0430\\u0440\\u0442\\u0438\\u043d\\u0430 \\u041a\\u043e\\u043c\\u043f\\u043e\\u0437\\u0438\\u0446\\u0438\\u044f \\"\\u041b\\u0443\\u0447\\u0438 \\u0441\\u043e\\u043b\\u043d\\u0446\\u0430\\""}}]	9	66
1068	2021-11-20 11:05:07.751449+03	329	Композиция "Лучи солнца"	2	[{"deleted": {"name": "\\u041a\\u0430\\u0440\\u0442\\u0438\\u043d\\u044b", "object": "\\u041a\\u0430\\u0440\\u0442\\u0438\\u043d\\u0430 \\u041a\\u043e\\u043c\\u043f\\u043e\\u0437\\u0438\\u0446\\u0438\\u044f \\"\\u041b\\u0443\\u0447\\u0438 \\u0441\\u043e\\u043b\\u043d\\u0446\\u0430\\""}}]	9	66
1069	2021-11-20 11:05:18.024141+03	329	Композиция "Лучи солнца"	2	[{"added": {"name": "\\u041a\\u0430\\u0440\\u0442\\u0438\\u043d\\u044b", "object": "\\u041a\\u0430\\u0440\\u0442\\u0438\\u043d\\u0430 \\u041a\\u043e\\u043c\\u043f\\u043e\\u0437\\u0438\\u0446\\u0438\\u044f \\"\\u041b\\u0443\\u0447\\u0438 \\u0441\\u043e\\u043b\\u043d\\u0446\\u0430\\""}}]	9	66
1070	2021-11-20 11:07:51.802859+03	221	Композиция "Восторг"	2	[{"changed": {"fields": ["\\u0426\\u0435\\u043d\\u0430", "\\u041a\\u0430\\u0442\\u0435\\u0433\\u043e\\u0440\\u0438\\u044f", "\\u041f\\u043e\\u0432\\u043e\\u0434\\u044b", "8 \\u043c\\u0430\\u0440\\u0442"]}}, {"deleted": {"name": "\\u041a\\u0430\\u0440\\u0442\\u0438\\u043d\\u044b", "object": "\\u041a\\u0430\\u0440\\u0442\\u0438\\u043d\\u0430 \\u041a\\u043e\\u043c\\u043f\\u043e\\u0437\\u0438\\u0446\\u0438\\u044f \\"\\u0412\\u043e\\u0441\\u0442\\u043e\\u0440\\u0433\\""}}]	9	66
1071	2021-11-20 11:08:51.568671+03	221	Композиция "Восторг"	2	[{"added": {"name": "\\u041a\\u0430\\u0440\\u0442\\u0438\\u043d\\u044b", "object": "\\u041a\\u0430\\u0440\\u0442\\u0438\\u043d\\u0430 \\u041a\\u043e\\u043c\\u043f\\u043e\\u0437\\u0438\\u0446\\u0438\\u044f \\"\\u0412\\u043e\\u0441\\u0442\\u043e\\u0440\\u0433\\""}}]	9	66
1072	2021-11-20 11:11:12.107659+03	203	Букет "Авангард"	2	[{"changed": {"fields": ["\\u0426\\u0435\\u043d\\u0430", "\\u041a\\u0430\\u0442\\u0435\\u0433\\u043e\\u0440\\u0438\\u044f", "\\u041f\\u043e\\u0432\\u043e\\u0434\\u044b"]}}, {"deleted": {"name": "\\u041a\\u0430\\u0440\\u0442\\u0438\\u043d\\u044b", "object": "\\u041a\\u0430\\u0440\\u0442\\u0438\\u043d\\u0430 \\u0411\\u0443\\u043a\\u0435\\u0442 \\"\\u0410\\u0432\\u0430\\u043d\\u0433\\u0430\\u0440\\u0434\\""}}]	9	66
1316	2021-12-12 10:00:19.527606+03	215	Композиция "Гранат"	2	[{"changed": {"fields": ["\\u041d\\u0430\\u0437\\u0432\\u0430\\u043d\\u0438\\u0435"]}}]	9	66
1074	2021-11-20 11:14:30.012313+03	194	Букет "Pink"	2	[{"changed": {"fields": ["\\u0426\\u0435\\u043d\\u0430", "\\u041a\\u0430\\u0442\\u0435\\u0433\\u043e\\u0440\\u0438\\u044f", "\\u041f\\u043e\\u0432\\u043e\\u0434\\u044b"]}}, {"deleted": {"name": "\\u041a\\u0430\\u0440\\u0442\\u0438\\u043d\\u044b", "object": "\\u041a\\u0430\\u0440\\u0442\\u0438\\u043d\\u0430 \\u0411\\u0443\\u043a\\u0435\\u0442 \\"Pink\\""}}]	9	66
1075	2021-11-20 11:14:43.175845+03	194	Букет "Pink"	2	[{"added": {"name": "\\u041a\\u0430\\u0440\\u0442\\u0438\\u043d\\u044b", "object": "\\u041a\\u0430\\u0440\\u0442\\u0438\\u043d\\u0430 \\u0411\\u0443\\u043a\\u0435\\u0442 \\"Pink\\""}}]	9	66
1076	2021-11-20 11:16:48.932515+03	194	Букет "Pink"	2	[{"deleted": {"name": "\\u041a\\u0430\\u0440\\u0442\\u0438\\u043d\\u044b", "object": "\\u041a\\u0430\\u0440\\u0442\\u0438\\u043d\\u0430 \\u0411\\u0443\\u043a\\u0435\\u0442 \\"Pink\\""}}]	9	66
1077	2021-11-20 11:16:58.732738+03	194	Букет "Pink"	2	[{"added": {"name": "\\u041a\\u0430\\u0440\\u0442\\u0438\\u043d\\u044b", "object": "\\u041a\\u0430\\u0440\\u0442\\u0438\\u043d\\u0430 \\u0411\\u0443\\u043a\\u0435\\u0442 \\"Pink\\""}}]	9	66
1078	2021-11-20 11:39:56.741431+03	329	Композиция "Лучи солнца"	2	[{"changed": {"fields": ["\\u041a\\u043e\\u043b\\u0438\\u0447\\u0435\\u0441\\u0442\\u0432\\u043e"]}}]	9	66
1079	2021-11-21 09:20:28.64583+03	1	Астана	2	[{"changed": {"fields": ["URL"]}}]	30	230
1080	2021-11-21 09:25:45.632886+03	23	Алматы	2	[{"changed": {"fields": ["URL"]}}]	30	230
1081	2021-11-21 09:26:16.492005+03	22	Костанай	2	[{"changed": {"fields": ["URL"]}}]	30	230
1082	2021-11-21 09:26:28.818339+03	21	Туркестан	2	[{"changed": {"fields": ["URL"]}}]	30	230
1083	2021-11-21 09:26:41.52086+03	20	Оренбург	2	[{"changed": {"fields": ["URL"]}}]	30	230
1084	2021-11-21 09:26:59.263615+03	19	Челябинск	2	[{"changed": {"fields": ["URL"]}}]	30	230
1085	2021-11-21 09:27:16.06587+03	18	Екатеринбург	2	[{"changed": {"fields": ["URL"]}}]	30	230
1086	2021-11-21 09:27:28.298424+03	18	Екатеринбург	2	[{"changed": {"fields": ["URL"]}}]	30	230
1087	2021-11-21 09:27:40.513196+03	17	Бишкек	2	[{"changed": {"fields": ["URL"]}}]	30	230
1088	2021-11-21 09:27:52.603327+03	16	Ташкент	2	[{"changed": {"fields": ["URL"]}}]	30	230
1089	2021-11-21 09:28:07.882092+03	15	Уральск	2	[{"changed": {"fields": ["URL"]}}]	30	230
1090	2021-11-21 09:28:36.336409+03	14	Талдыкорган	2	[{"changed": {"fields": ["URL"]}}]	30	230
1091	2021-11-21 09:28:57.722423+03	13	Петропавловск	2	[{"changed": {"fields": ["URL"]}}]	30	230
1092	2021-11-21 09:29:15.307552+03	12	Кокшетау	2	[{"changed": {"fields": ["URL"]}}]	30	230
1093	2021-11-21 09:29:38.942853+03	11	Усть-Каменогорск	2	[{"changed": {"fields": ["URL"]}}]	30	230
1094	2021-11-21 09:29:50.352423+03	10	Семей	2	[{"changed": {"fields": ["URL"]}}]	30	230
1095	2021-11-21 09:30:01.878796+03	9	Павлодар	2	[{"changed": {"fields": ["URL"]}}]	30	230
1096	2021-11-21 09:30:11.997505+03	8	Актау	2	[{"changed": {"fields": ["URL"]}}]	30	230
1097	2021-11-21 09:30:25.473564+03	7	Атырау	2	[{"changed": {"fields": ["URL"]}}]	30	230
1098	2021-11-21 09:30:36.289598+03	6	Актобе	2	[{"changed": {"fields": ["URL"]}}]	30	230
1099	2021-11-21 09:30:52.12517+03	5	Кызылорда	2	[{"changed": {"fields": ["URL"]}}]	30	230
1100	2021-11-21 09:31:02.368649+03	4	Тараз	2	[{"changed": {"fields": ["URL"]}}]	30	230
1101	2021-11-21 09:31:13.415301+03	3	Шымкент	2	[{"changed": {"fields": ["URL"]}}]	30	230
1102	2021-11-21 09:31:25.5912+03	2	Караганда	2	[{"changed": {"fields": ["URL"]}}]	30	230
1103	2021-11-21 09:31:30.306425+03	1	Астана	2	[]	30	230
1104	2021-11-21 12:45:50.95052+03	271	Букет "Верона"	2	[{"changed": {"fields": ["\\u041f\\u0440\\u043e\\u0446\\u0435\\u043d\\u0442 \\u0441\\u043a\\u0438\\u0434\\u043a\\u0438"]}}]	9	230
1105	2021-11-21 13:30:57.030797+03	20	Оренбург	3		30	1
1106	2021-11-21 13:30:57.033554+03	19	Челябинск	3		30	1
1107	2021-11-21 13:30:57.035121+03	18	Екатеринбург	3		30	1
1108	2021-11-21 13:31:04.505885+03	17	Бишкек	3		30	1
1109	2021-11-21 13:32:39.202144+03	323	Букет "Roses"	2	[{"changed": {"fields": ["\\u0426\\u0435\\u043d\\u0430", "\\u041f\\u0440\\u043e\\u0446\\u0435\\u043d\\u0442 \\u0441\\u043a\\u0438\\u0434\\u043a\\u0438"]}}]	9	1
1110	2021-11-21 15:06:32.798712+03	1	Доставка для города Астана	1	[{"added": {}}]	32	230
1111	2021-11-21 15:06:46.641653+03	2	Доставка для города Алматы	1	[{"added": {}}]	32	230
1112	2021-11-21 15:38:25.467639+03	480	Быстрая заявка 111111111	3		17	230
1113	2021-11-21 15:38:25.469579+03	479	Быстрая заявка 11111111111	3		17	230
1114	2021-11-21 15:38:25.470568+03	478	Быстрая заявка 111111111	3		17	230
1115	2021-11-21 15:38:25.47175+03	477	Быстрая заявка 111111111	3		17	230
1116	2021-11-21 15:38:25.472672+03	476	Быстрая заявка 1111111111	3		17	230
1117	2021-11-21 15:38:25.473858+03	475	Быстрая заявка 1111111111	3		17	230
1118	2021-11-21 15:38:25.484689+03	474	Быстрая заявка 1111111111	3		17	230
1119	2021-11-21 15:38:25.485789+03	473	Быстрая заявка 1111111111	3		17	230
1120	2021-11-21 15:38:25.486756+03	472	Быстрая заявка 1111111111	3		17	230
1121	2021-11-21 15:38:25.48767+03	471	Быстрая заявка 11111111111	3		17	230
1122	2021-11-21 15:38:45.392832+03	629	Заявка 11111111111	3		18	230
1123	2021-11-21 15:38:45.394862+03	627	Заявка 111111111111	3		18	230
1124	2021-11-21 15:50:17.441279+03	1	Заявка 111111111111	3		33	230
1125	2021-11-21 16:11:26.456128+03	283	Букет "Комплимент"	2	[{"changed": {"fields": ["\\u0426\\u0435\\u043d\\u0430", "\\u041f\\u0440\\u043e\\u0446\\u0435\\u043d\\u0442 \\u0441\\u043a\\u0438\\u0434\\u043a\\u0438"]}}]	9	1
1126	2021-11-21 16:11:34.691881+03	9	4	1	[{"added": {}}]	11	1
1127	2021-11-21 16:12:35.989442+03	283	Букет "Комплимент"	2	[]	9	1
1128	2021-11-21 16:14:20.741153+03	283	Букет "Комплимент"	2	[{"changed": {"fields": ["\\u041f\\u0440\\u043e\\u0446\\u0435\\u043d\\u0442 \\u0441\\u043a\\u0438\\u0434\\u043a\\u0438"]}}]	9	1
1129	2021-11-21 16:15:12.178923+03	322	Букет "Сиреневые мечты"	2	[{"changed": {"fields": ["\\u0426\\u0435\\u043d\\u0430", "\\u041f\\u0440\\u043e\\u0446\\u0435\\u043d\\u0442 \\u0441\\u043a\\u0438\\u0434\\u043a\\u0438"]}}]	9	1
1130	2021-11-21 16:16:27.315329+03	116	Сладкий букет	2	[{"changed": {"fields": ["\\u0426\\u0435\\u043d\\u0430", "\\u041f\\u0440\\u043e\\u0446\\u0435\\u043d\\u0442 \\u0441\\u043a\\u0438\\u0434\\u043a\\u0438"]}}]	9	1
1131	2021-11-21 16:17:13.508656+03	317	Композиция + Rafaello	2	[{"changed": {"fields": ["\\u0426\\u0435\\u043d\\u0430", "\\u041f\\u0440\\u043e\\u0446\\u0435\\u043d\\u0442 \\u0441\\u043a\\u0438\\u0434\\u043a\\u0438"]}}]	9	1
1132	2021-11-21 16:18:46.211784+03	82	Облако гипсофилы	2	[{"changed": {"fields": ["\\u0426\\u0435\\u043d\\u0430", "\\u041f\\u0440\\u043e\\u0446\\u0435\\u043d\\u0442 \\u0441\\u043a\\u0438\\u0434\\u043a\\u0438"]}}]	9	1
1317	2021-12-13 12:27:44.803112+03	329	Композиция "Лучи солнца"	2	[{"changed": {"fields": ["\\u0426\\u0435\\u043d\\u0430"]}}]	9	4
1133	2021-11-21 16:19:35.978259+03	59	Премиальный сорт роз в коробке	2	[{"changed": {"fields": ["\\u0426\\u0435\\u043d\\u0430", "\\u041f\\u0440\\u043e\\u0446\\u0435\\u043d\\u0442 \\u0441\\u043a\\u0438\\u0434\\u043a\\u0438"]}}]	9	1
1134	2021-11-21 16:20:28.158722+03	306	Букет "Малиновый сад"	2	[{"changed": {"fields": ["\\u0426\\u0435\\u043d\\u0430", "\\u041f\\u0440\\u043e\\u0446\\u0435\\u043d\\u0442 \\u0441\\u043a\\u0438\\u0434\\u043a\\u0438"]}}]	9	1
1135	2021-11-21 16:20:56.941766+03	299	Композиция "Утончённость"	2	[{"changed": {"fields": ["\\u0426\\u0435\\u043d\\u0430", "\\u041f\\u0440\\u043e\\u0446\\u0435\\u043d\\u0442 \\u0441\\u043a\\u0438\\u0434\\u043a\\u0438"]}}]	9	1
1136	2021-11-21 16:21:50.576531+03	141	Композиция из роз	2	[{"changed": {"fields": ["\\u0426\\u0435\\u043d\\u0430", "\\u041f\\u0440\\u043e\\u0446\\u0435\\u043d\\u0442 \\u0441\\u043a\\u0438\\u0434\\u043a\\u0438"]}}]	9	1
1137	2021-11-21 16:23:17.759531+03	109	Букет роз	2	[{"changed": {"fields": ["\\u0426\\u0435\\u043d\\u0430", "\\u041f\\u0440\\u043e\\u0446\\u0435\\u043d\\u0442 \\u0441\\u043a\\u0438\\u0434\\u043a\\u0438"]}}]	9	1
1138	2021-11-21 16:32:20.042751+03	315	Композиция "Юпитер"	2	[{"changed": {"fields": ["\\u0426\\u0435\\u043d\\u0430", "\\u041f\\u0440\\u043e\\u0446\\u0435\\u043d\\u0442 \\u0441\\u043a\\u0438\\u0434\\u043a\\u0438"]}}]	9	1
1139	2021-11-21 16:33:01.2622+03	318	Букет "Аврора"	2	[{"changed": {"fields": ["\\u0426\\u0435\\u043d\\u0430", "\\u041f\\u0440\\u043e\\u0446\\u0435\\u043d\\u0442 \\u0441\\u043a\\u0438\\u0434\\u043a\\u0438"]}}]	9	1
1140	2021-11-21 16:34:46.05814+03	304	Букет "Рубин"	2	[{"changed": {"fields": ["\\u0426\\u0435\\u043d\\u0430", "\\u041f\\u0440\\u043e\\u0446\\u0435\\u043d\\u0442 \\u0441\\u043a\\u0438\\u0434\\u043a\\u0438"]}}]	9	1
1141	2021-11-21 16:35:59.701968+03	143	Композиция премиум класса	2	[{"changed": {"fields": ["\\u0426\\u0435\\u043d\\u0430", "\\u041f\\u0440\\u043e\\u0446\\u0435\\u043d\\u0442 \\u0441\\u043a\\u0438\\u0434\\u043a\\u0438"]}}]	9	1
1142	2021-11-21 16:37:28.931834+03	1	Коробка с цветами "пламя любви"	2	[{"changed": {"fields": ["\\u0426\\u0435\\u043d\\u0430", "\\u041f\\u0440\\u043e\\u0446\\u0435\\u043d\\u0442 \\u0441\\u043a\\u0438\\u0434\\u043a\\u0438"]}}]	9	1
1143	2021-11-21 16:54:33.374872+03	1	Контакты для города Астана	2	[{"changed": {"fields": ["\\u041a\\u043e\\u043d\\u0442\\u0430\\u043a\\u0442\\u044b \\u0434\\u043b\\u044f \\u0433\\u043e\\u0440\\u043e\\u0434\\u0430", "\\u0421\\u0441\\u044b\\u043b\\u043a\\u0430 2gis.kz", "\\u0410\\u0434\\u0440\\u0435\\u0441", "\\u0422\\u0435\\u043b\\u0435\\u0444\\u043e\\u043d"]}}]	27	1
1144	2021-11-21 16:57:46.795052+03	1	Контакты для города Астана	2	[{"changed": {"fields": ["\\u0421\\u0441\\u044b\\u043b\\u043a\\u0430 \\u042f\\u043d\\u0434\\u0435\\u043a\\u0441 \\u041a\\u0430\\u0440\\u0442\\u044b"]}}]	27	1
1145	2021-11-21 17:00:19.740796+03	1	Контакты для города Астана	2	[{"changed": {"fields": ["\\u0421\\u0441\\u044b\\u043b\\u043a\\u0430 \\u042f\\u043d\\u0434\\u0435\\u043a\\u0441 \\u041a\\u0430\\u0440\\u0442\\u044b"]}}]	27	1
1146	2021-11-21 17:00:56.430958+03	1	Контакты для города Астана	2	[{"changed": {"fields": ["\\u0421\\u0441\\u044b\\u043b\\u043a\\u0430 \\u042f\\u043d\\u0434\\u0435\\u043a\\u0441 \\u041a\\u0430\\u0440\\u0442\\u044b"]}}]	27	1
1147	2021-11-21 17:07:02.240912+03	1	Контакты для города Астана	2	[{"changed": {"fields": ["\\u0421\\u0441\\u044b\\u043b\\u043a\\u0430 \\u042f\\u043d\\u0434\\u0435\\u043a\\u0441 \\u041a\\u0430\\u0440\\u0442\\u044b"]}}]	27	1
1148	2021-11-21 17:07:27.689651+03	1	Контакты для города Астана	2	[]	27	1
1149	2021-11-21 17:07:53.645861+03	1	Контакты для города Астана	2	[{"changed": {"fields": ["\\u0421\\u0441\\u044b\\u043b\\u043a\\u0430 \\u042f\\u043d\\u0434\\u0435\\u043a\\u0441 \\u041a\\u0430\\u0440\\u0442\\u044b"]}}]	27	1
1150	2021-11-21 17:08:48.025242+03	1	Контакты для города Астана	2	[{"changed": {"fields": ["\\u0421\\u0441\\u044b\\u043b\\u043a\\u0430 \\u042f\\u043d\\u0434\\u0435\\u043a\\u0441 \\u041a\\u0430\\u0440\\u0442\\u044b"]}}]	27	1
1151	2021-11-21 17:15:32.359163+03	3	Контакты для города Алматы	1	[{"added": {}}]	27	1
1152	2021-11-21 17:16:27.495441+03	3	Контакты для города Алматы	2	[{"changed": {"fields": ["\\u0422\\u0435\\u043b\\u0435\\u0444\\u043e\\u043d"]}}]	27	1
1153	2021-11-21 17:16:40.388123+03	3	Контакты для города Алматы	2	[{"changed": {"fields": ["\\u0422\\u0435\\u043b\\u0435\\u0444\\u043e\\u043d", "WhatsApp"]}}]	27	1
1154	2021-11-21 17:17:04.873536+03	1	Контакты для города Астана	2	[{"changed": {"fields": ["\\u0422\\u0435\\u043b\\u0435\\u0444\\u043e\\u043d", "WhatsApp"]}}]	27	1
1155	2021-11-21 17:17:24.174445+03	3	Контакты для города Алматы	2	[{"changed": {"fields": ["\\u0421\\u0441\\u044b\\u043b\\u043a\\u0430 \\u042f\\u043d\\u0434\\u0435\\u043a\\u0441 \\u041a\\u0430\\u0440\\u0442\\u044b"]}}]	27	1
1156	2021-11-21 17:39:15.876422+03	3	Контакты для города Алматы	2	[{"changed": {"fields": ["\\u0421\\u0441\\u044b\\u043b\\u043a\\u0430 2gis.kz"]}}]	27	230
1157	2021-11-21 17:42:05.536997+03	3	Контакты для города Алматы	2	[{"changed": {"fields": ["\\u0421\\u0441\\u044b\\u043b\\u043a\\u0430 2gis.kz"]}}]	27	230
1158	2021-11-21 17:52:48.501616+03	3	Контакты для города Алматы	2	[{"changed": {"fields": ["\\u0421\\u0441\\u044b\\u043b\\u043a\\u0430 2gis.kz"]}}]	27	230
1159	2021-11-21 18:16:55.065525+03	2	Заявка ssss	2	[]	33	1
1160	2021-11-21 18:30:38.288925+03	3	Контакты для города Алматы	2	[{"changed": {"fields": ["\\u0421\\u0441\\u044b\\u043b\\u043a\\u0430 \\u042f\\u043d\\u0434\\u0435\\u043a\\u0441 \\u041a\\u0430\\u0440\\u0442\\u044b"]}}]	27	230
1161	2021-11-21 18:32:47.391391+03	3	Контакты для города Алматы	2	[{"changed": {"fields": ["\\u0421\\u0441\\u044b\\u043b\\u043a\\u0430 \\u042f\\u043d\\u0434\\u0435\\u043a\\u0441 \\u041a\\u0430\\u0440\\u0442\\u044b"]}}]	27	230
1162	2021-11-21 18:33:14.035599+03	3	Контакты для города Алматы	2	[{"changed": {"fields": ["\\u0421\\u0441\\u044b\\u043b\\u043a\\u0430 \\u042f\\u043d\\u0434\\u0435\\u043a\\u0441 \\u041a\\u0430\\u0440\\u0442\\u044b"]}}]	27	230
1163	2021-11-21 19:04:05.79467+03	3	Контакты для города Алматы	2	[{"changed": {"fields": ["\\u0421\\u0441\\u044b\\u043b\\u043a\\u0430 \\u042f\\u043d\\u0434\\u0435\\u043a\\u0441 \\u041a\\u0430\\u0440\\u0442\\u044b"]}}]	27	230
1164	2021-11-21 19:05:46.220733+03	3	Контакты для города Алматы	2	[{"changed": {"fields": ["\\u0421\\u0441\\u044b\\u043b\\u043a\\u0430 \\u042f\\u043d\\u0434\\u0435\\u043a\\u0441 \\u041a\\u0430\\u0440\\u0442\\u044b"]}}]	27	230
1165	2021-11-21 19:11:08.281509+03	1	Контакты для города Астана	2	[{"changed": {"fields": ["\\u0421\\u0441\\u044b\\u043b\\u043a\\u0430 \\u042f\\u043d\\u0434\\u0435\\u043a\\u0441 \\u041a\\u0430\\u0440\\u0442\\u044b"]}}]	27	230
1166	2021-11-21 19:25:07.643713+03	1	Контакты для города Астана	2	[{"changed": {"fields": ["\\u0421\\u0441\\u044b\\u043b\\u043a\\u0430 \\u042f\\u043d\\u0434\\u0435\\u043a\\u0441 \\u041a\\u0430\\u0440\\u0442\\u044b"]}}]	27	230
1167	2021-11-21 23:08:35.871144+03	23	Алматы	2	[{"changed": {"fields": ["CEO-\\u043a\\u043b\\u044e\\u0447\\u0435\\u0432\\u044b\\u0435 \\u0441\\u043b\\u043e\\u0432\\u0430"]}}]	30	1
1168	2021-11-21 23:09:17.245209+03	23	Алматы	2	[{"changed": {"fields": ["CEO-\\u043e\\u043f\\u0438\\u0441\\u0430\\u043d\\u0438\\u0435"]}}]	30	1
1169	2021-11-22 08:56:07.082624+03	3	Контакты для города Алматы	2	[{"changed": {"fields": ["\\u0421\\u0441\\u044b\\u043b\\u043a\\u0430 \\u042f\\u043d\\u0434\\u0435\\u043a\\u0441 \\u041a\\u0430\\u0440\\u0442\\u044b"]}}]	27	1
1170	2021-11-22 08:56:55.36433+03	3	Контакты для города Алматы	2	[]	27	1
1171	2021-11-22 08:58:11.593339+03	3	Контакты для города Алматы	2	[{"changed": {"fields": ["\\u0421\\u0441\\u044b\\u043b\\u043a\\u0430 \\u042f\\u043d\\u0434\\u0435\\u043a\\u0441 \\u041a\\u0430\\u0440\\u0442\\u044b"]}}]	27	1
1172	2021-11-22 09:03:41.942947+03	323	Букет "Roses"	2	[{"changed": {"fields": ["\\u0421\\u0442\\u0430\\u0440\\u0442 \\u0430\\u043a\\u0446\\u0438\\u0438", "\\u041a\\u043e\\u043d\\u0435\\u0446 \\u0430\\u043a\\u0446\\u0438\\u0438"]}}]	9	66
1173	2021-11-22 09:04:13.851102+03	322	Композиция "Сиреневые мечты"	2	[{"changed": {"fields": ["\\u041d\\u0430\\u0437\\u0432\\u0430\\u043d\\u0438\\u0435"]}}]	9	66
1174	2021-11-22 09:05:00.71124+03	322	Композиция "Сиреневые мечты"	2	[{"changed": {"fields": ["\\u0421\\u0442\\u0430\\u0440\\u0442 \\u0430\\u043a\\u0446\\u0438\\u0438", "\\u041a\\u043e\\u043d\\u0435\\u0446 \\u0430\\u043a\\u0446\\u0438\\u0438"]}}]	9	66
1175	2021-11-22 09:05:51.075111+03	319	Композиция "Сладкий сюрприз"	2	[{"changed": {"fields": ["\\u0421\\u0442\\u0430\\u0440\\u0442 \\u0430\\u043a\\u0446\\u0438\\u0438", "\\u041a\\u043e\\u043d\\u0435\\u0446 \\u0430\\u043a\\u0446\\u0438\\u0438"]}}]	9	66
1176	2021-11-22 09:06:20.609672+03	318	Букет "Аврора"	2	[{"changed": {"fields": ["\\u0421\\u0442\\u0430\\u0440\\u0442 \\u0430\\u043a\\u0446\\u0438\\u0438", "\\u041a\\u043e\\u043d\\u0435\\u0446 \\u0430\\u043a\\u0446\\u0438\\u0438"]}}]	9	66
1177	2021-11-22 09:06:52.740957+03	317	Композиция + Rafaello	2	[{"changed": {"fields": ["\\u0421\\u0442\\u0430\\u0440\\u0442 \\u0430\\u043a\\u0446\\u0438\\u0438", "\\u041a\\u043e\\u043d\\u0435\\u0446 \\u0430\\u043a\\u0446\\u0438\\u0438"]}}]	9	66
1178	2021-11-22 09:07:31.18354+03	306	Букет "Малиновый сад"	2	[{"changed": {"fields": ["\\u0421\\u0442\\u0430\\u0440\\u0442 \\u0430\\u043a\\u0446\\u0438\\u0438", "\\u041a\\u043e\\u043d\\u0435\\u0446 \\u0430\\u043a\\u0446\\u0438\\u0438"]}}]	9	66
1179	2021-11-22 09:09:06.834171+03	315	Композиция "Юпитер"	2	[{"changed": {"fields": ["\\u0421\\u0442\\u0430\\u0440\\u0442 \\u0430\\u043a\\u0446\\u0438\\u0438", "\\u041a\\u043e\\u043d\\u0435\\u0446 \\u0430\\u043a\\u0446\\u0438\\u0438"]}}]	9	66
1180	2021-11-22 09:10:28.006086+03	283	Букет "Комплимент"	2	[{"changed": {"fields": ["\\u0421\\u0442\\u0430\\u0440\\u0442 \\u0430\\u043a\\u0446\\u0438\\u0438", "\\u041a\\u043e\\u043d\\u0435\\u0446 \\u0430\\u043a\\u0446\\u0438\\u0438"]}}]	9	66
1181	2021-11-22 09:11:09.281071+03	299	Композиция "Утончённость"	2	[{"changed": {"fields": ["\\u0421\\u0442\\u0430\\u0440\\u0442 \\u0430\\u043a\\u0446\\u0438\\u0438", "\\u041a\\u043e\\u043d\\u0435\\u0446 \\u0430\\u043a\\u0446\\u0438\\u0438"]}}]	9	66
1182	2021-11-22 09:11:35.120076+03	304	Букет "Рубин"	2	[{"changed": {"fields": ["\\u0421\\u0442\\u0430\\u0440\\u0442 \\u0430\\u043a\\u0446\\u0438\\u0438", "\\u041a\\u043e\\u043d\\u0435\\u0446 \\u0430\\u043a\\u0446\\u0438\\u0438"]}}]	9	66
1183	2021-11-22 09:14:24.511772+03	225	Букет "Робкость"	2	[{"deleted": {"name": "\\u041a\\u0430\\u0440\\u0442\\u0438\\u043d\\u044b", "object": "\\u041a\\u0430\\u0440\\u0442\\u0438\\u043d\\u0430 \\u0411\\u0443\\u043a\\u0435\\u0442 \\"\\u0420\\u043e\\u0431\\u043a\\u043e\\u0441\\u0442\\u044c\\""}}]	9	66
1184	2021-11-22 09:15:52.263063+03	225	Букет "Робкость"	2	[{"changed": {"fields": ["\\u0426\\u0435\\u043d\\u0430", "\\u041a\\u0430\\u0442\\u0435\\u0433\\u043e\\u0440\\u0438\\u044f"]}}, {"added": {"name": "\\u041a\\u0430\\u0440\\u0442\\u0438\\u043d\\u044b", "object": "\\u041a\\u0430\\u0440\\u0442\\u0438\\u043d\\u0430 \\u0411\\u0443\\u043a\\u0435\\u0442 \\"\\u0420\\u043e\\u0431\\u043a\\u043e\\u0441\\u0442\\u044c\\""}}]	9	66
1185	2021-11-22 09:17:31.237522+03	224	Композиция "Мягкость"	2	[{"changed": {"fields": ["\\u0426\\u0435\\u043d\\u0430", "\\u041a\\u0430\\u0442\\u0435\\u0433\\u043e\\u0440\\u0438\\u044f", "\\u041f\\u043e\\u0432\\u043e\\u0434\\u044b"]}}, {"deleted": {"name": "\\u041a\\u0430\\u0440\\u0442\\u0438\\u043d\\u044b", "object": "\\u041a\\u0430\\u0440\\u0442\\u0438\\u043d\\u0430 \\u041a\\u043e\\u043c\\u043f\\u043e\\u0437\\u0438\\u0446\\u0438\\u044f \\"\\u041c\\u044f\\u0433\\u043a\\u043e\\u0441\\u0442\\u044c\\""}}]	9	66
1186	2021-11-22 09:17:41.933625+03	224	Композиция "Мягкость"	2	[{"added": {"name": "\\u041a\\u0430\\u0440\\u0442\\u0438\\u043d\\u044b", "object": "\\u041a\\u0430\\u0440\\u0442\\u0438\\u043d\\u0430 \\u041a\\u043e\\u043c\\u043f\\u043e\\u0437\\u0438\\u0446\\u0438\\u044f \\"\\u041c\\u044f\\u0433\\u043a\\u043e\\u0441\\u0442\\u044c\\""}}]	9	66
1187	2021-11-22 09:18:31.94104+03	224	Композиция "Мягкость"	2	[{"deleted": {"name": "\\u041a\\u0430\\u0440\\u0442\\u0438\\u043d\\u044b", "object": "\\u041a\\u0430\\u0440\\u0442\\u0438\\u043d\\u0430 \\u041a\\u043e\\u043c\\u043f\\u043e\\u0437\\u0438\\u0446\\u0438\\u044f \\"\\u041c\\u044f\\u0433\\u043a\\u043e\\u0441\\u0442\\u044c\\""}}]	9	66
1188	2021-11-22 09:19:07.644422+03	224	Композиция "Мягкость"	2	[{"changed": {"fields": ["\\u0426\\u0435\\u043d\\u0430", "\\u041a\\u0430\\u0442\\u0435\\u0433\\u043e\\u0440\\u0438\\u044f"]}}, {"added": {"name": "\\u041a\\u0430\\u0440\\u0442\\u0438\\u043d\\u044b", "object": "\\u041a\\u0430\\u0440\\u0442\\u0438\\u043d\\u0430 \\u041a\\u043e\\u043c\\u043f\\u043e\\u0437\\u0438\\u0446\\u0438\\u044f \\"\\u041c\\u044f\\u0433\\u043a\\u043e\\u0441\\u0442\\u044c\\""}}]	9	66
1189	2021-11-22 09:19:27.886028+03	224	Композиция "Мягкость"	3		9	66
1190	2021-11-24 12:33:13.397225+03	322	Композиция "Идеал"	2	[{"changed": {"fields": ["\\u041d\\u0430\\u0437\\u0432\\u0430\\u043d\\u0438\\u0435", "\\u0426\\u0435\\u043d\\u0430", "\\u041a\\u0430\\u0442\\u0435\\u0433\\u043e\\u0440\\u0438\\u044f", "\\u041f\\u043e\\u0432\\u043e\\u0434\\u044b", "\\u0410\\u043a\\u0446\\u0438\\u044f"]}}, {"deleted": {"name": "\\u041a\\u0430\\u0440\\u0442\\u0438\\u043d\\u044b", "object": "\\u041a\\u0430\\u0440\\u0442\\u0438\\u043d\\u0430 \\u041a\\u043e\\u043c\\u043f\\u043e\\u0437\\u0438\\u0446\\u0438\\u044f \\"\\u0418\\u0434\\u0435\\u0430\\u043b\\""}}, {"deleted": {"name": "\\u041a\\u0430\\u0440\\u0442\\u0438\\u043d\\u044b", "object": "\\u041a\\u0430\\u0440\\u0442\\u0438\\u043d\\u0430 \\u041a\\u043e\\u043c\\u043f\\u043e\\u0437\\u0438\\u0446\\u0438\\u044f \\"\\u0418\\u0434\\u0435\\u0430\\u043b\\""}}]	9	66
1191	2021-11-24 12:33:33.32048+03	322	Композиция "Идеал"	2	[{"added": {"name": "\\u041a\\u0430\\u0440\\u0442\\u0438\\u043d\\u044b", "object": "\\u041a\\u0430\\u0440\\u0442\\u0438\\u043d\\u0430 \\u041a\\u043e\\u043c\\u043f\\u043e\\u0437\\u0438\\u0446\\u0438\\u044f \\"\\u0418\\u0434\\u0435\\u0430\\u043b\\""}}]	9	66
1192	2021-11-24 12:33:52.40782+03	216	Композиция "Идеал"	3		9	66
1193	2021-11-24 12:34:10.607532+03	322	Композиция "Идеал"	2	[{"changed": {"fields": ["\\u0421\\u0442\\u0430\\u0440\\u0442 \\u0430\\u043a\\u0446\\u0438\\u0438", "\\u041a\\u043e\\u043d\\u0435\\u0446 \\u0430\\u043a\\u0446\\u0438\\u0438", "\\u041f\\u0440\\u043e\\u0446\\u0435\\u043d\\u0442 \\u0441\\u043a\\u0438\\u0434\\u043a\\u0438"]}}]	9	66
1194	2021-11-24 12:35:52.026015+03	217	Букет "Грёзы"	2	[{"changed": {"fields": ["\\u0426\\u0435\\u043d\\u0430", "\\u041f\\u043e\\u0432\\u043e\\u0434\\u044b", "\\u041a\\u043e\\u043c\\u043f\\u043e\\u0437\\u0438\\u0446\\u0438\\u0438"]}}, {"deleted": {"name": "\\u041a\\u0430\\u0440\\u0442\\u0438\\u043d\\u044b", "object": "\\u041a\\u0430\\u0440\\u0442\\u0438\\u043d\\u0430 \\u0411\\u0443\\u043a\\u0435\\u0442 \\"\\u0413\\u0440\\u0451\\u0437\\u044b\\""}}]	9	66
1253	2021-11-29 07:20:57.928298+03	323	Букет "Roses"	2	[{"changed": {"fields": ["\\u0421\\u0442\\u0430\\u0440\\u0442 \\u0430\\u043a\\u0446\\u0438\\u0438", "\\u041a\\u043e\\u043d\\u0435\\u0446 \\u0430\\u043a\\u0446\\u0438\\u0438"]}}]	9	66
1195	2021-11-24 12:36:10.694613+03	217	Букет "Грёзы"	2	[{"added": {"name": "\\u041a\\u0430\\u0440\\u0442\\u0438\\u043d\\u044b", "object": "\\u041a\\u0430\\u0440\\u0442\\u0438\\u043d\\u0430 \\u0411\\u0443\\u043a\\u0435\\u0442 \\"\\u0413\\u0440\\u0451\\u0437\\u044b\\""}}]	9	66
1196	2021-11-24 12:36:33.058344+03	217	Букет "Грёзы"	3		9	66
1197	2021-11-24 12:37:41.82667+03	330	Композиция "Грёзы"	1	[{"added": {}}, {"added": {"name": "\\u041a\\u0430\\u0440\\u0442\\u0438\\u043d\\u044b", "object": "\\u041a\\u0430\\u0440\\u0442\\u0438\\u043d\\u0430 \\u041a\\u043e\\u043c\\u043f\\u043e\\u0437\\u0438\\u0446\\u0438\\u044f \\"\\u0413\\u0440\\u0451\\u0437\\u044b\\""}}]	9	66
1198	2021-11-24 13:17:58.783908+03	322	Композиция "Идеал"	2	[{"changed": {"fields": ["\\u0413\\u043e\\u0442\\u043e\\u0432\\u044b\\u0439 \\u0431\\u0443\\u043a\\u0435\\u0442"]}}]	9	66
1199	2021-11-24 13:21:16.633441+03	1	8 марта	2	[{"changed": {"fields": ["\\u041d\\u0430\\u0437\\u0432\\u0430\\u043d\\u0438\\u0435"]}}]	8	66
1200	2021-11-24 13:24:10.373436+03	304	Букет "Рубин"	2	[{"changed": {"fields": ["\\u0413\\u043e\\u0442\\u043e\\u0432\\u044b\\u0439 \\u0431\\u0443\\u043a\\u0435\\u0442"]}}]	9	66
1201	2021-11-24 13:39:36.741424+03	331	Букет "Стихия чувств"	1	[{"added": {}}]	9	66
1202	2021-11-24 13:40:17.547404+03	331	Букет "Стихия чувств"	2	[{"added": {"name": "\\u041a\\u0430\\u0440\\u0442\\u0438\\u043d\\u044b", "object": "\\u041a\\u0430\\u0440\\u0442\\u0438\\u043d\\u0430 \\u0411\\u0443\\u043a\\u0435\\u0442 \\"\\u0421\\u0442\\u0438\\u0445\\u0438\\u044f \\u0447\\u0443\\u0432\\u0441\\u0442\\u0432\\""}}]	9	66
1203	2021-11-24 13:40:30.261831+03	198	Букет "Стихия чувств"	3		9	66
1204	2021-11-24 13:46:53.449747+03	332	Композиция "Сиреневые мечты"	1	[{"added": {}}]	9	66
1205	2021-11-24 13:47:09.239397+03	331	Букет "Стихия чувств"	2	[{"added": {"name": "\\u041a\\u0430\\u0440\\u0442\\u0438\\u043d\\u044b", "object": "\\u041a\\u0430\\u0440\\u0442\\u0438\\u043d\\u0430 \\u0411\\u0443\\u043a\\u0435\\u0442 \\"\\u0421\\u0442\\u0438\\u0445\\u0438\\u044f \\u0447\\u0443\\u0432\\u0441\\u0442\\u0432\\""}}]	9	66
1206	2021-11-24 13:47:24.579136+03	331	Букет "Стихия чувств"	2	[{"deleted": {"name": "\\u041a\\u0430\\u0440\\u0442\\u0438\\u043d\\u044b", "object": "\\u041a\\u0430\\u0440\\u0442\\u0438\\u043d\\u0430 \\u0411\\u0443\\u043a\\u0435\\u0442 \\"\\u0421\\u0442\\u0438\\u0445\\u0438\\u044f \\u0447\\u0443\\u0432\\u0441\\u0442\\u0432\\""}}, {"deleted": {"name": "\\u041a\\u0430\\u0440\\u0442\\u0438\\u043d\\u044b", "object": "\\u041a\\u0430\\u0440\\u0442\\u0438\\u043d\\u0430 \\u0411\\u0443\\u043a\\u0435\\u0442 \\"\\u0421\\u0442\\u0438\\u0445\\u0438\\u044f \\u0447\\u0443\\u0432\\u0441\\u0442\\u0432\\""}}]	9	66
1207	2021-11-24 13:47:42.705436+03	331	Букет "Стихия чувств"	2	[{"added": {"name": "\\u041a\\u0430\\u0440\\u0442\\u0438\\u043d\\u044b", "object": "\\u041a\\u0430\\u0440\\u0442\\u0438\\u043d\\u0430 \\u0411\\u0443\\u043a\\u0435\\u0442 \\"\\u0421\\u0442\\u0438\\u0445\\u0438\\u044f \\u0447\\u0443\\u0432\\u0441\\u0442\\u0432\\""}}, {"added": {"name": "\\u041a\\u0430\\u0440\\u0442\\u0438\\u043d\\u044b", "object": "\\u041a\\u0430\\u0440\\u0442\\u0438\\u043d\\u0430 \\u0411\\u0443\\u043a\\u0435\\u0442 \\"\\u0421\\u0442\\u0438\\u0445\\u0438\\u044f \\u0447\\u0443\\u0432\\u0441\\u0442\\u0432\\""}}]	9	66
1208	2021-11-24 13:48:02.041145+03	331	Букет "Стихия чувств"	2	[{"deleted": {"name": "\\u041a\\u0430\\u0440\\u0442\\u0438\\u043d\\u044b", "object": "\\u041a\\u0430\\u0440\\u0442\\u0438\\u043d\\u0430 \\u0411\\u0443\\u043a\\u0435\\u0442 \\"\\u0421\\u0442\\u0438\\u0445\\u0438\\u044f \\u0447\\u0443\\u0432\\u0441\\u0442\\u0432\\""}}, {"deleted": {"name": "\\u041a\\u0430\\u0440\\u0442\\u0438\\u043d\\u044b", "object": "\\u041a\\u0430\\u0440\\u0442\\u0438\\u043d\\u0430 \\u0411\\u0443\\u043a\\u0435\\u0442 \\"\\u0421\\u0442\\u0438\\u0445\\u0438\\u044f \\u0447\\u0443\\u0432\\u0441\\u0442\\u0432\\""}}]	9	66
1209	2021-11-24 13:48:18.247248+03	331	Букет "Стихия чувств"	2	[{"added": {"name": "\\u041a\\u0430\\u0440\\u0442\\u0438\\u043d\\u044b", "object": "\\u041a\\u0430\\u0440\\u0442\\u0438\\u043d\\u0430 \\u0411\\u0443\\u043a\\u0435\\u0442 \\"\\u0421\\u0442\\u0438\\u0445\\u0438\\u044f \\u0447\\u0443\\u0432\\u0441\\u0442\\u0432\\""}}]	9	66
1210	2021-11-24 13:48:51.837799+03	332	Композиция "Сиреневые мечты"	2	[{"added": {"name": "\\u041a\\u0430\\u0440\\u0442\\u0438\\u043d\\u044b", "object": "\\u041a\\u0430\\u0440\\u0442\\u0438\\u043d\\u0430 \\u041a\\u043e\\u043c\\u043f\\u043e\\u0437\\u0438\\u0446\\u0438\\u044f \\"\\u0421\\u0438\\u0440\\u0435\\u043d\\u0435\\u0432\\u044b\\u0435 \\u043c\\u0435\\u0447\\u0442\\u044b\\""}}, {"added": {"name": "\\u041a\\u0430\\u0440\\u0442\\u0438\\u043d\\u044b", "object": "\\u041a\\u0430\\u0440\\u0442\\u0438\\u043d\\u0430 \\u041a\\u043e\\u043c\\u043f\\u043e\\u0437\\u0438\\u0446\\u0438\\u044f \\"\\u0421\\u0438\\u0440\\u0435\\u043d\\u0435\\u0432\\u044b\\u0435 \\u043c\\u0435\\u0447\\u0442\\u044b\\""}}]	9	66
1211	2021-11-24 13:54:34.59525+03	236	Букет "Зефир"	2	[{"changed": {"fields": ["\\u0426\\u0435\\u043d\\u0430", "\\u041a\\u0430\\u0442\\u0435\\u0433\\u043e\\u0440\\u0438\\u044f", "\\u041f\\u043e\\u0432\\u043e\\u0434\\u044b"]}}, {"deleted": {"name": "\\u041a\\u0430\\u0440\\u0442\\u0438\\u043d\\u044b", "object": "\\u041a\\u0430\\u0440\\u0442\\u0438\\u043d\\u0430 \\u0411\\u0443\\u043a\\u0435\\u0442 \\"\\u0417\\u0435\\u0444\\u0438\\u0440\\""}}]	9	66
1212	2021-11-24 13:56:05.242266+03	236	Букет "Зефир"	2	[{"added": {"name": "\\u041a\\u0430\\u0440\\u0442\\u0438\\u043d\\u044b", "object": "\\u041a\\u0430\\u0440\\u0442\\u0438\\u043d\\u0430 \\u0411\\u0443\\u043a\\u0435\\u0442 \\"\\u0417\\u0435\\u0444\\u0438\\u0440\\""}}]	9	66
1213	2021-11-24 13:58:21.197169+03	236	Букет "Зефир"	2	[{"deleted": {"name": "\\u041a\\u0430\\u0440\\u0442\\u0438\\u043d\\u044b", "object": "\\u041a\\u0430\\u0440\\u0442\\u0438\\u043d\\u0430 \\u0411\\u0443\\u043a\\u0435\\u0442 \\"\\u0417\\u0435\\u0444\\u0438\\u0440\\""}}]	9	66
1214	2021-11-24 13:58:41.595397+03	236	Букет "Зефир"	2	[{"added": {"name": "\\u041a\\u0430\\u0440\\u0442\\u0438\\u043d\\u044b", "object": "\\u041a\\u0430\\u0440\\u0442\\u0438\\u043d\\u0430 \\u0411\\u0443\\u043a\\u0435\\u0442 \\"\\u0417\\u0435\\u0444\\u0438\\u0440\\""}}]	9	66
1215	2021-11-24 13:59:45.707965+03	319	Композиция "Сладкий сюрприз"	2	[{"changed": {"fields": ["\\u041f\\u0440\\u043e\\u0446\\u0435\\u043d\\u0442 \\u0441\\u043a\\u0438\\u0434\\u043a\\u0438"]}}]	9	66
1216	2021-11-24 13:59:57.345511+03	319	Композиция "Сладкий сюрприз"	2	[{"changed": {"fields": ["\\u041f\\u0440\\u043e\\u0446\\u0435\\u043d\\u0442 \\u0441\\u043a\\u0438\\u0434\\u043a\\u0438"]}}]	9	66
1217	2021-11-24 14:19:38.309766+03	331	Букет "Стихия чувств"	2	[{"changed": {"fields": ["\\u0426\\u0435\\u043d\\u0430", "\\u041a\\u0430\\u0442\\u0435\\u0433\\u043e\\u0440\\u0438\\u044f"]}}, {"deleted": {"name": "\\u041a\\u0430\\u0440\\u0442\\u0438\\u043d\\u044b", "object": "\\u041a\\u0430\\u0440\\u0442\\u0438\\u043d\\u0430 \\u0411\\u0443\\u043a\\u0435\\u0442 \\"\\u0421\\u0442\\u0438\\u0445\\u0438\\u044f \\u0447\\u0443\\u0432\\u0441\\u0442\\u0432\\""}}]	9	66
1218	2021-11-24 14:19:54.83675+03	331	Букет "Стихия чувств"	2	[{"added": {"name": "\\u041a\\u0430\\u0440\\u0442\\u0438\\u043d\\u044b", "object": "\\u041a\\u0430\\u0440\\u0442\\u0438\\u043d\\u0430 \\u0411\\u0443\\u043a\\u0435\\u0442 \\"\\u0421\\u0442\\u0438\\u0445\\u0438\\u044f \\u0447\\u0443\\u0432\\u0441\\u0442\\u0432\\""}}]	9	66
1219	2021-11-25 08:14:30.283965+03	236	Букет "Зефир"	2	[{"changed": {"fields": ["\\u0410\\u043a\\u0442\\u0438\\u0432\\u043d\\u044b\\u0439"]}}]	9	66
1220	2021-11-25 09:08:40.955922+03	236	Букет "Зефир"	2	[{"changed": {"fields": ["\\u0426\\u0435\\u043d\\u0430", "\\u0410\\u043a\\u0442\\u0438\\u0432\\u043d\\u044b\\u0439"]}}, {"deleted": {"name": "\\u041a\\u0430\\u0440\\u0442\\u0438\\u043d\\u044b", "object": "\\u041a\\u0430\\u0440\\u0442\\u0438\\u043d\\u0430 \\u0411\\u0443\\u043a\\u0435\\u0442 \\"\\u0417\\u0435\\u0444\\u0438\\u0440\\""}}]	9	66
2469	2022-06-08 17:48:30.807037+03	363	1111111	3		9	230
1221	2021-11-25 09:08:50.26698+03	236	Букет "Зефир"	2	[{"added": {"name": "\\u041a\\u0430\\u0440\\u0442\\u0438\\u043d\\u044b", "object": "\\u041a\\u0430\\u0440\\u0442\\u0438\\u043d\\u0430 \\u0411\\u0443\\u043a\\u0435\\u0442 \\"\\u0417\\u0435\\u0444\\u0438\\u0440\\""}}]	9	66
1222	2021-11-25 09:33:59.37683+03	214	Композиция "Хрусталь"	2	[{"changed": {"fields": ["\\u0426\\u0435\\u043d\\u0430", "\\u041a\\u0430\\u0442\\u0435\\u0433\\u043e\\u0440\\u0438\\u044f", "\\u041f\\u043e\\u0432\\u043e\\u0434\\u044b"]}}, {"deleted": {"name": "\\u041a\\u0430\\u0440\\u0442\\u0438\\u043d\\u044b", "object": "\\u041a\\u0430\\u0440\\u0442\\u0438\\u043d\\u0430 \\u041a\\u043e\\u043c\\u043f\\u043e\\u0437\\u0438\\u0446\\u0438\\u044f \\"\\u0425\\u0440\\u0443\\u0441\\u0442\\u0430\\u043b\\u044c\\""}}]	9	66
1223	2021-11-25 09:35:46.952651+03	214	Композиция "Хрусталь"	2	[{"added": {"name": "\\u041a\\u0430\\u0440\\u0442\\u0438\\u043d\\u044b", "object": "\\u041a\\u0430\\u0440\\u0442\\u0438\\u043d\\u0430 \\u041a\\u043e\\u043c\\u043f\\u043e\\u0437\\u0438\\u0446\\u0438\\u044f \\"\\u0425\\u0440\\u0443\\u0441\\u0442\\u0430\\u043b\\u044c\\""}}]	9	66
1224	2021-11-25 09:38:04.926715+03	214	Композиция "Хрусталь"	2	[{"changed": {"fields": ["\\u0426\\u0435\\u043d\\u0430"]}}]	9	66
1225	2021-11-25 09:41:01.213066+03	211	Композиция "Прага"	2	[{"changed": {"fields": ["\\u041a\\u0430\\u0442\\u0435\\u0433\\u043e\\u0440\\u0438\\u044f", "\\u041f\\u043e\\u0432\\u043e\\u0434\\u044b"]}}, {"deleted": {"name": "\\u041a\\u0430\\u0440\\u0442\\u0438\\u043d\\u044b", "object": "\\u041a\\u0430\\u0440\\u0442\\u0438\\u043d\\u0430 \\u041a\\u043e\\u043c\\u043f\\u043e\\u0437\\u0438\\u0446\\u0438\\u044f \\"\\u041f\\u0440\\u0430\\u0433\\u0430\\""}}]	9	66
1226	2021-11-25 09:41:13.217695+03	211	Композиция "Прага"	2	[{"added": {"name": "\\u041a\\u0430\\u0440\\u0442\\u0438\\u043d\\u044b", "object": "\\u041a\\u0430\\u0440\\u0442\\u0438\\u043d\\u0430 \\u041a\\u043e\\u043c\\u043f\\u043e\\u0437\\u0438\\u0446\\u0438\\u044f \\"\\u041f\\u0440\\u0430\\u0433\\u0430\\""}}]	9	66
1227	2021-11-25 09:42:39.651232+03	211	Композиция "Прага"	2	[{"deleted": {"name": "\\u041a\\u0430\\u0440\\u0442\\u0438\\u043d\\u044b", "object": "\\u041a\\u0430\\u0440\\u0442\\u0438\\u043d\\u0430 \\u041a\\u043e\\u043c\\u043f\\u043e\\u0437\\u0438\\u0446\\u0438\\u044f \\"\\u041f\\u0440\\u0430\\u0433\\u0430\\""}}]	9	66
1228	2021-11-25 09:43:30.079921+03	211	Композиция "Прага"	2	[{"added": {"name": "\\u041a\\u0430\\u0440\\u0442\\u0438\\u043d\\u044b", "object": "\\u041a\\u0430\\u0440\\u0442\\u0438\\u043d\\u0430 \\u041a\\u043e\\u043c\\u043f\\u043e\\u0437\\u0438\\u0446\\u0438\\u044f \\"\\u041f\\u0440\\u0430\\u0433\\u0430\\""}}]	9	66
1229	2021-11-25 09:43:59.787766+03	211	Композиция "Прага"	2	[{"changed": {"fields": ["\\u0426\\u0435\\u043d\\u0430"]}}]	9	66
1230	2021-11-25 09:46:06.0025+03	214	Композиция "Хрусталь"	2	[{"deleted": {"name": "\\u041a\\u0430\\u0440\\u0442\\u0438\\u043d\\u044b", "object": "\\u041a\\u0430\\u0440\\u0442\\u0438\\u043d\\u0430 \\u041a\\u043e\\u043c\\u043f\\u043e\\u0437\\u0438\\u0446\\u0438\\u044f \\"\\u0425\\u0440\\u0443\\u0441\\u0442\\u0430\\u043b\\u044c\\""}}]	9	66
1231	2021-11-25 09:46:38.182757+03	214	Композиция "Хрусталь"	2	[{"added": {"name": "\\u041a\\u0430\\u0440\\u0442\\u0438\\u043d\\u044b", "object": "\\u041a\\u0430\\u0440\\u0442\\u0438\\u043d\\u0430 \\u041a\\u043e\\u043c\\u043f\\u043e\\u0437\\u0438\\u0446\\u0438\\u044f \\"\\u0425\\u0440\\u0443\\u0441\\u0442\\u0430\\u043b\\u044c\\""}}]	9	66
1232	2021-11-25 09:53:48.00619+03	223	Букет "Purple"	2	[{"changed": {"fields": ["\\u041a\\u0430\\u0442\\u0435\\u0433\\u043e\\u0440\\u0438\\u044f", "\\u041f\\u043e\\u0432\\u043e\\u0434\\u044b"]}}, {"deleted": {"name": "\\u041a\\u0430\\u0440\\u0442\\u0438\\u043d\\u044b", "object": "\\u041a\\u0430\\u0440\\u0442\\u0438\\u043d\\u0430 \\u0411\\u0443\\u043a\\u0435\\u0442 \\"Purple\\""}}]	9	66
1233	2021-11-25 09:54:05.793884+03	223	Букет "Purple"	2	[{"added": {"name": "\\u041a\\u0430\\u0440\\u0442\\u0438\\u043d\\u044b", "object": "\\u041a\\u0430\\u0440\\u0442\\u0438\\u043d\\u0430 \\u0411\\u0443\\u043a\\u0435\\u0442 \\"Purple\\""}}]	9	66
1234	2021-11-25 09:54:14.796354+03	223	Букет "Purple"	2	[{"changed": {"fields": ["\\u0426\\u0435\\u043d\\u0430"]}}]	9	66
1235	2021-11-25 09:55:23.395078+03	223	Букет "Purple"	2	[]	9	66
1236	2021-11-26 16:05:49.454562+03	323	Букет "Roses"	2	[{"changed": {"fields": ["\\u0410\\u043a\\u0446\\u0438\\u044f", "\\u0421\\u0442\\u0430\\u0440\\u0442 \\u0430\\u043a\\u0446\\u0438\\u0438", "\\u041a\\u043e\\u043d\\u0435\\u0446 \\u0430\\u043a\\u0446\\u0438\\u0438"]}}]	9	230
1237	2021-11-26 16:06:23.523914+03	319	Композиция "Сладкий сюрприз"	2	[{"changed": {"fields": ["\\u0410\\u043a\\u0446\\u0438\\u044f", "\\u0421\\u0442\\u0430\\u0440\\u0442 \\u0430\\u043a\\u0446\\u0438\\u0438", "\\u041a\\u043e\\u043d\\u0435\\u0446 \\u0430\\u043a\\u0446\\u0438\\u0438"]}}]	9	230
1238	2021-11-26 16:06:52.927808+03	317	Композиция + Rafaello	2	[{"changed": {"fields": ["\\u0410\\u043a\\u0446\\u0438\\u044f", "\\u0421\\u0442\\u0430\\u0440\\u0442 \\u0430\\u043a\\u0446\\u0438\\u0438", "\\u041a\\u043e\\u043d\\u0435\\u0446 \\u0430\\u043a\\u0446\\u0438\\u0438"]}}]	9	230
1239	2021-11-27 11:27:44.308864+03	331	Букет "Стихия чувств"	2	[{"changed": {"fields": ["\\u0410\\u043a\\u0442\\u0438\\u0432\\u043d\\u044b\\u0439"]}}]	9	66
1240	2021-11-28 10:18:40.165051+03	1	Контакты для города Астана	2	[{"changed": {"fields": ["\\u0421\\u0441\\u044b\\u043b\\u043a\\u0430 \\u042f\\u043d\\u0434\\u0435\\u043a\\u0441 \\u041a\\u0430\\u0440\\u0442\\u044b"]}}]	27	1
1241	2021-11-28 10:19:06.00746+03	1	Контакты для города Астана	2	[{"changed": {"fields": ["\\u0421\\u0441\\u044b\\u043b\\u043a\\u0430 \\u042f\\u043d\\u0434\\u0435\\u043a\\u0441 \\u041a\\u0430\\u0440\\u0442\\u044b"]}}]	27	1
1242	2021-11-28 10:19:47.197966+03	1	Контакты для города Астана	2	[{"changed": {"fields": ["\\u0421\\u0441\\u044b\\u043b\\u043a\\u0430 \\u042f\\u043d\\u0434\\u0435\\u043a\\u0441 \\u041a\\u0430\\u0440\\u0442\\u044b"]}}]	27	1
1243	2021-11-29 07:14:56.616669+03	324	Композиция "Bubble Gum"	2	[{"changed": {"fields": ["\\u0426\\u0435\\u043d\\u0430", "\\u0421\\u0442\\u0430\\u0440\\u0442 \\u0430\\u043a\\u0446\\u0438\\u0438", "\\u041f\\u0440\\u043e\\u0446\\u0435\\u043d\\u0442 \\u0441\\u043a\\u0438\\u0434\\u043a\\u0438"]}}]	9	66
1244	2021-11-29 07:15:25.288214+03	324	Композиция "Bubble Gum"	2	[{"changed": {"fields": ["\\u041a\\u043e\\u043d\\u0435\\u0446 \\u0430\\u043a\\u0446\\u0438\\u0438"]}}]	9	66
1245	2021-11-29 07:15:38.137688+03	324	Композиция "Bubble Gum"	2	[{"changed": {"fields": ["\\u0410\\u043a\\u0446\\u0438\\u044f"]}}]	9	66
1246	2021-11-29 07:16:17.913438+03	324	Композиция "Bubble Gum"	2	[{"changed": {"fields": ["\\u0426\\u0435\\u043d\\u0430", "\\u041f\\u0440\\u043e\\u0446\\u0435\\u043d\\u0442 \\u0441\\u043a\\u0438\\u0434\\u043a\\u0438"]}}]	9	66
1247	2021-11-29 07:16:38.321585+03	324	Композиция "Bubble Gum"	2	[{"changed": {"fields": ["\\u0426\\u0435\\u043d\\u0430", "\\u041f\\u0440\\u043e\\u0446\\u0435\\u043d\\u0442 \\u0441\\u043a\\u0438\\u0434\\u043a\\u0438"]}}]	9	66
1248	2021-11-29 07:16:49.895138+03	324	Композиция "Bubble Gum"	2	[{"changed": {"fields": ["\\u041f\\u0440\\u043e\\u0446\\u0435\\u043d\\u0442 \\u0441\\u043a\\u0438\\u0434\\u043a\\u0438"]}}]	9	66
1249	2021-11-29 07:17:09.396575+03	324	Композиция "Bubble Gum"	2	[{"changed": {"fields": ["\\u0426\\u0435\\u043d\\u0430", "\\u041f\\u0440\\u043e\\u0446\\u0435\\u043d\\u0442 \\u0441\\u043a\\u0438\\u0434\\u043a\\u0438"]}}]	9	66
1250	2021-11-29 07:18:40.663125+03	324	Композиция "Bubble Gum"	2	[{"changed": {"fields": ["\\u041f\\u0440\\u043e\\u0446\\u0435\\u043d\\u0442 \\u0441\\u043a\\u0438\\u0434\\u043a\\u0438"]}}]	9	66
1251	2021-11-29 07:19:29.37053+03	324	Композиция "Bubble Gum"	2	[{"changed": {"fields": ["\\u041f\\u0440\\u043e\\u0446\\u0435\\u043d\\u0442 \\u0441\\u043a\\u0438\\u0434\\u043a\\u0438"]}}]	9	66
1255	2021-11-29 07:24:26.950723+03	321	Композиция "Rainbow"	2	[{"changed": {"fields": ["\\u0426\\u0435\\u043d\\u0430", "8 \\u043c\\u0430\\u0440\\u0442", "\\u0410\\u043a\\u0446\\u0438\\u044f", "\\u0421\\u0442\\u0430\\u0440\\u0442 \\u0430\\u043a\\u0446\\u0438\\u0438", "\\u041a\\u043e\\u043d\\u0435\\u0446 \\u0430\\u043a\\u0446\\u0438\\u0438", "\\u041f\\u0440\\u043e\\u0446\\u0435\\u043d\\u0442 \\u0441\\u043a\\u0438\\u0434\\u043a\\u0438"]}}]	9	66
1256	2021-11-29 07:26:42.57079+03	319	Композиция "Сладкий сюрприз"	2	[{"changed": {"fields": ["\\u0426\\u0435\\u043d\\u0430", "\\u0421\\u0442\\u0430\\u0440\\u0442 \\u0430\\u043a\\u0446\\u0438\\u0438", "\\u041a\\u043e\\u043d\\u0435\\u0446 \\u0430\\u043a\\u0446\\u0438\\u0438", "\\u041f\\u0440\\u043e\\u0446\\u0435\\u043d\\u0442 \\u0441\\u043a\\u0438\\u0434\\u043a\\u0438"]}}]	9	66
1257	2021-11-29 07:26:55.071422+03	319	Композиция "Сладкий сюрприз"	2	[{"changed": {"fields": ["\\u0410\\u043a\\u0446\\u0438\\u044f"]}}]	9	66
1258	2021-11-29 07:28:00.885646+03	317	Композиция + Rafaello	2	[{"changed": {"fields": ["\\u0421\\u0442\\u0430\\u0440\\u0442 \\u0430\\u043a\\u0446\\u0438\\u0438", "\\u041a\\u043e\\u043d\\u0435\\u0446 \\u0430\\u043a\\u0446\\u0438\\u0438"]}}]	9	66
1259	2021-11-29 07:28:07.895285+03	317	Композиция + Rafaello	2	[{"changed": {"fields": ["\\u0410\\u043a\\u0446\\u0438\\u044f"]}}]	9	66
1260	2021-11-29 07:29:04.091267+03	306	Букет "Малиновый сад"	2	[{"changed": {"fields": ["\\u0421\\u0442\\u0430\\u0440\\u0442 \\u0430\\u043a\\u0446\\u0438\\u0438", "\\u041a\\u043e\\u043d\\u0435\\u0446 \\u0430\\u043a\\u0446\\u0438\\u0438", "\\u041f\\u0440\\u043e\\u0446\\u0435\\u043d\\u0442 \\u0441\\u043a\\u0438\\u0434\\u043a\\u0438"]}}]	9	66
1261	2021-11-29 07:29:28.548285+03	306	Букет "Малиновый сад"	2	[{"changed": {"fields": ["\\u0410\\u043a\\u0446\\u0438\\u044f"]}}]	9	66
1262	2021-11-29 07:30:17.026402+03	283	Букет "Комплимент"	2	[{"changed": {"fields": ["\\u0410\\u043a\\u0446\\u0438\\u044f", "\\u0421\\u0442\\u0430\\u0440\\u0442 \\u0430\\u043a\\u0446\\u0438\\u0438", "\\u041a\\u043e\\u043d\\u0435\\u0446 \\u0430\\u043a\\u0446\\u0438\\u0438", "\\u041f\\u0440\\u043e\\u0446\\u0435\\u043d\\u0442 \\u0441\\u043a\\u0438\\u0434\\u043a\\u0438"]}}]	9	66
1263	2021-11-29 07:31:47.066101+03	236	Букет "Зефир"	2	[{"changed": {"fields": ["\\u0421\\u0442\\u0430\\u0440\\u0442 \\u0430\\u043a\\u0446\\u0438\\u0438", "\\u041a\\u043e\\u043d\\u0435\\u0446 \\u0430\\u043a\\u0446\\u0438\\u0438", "\\u041f\\u0440\\u043e\\u0446\\u0435\\u043d\\u0442 \\u0441\\u043a\\u0438\\u0434\\u043a\\u0438"]}}]	9	66
1264	2021-11-29 07:31:57.154075+03	236	Букет "Зефир"	2	[{"changed": {"fields": ["\\u0410\\u043a\\u0446\\u0438\\u044f"]}}]	9	66
1265	2021-11-29 07:33:29.311107+03	299	Композиция "Утончённость"	2	[{"changed": {"fields": ["\\u0421\\u0442\\u0430\\u0440\\u0442 \\u0430\\u043a\\u0446\\u0438\\u0438", "\\u041a\\u043e\\u043d\\u0435\\u0446 \\u0430\\u043a\\u0446\\u0438\\u0438"]}}]	9	66
1266	2021-11-29 07:33:38.065285+03	299	Композиция "Утончённость"	2	[{"changed": {"fields": ["\\u0410\\u043a\\u0446\\u0438\\u044f"]}}]	9	66
1267	2021-11-29 16:34:03.929772+03	323	Букет "Roses"	2	[{"changed": {"fields": ["\\u041a\\u043e\\u043d\\u0435\\u0446 \\u0430\\u043a\\u0446\\u0438\\u0438"]}}]	9	66
1268	2021-11-29 16:34:23.570325+03	321	Композиция "Rainbow"	2	[{"changed": {"fields": ["\\u041a\\u043e\\u043d\\u0435\\u0446 \\u0430\\u043a\\u0446\\u0438\\u0438"]}}]	9	66
1269	2021-11-29 16:34:48.150944+03	306	Букет "Малиновый сад"	2	[{"changed": {"fields": ["\\u041a\\u043e\\u043d\\u0435\\u0446 \\u0430\\u043a\\u0446\\u0438\\u0438"]}}]	9	66
1270	2021-11-29 16:35:12.358627+03	299	Композиция "Утончённость"	2	[{"changed": {"fields": ["\\u041a\\u043e\\u043d\\u0435\\u0446 \\u0430\\u043a\\u0446\\u0438\\u0438"]}}]	9	66
1271	2021-11-29 16:36:19.782535+03	236	Букет "Зефир"	2	[{"changed": {"fields": ["\\u041a\\u043e\\u043d\\u0435\\u0446 \\u0430\\u043a\\u0446\\u0438\\u0438"]}}]	9	66
1272	2021-11-29 16:39:56.274123+03	236	Букет "Зефир"	2	[]	9	66
1273	2021-12-02 14:09:08.139639+03	213	Композиция "Чувственная"	2	[{"changed": {"fields": ["\\u041f\\u043e\\u0432\\u043e\\u0434\\u044b"]}}, {"deleted": {"name": "\\u041a\\u0430\\u0440\\u0442\\u0438\\u043d\\u044b", "object": "\\u041a\\u0430\\u0440\\u0442\\u0438\\u043d\\u0430 \\u041a\\u043e\\u043c\\u043f\\u043e\\u0437\\u0438\\u0446\\u0438\\u044f \\"\\u0427\\u0443\\u0432\\u0441\\u0442\\u0432\\u0435\\u043d\\u043d\\u0430\\u044f\\""}}]	9	66
1274	2021-12-02 14:09:24.153767+03	213	Композиция "Чувственная"	2	[{"added": {"name": "\\u041a\\u0430\\u0440\\u0442\\u0438\\u043d\\u044b", "object": "\\u041a\\u0430\\u0440\\u0442\\u0438\\u043d\\u0430 \\u041a\\u043e\\u043c\\u043f\\u043e\\u0437\\u0438\\u0446\\u0438\\u044f \\"\\u0427\\u0443\\u0432\\u0441\\u0442\\u0432\\u0435\\u043d\\u043d\\u0430\\u044f\\""}}]	9	66
1275	2021-12-02 14:11:17.780786+03	207	Букет "Откровение"	2	[{"changed": {"fields": ["\\u041f\\u043e\\u0432\\u043e\\u0434\\u044b", "\\u041a\\u043e\\u043c\\u043f\\u043e\\u0437\\u0438\\u0446\\u0438\\u0438"]}}, {"deleted": {"name": "\\u041a\\u0430\\u0440\\u0442\\u0438\\u043d\\u044b", "object": "\\u041a\\u0430\\u0440\\u0442\\u0438\\u043d\\u0430 \\u0411\\u0443\\u043a\\u0435\\u0442 \\"\\u041e\\u0442\\u043a\\u0440\\u043e\\u0432\\u0435\\u043d\\u0438\\u0435\\""}}]	9	66
1276	2021-12-02 14:12:36.600881+03	207	Букет "Откровение"	2	[{"changed": {"fields": ["\\u0426\\u0435\\u043d\\u0430", "\\u041a\\u0430\\u0442\\u0435\\u0433\\u043e\\u0440\\u0438\\u044f", "\\u041f\\u043e\\u0432\\u043e\\u0434\\u044b"]}}, {"added": {"name": "\\u041a\\u0430\\u0440\\u0442\\u0438\\u043d\\u044b", "object": "\\u041a\\u0430\\u0440\\u0442\\u0438\\u043d\\u0430 \\u0411\\u0443\\u043a\\u0435\\u0442 \\"\\u041e\\u0442\\u043a\\u0440\\u043e\\u0432\\u0435\\u043d\\u0438\\u0435\\""}}]	9	66
1277	2021-12-02 14:12:57.195514+03	207	Композиция "Откровение"	2	[{"changed": {"fields": ["\\u041d\\u0430\\u0437\\u0432\\u0430\\u043d\\u0438\\u0435"]}}]	9	66
1278	2021-12-02 14:20:24.089797+03	206	Композиция "Коктейль"	2	[{"changed": {"fields": ["\\u041d\\u0430\\u0437\\u0432\\u0430\\u043d\\u0438\\u0435", "\\u041a\\u0430\\u0442\\u0435\\u0433\\u043e\\u0440\\u0438\\u044f", "\\u041f\\u043e\\u0432\\u043e\\u0434\\u044b", "\\u041a\\u043e\\u043c\\u043f\\u043e\\u0437\\u0438\\u0446\\u0438\\u0438"]}}, {"deleted": {"name": "\\u041a\\u0430\\u0440\\u0442\\u0438\\u043d\\u044b", "object": "\\u041a\\u0430\\u0440\\u0442\\u0438\\u043d\\u0430 \\u041a\\u043e\\u043c\\u043f\\u043e\\u0437\\u0438\\u0446\\u0438\\u044f \\"\\u041a\\u043e\\u043a\\u0442\\u0435\\u0439\\u043b\\u044c\\""}}]	9	66
1279	2021-12-02 14:27:48.854905+03	206	Композиция "Коктейль"	2	[{"added": {"name": "\\u041a\\u0430\\u0440\\u0442\\u0438\\u043d\\u044b", "object": "\\u041a\\u0430\\u0440\\u0442\\u0438\\u043d\\u0430 \\u041a\\u043e\\u043c\\u043f\\u043e\\u0437\\u0438\\u0446\\u0438\\u044f \\"\\u041a\\u043e\\u043a\\u0442\\u0435\\u0439\\u043b\\u044c\\""}}]	9	66
1280	2021-12-03 17:19:51.771461+03	213	atkisai Админ	1	[{"added": {}}]	14	230
1281	2021-12-03 17:32:14.540112+03	213	atkisai Админ	2	[{"changed": {"fields": ["\\u0413\\u043e\\u0440\\u043e\\u0434"]}}]	14	230
1282	2021-12-03 17:49:08.228677+03	213	atkisai Админ	2	[{"changed": {"fields": ["\\u0413\\u043e\\u0440\\u043e\\u0434"]}}]	14	230
1283	2021-12-04 20:39:28.047945+03	1	Мангилик ел 45	1	[{"added": {}}]	34	1
1284	2021-12-04 20:39:44.643777+03	1	admin Админ	2	[{"changed": {"fields": ["\\u0413\\u043e\\u0440\\u043e\\u0434", "\\u0424\\u0438\\u043b\\u0438\\u0430\\u043b"]}}]	14	1
1285	2021-12-04 20:40:11.10173+03	1	admin Админ	2	[{"changed": {"fields": ["\\u0413\\u043e\\u0440\\u043e\\u0434", "\\u0424\\u0438\\u043b\\u0438\\u0430\\u043b"]}}]	14	1
1286	2021-12-05 15:36:26.31655+03	1	admin Админ	2	[{"changed": {"fields": ["\\u0424\\u0438\\u043b\\u0438\\u0430\\u043b"]}}]	14	1
1288	2021-12-07 13:06:08.330247+03	215	Букет "Гранат"	2	[{"changed": {"fields": ["\\u041d\\u0430\\u0437\\u0432\\u0430\\u043d\\u0438\\u0435", "\\u0426\\u0435\\u043d\\u0430", "\\u041a\\u0430\\u0442\\u0435\\u0433\\u043e\\u0440\\u0438\\u044f", "\\u041a\\u043e\\u043c\\u043f\\u043e\\u0437\\u0438\\u0446\\u0438\\u0438"]}}, {"deleted": {"name": "\\u041a\\u0430\\u0440\\u0442\\u0438\\u043d\\u044b", "object": "\\u041a\\u0430\\u0440\\u0442\\u0438\\u043d\\u0430 \\u0411\\u0443\\u043a\\u0435\\u0442 \\"\\u0413\\u0440\\u0430\\u043d\\u0430\\u0442\\""}}]	9	4
1289	2021-12-07 13:08:33.297033+03	215	Букет "Гранат"	2	[{"added": {"name": "\\u041a\\u0430\\u0440\\u0442\\u0438\\u043d\\u044b", "object": "\\u041a\\u0430\\u0440\\u0442\\u0438\\u043d\\u0430 \\u0411\\u0443\\u043a\\u0435\\u0442 \\"\\u0413\\u0440\\u0430\\u043d\\u0430\\u0442\\""}}, {"added": {"name": "\\u041a\\u0430\\u0440\\u0442\\u0438\\u043d\\u044b", "object": "\\u041a\\u0430\\u0440\\u0442\\u0438\\u043d\\u0430 \\u0411\\u0443\\u043a\\u0435\\u0442 \\"\\u0413\\u0440\\u0430\\u043d\\u0430\\u0442\\""}}]	9	4
1290	2021-12-07 13:09:46.175807+03	324	Композиция "Bubble Gum"	2	[{"changed": {"fields": ["\\u0421\\u0442\\u0430\\u0440\\u0442 \\u0430\\u043a\\u0446\\u0438\\u0438", "\\u041a\\u043e\\u043d\\u0435\\u0446 \\u0430\\u043a\\u0446\\u0438\\u0438"]}}]	9	4
1291	2021-12-07 13:10:48.677873+03	324	Композиция "Bubble Gum"	2	[{"changed": {"fields": ["\\u0410\\u043a\\u0446\\u0438\\u044f"]}}]	9	4
1292	2021-12-07 13:11:21.097071+03	323	Букет "Roses"	2	[{"changed": {"fields": ["\\u0410\\u043a\\u0446\\u0438\\u044f", "\\u0421\\u0442\\u0430\\u0440\\u0442 \\u0430\\u043a\\u0446\\u0438\\u0438", "\\u041a\\u043e\\u043d\\u0435\\u0446 \\u0430\\u043a\\u0446\\u0438\\u0438"]}}]	9	4
1293	2021-12-07 13:12:05.104089+03	321	Композиция "Rainbow"	2	[{"changed": {"fields": ["\\u0410\\u043a\\u0446\\u0438\\u044f", "\\u0421\\u0442\\u0430\\u0440\\u0442 \\u0430\\u043a\\u0446\\u0438\\u0438", "\\u041a\\u043e\\u043d\\u0435\\u0446 \\u0430\\u043a\\u0446\\u0438\\u0438"]}}]	9	4
1294	2021-12-07 13:13:05.611216+03	319	Композиция "Сладкий сюрприз"	2	[{"changed": {"fields": ["\\u0421\\u0442\\u0430\\u0440\\u0442 \\u0430\\u043a\\u0446\\u0438\\u0438", "\\u041a\\u043e\\u043d\\u0435\\u0446 \\u0430\\u043a\\u0446\\u0438\\u0438"]}}]	9	4
1295	2021-12-07 13:13:55.648265+03	317	Композиция + Rafaello	2	[{"changed": {"fields": ["\\u0421\\u0442\\u0430\\u0440\\u0442 \\u0430\\u043a\\u0446\\u0438\\u0438", "\\u041a\\u043e\\u043d\\u0435\\u0446 \\u0430\\u043a\\u0446\\u0438\\u0438"]}}]	9	4
1296	2021-12-07 13:14:31.500601+03	306	Букет "Малиновый сад"	2	[{"changed": {"fields": ["\\u0410\\u043a\\u0446\\u0438\\u044f", "\\u0421\\u0442\\u0430\\u0440\\u0442 \\u0430\\u043a\\u0446\\u0438\\u0438", "\\u041a\\u043e\\u043d\\u0435\\u0446 \\u0430\\u043a\\u0446\\u0438\\u0438"]}}]	9	4
1297	2021-12-07 13:15:47.713748+03	299	Композиция "Утончённость"	2	[{"changed": {"fields": ["\\u0410\\u043a\\u0446\\u0438\\u044f", "\\u0421\\u0442\\u0430\\u0440\\u0442 \\u0430\\u043a\\u0446\\u0438\\u0438", "\\u041a\\u043e\\u043d\\u0435\\u0446 \\u0430\\u043a\\u0446\\u0438\\u0438"]}}]	9	4
1298	2021-12-07 13:27:55.456406+03	236	Букет "	2	[{"changed": {"fields": ["\\u041d\\u0430\\u0437\\u0432\\u0430\\u043d\\u0438\\u0435", "\\u0426\\u0435\\u043d\\u0430", "\\u041a\\u0430\\u0442\\u0435\\u0433\\u043e\\u0440\\u0438\\u044f", "\\u041f\\u0440\\u043e\\u0446\\u0435\\u043d\\u0442 \\u0441\\u043a\\u0438\\u0434\\u043a\\u0438"]}}, {"deleted": {"name": "\\u041a\\u0430\\u0440\\u0442\\u0438\\u043d\\u044b", "object": "\\u041a\\u0430\\u0440\\u0442\\u0438\\u043d\\u0430 \\u0411\\u0443\\u043a\\u0435\\u0442 \\""}}]	9	4
1299	2021-12-07 13:36:23.859852+03	236	Букет "Ягодный пунш"	2	[{"changed": {"fields": ["\\u041d\\u0430\\u0437\\u0432\\u0430\\u043d\\u0438\\u0435"]}}, {"added": {"name": "\\u041a\\u0430\\u0440\\u0442\\u0438\\u043d\\u044b", "object": "\\u041a\\u0430\\u0440\\u0442\\u0438\\u043d\\u0430 \\u0411\\u0443\\u043a\\u0435\\u0442 \\"\\u042f\\u0433\\u043e\\u0434\\u043d\\u044b\\u0439 \\u043f\\u0443\\u043d\\u0448\\""}}]	9	4
1300	2021-12-07 13:48:31.599971+03	209	Композиция "Сладкая вата"	2	[{"changed": {"fields": ["\\u041d\\u0430\\u0437\\u0432\\u0430\\u043d\\u0438\\u0435", "\\u0426\\u0435\\u043d\\u0430", "\\u041a\\u0430\\u0442\\u0435\\u0433\\u043e\\u0440\\u0438\\u044f", "\\u041f\\u043e\\u0432\\u043e\\u0434\\u044b", "\\u041a\\u043e\\u043c\\u043f\\u043e\\u0437\\u0438\\u0446\\u0438\\u0438"]}}, {"deleted": {"name": "\\u041a\\u0430\\u0440\\u0442\\u0438\\u043d\\u044b", "object": "\\u041a\\u0430\\u0440\\u0442\\u0438\\u043d\\u0430 \\u041a\\u043e\\u043c\\u043f\\u043e\\u0437\\u0438\\u0446\\u0438\\u044f \\"\\u0421\\u043b\\u0430\\u0434\\u043a\\u0430\\u044f \\u0432\\u0430\\u0442\\u0430\\""}}]	9	4
1301	2021-12-07 13:48:52.934926+03	209	Композиция "Сладкая вата"	2	[{"added": {"name": "\\u041a\\u0430\\u0440\\u0442\\u0438\\u043d\\u044b", "object": "\\u041a\\u0430\\u0440\\u0442\\u0438\\u043d\\u0430 \\u041a\\u043e\\u043c\\u043f\\u043e\\u0437\\u0438\\u0446\\u0438\\u044f \\"\\u0421\\u043b\\u0430\\u0434\\u043a\\u0430\\u044f \\u0432\\u0430\\u0442\\u0430\\""}}]	9	4
1302	2021-12-07 13:49:51.396926+03	209	Композиция "Нежный сад"	2	[{"changed": {"fields": ["\\u041d\\u0430\\u0437\\u0432\\u0430\\u043d\\u0438\\u0435"]}}]	9	4
1303	2021-12-07 13:54:14.403589+03	201	Композиция "Акварель"	2	[{"changed": {"fields": ["\\u041d\\u0430\\u0437\\u0432\\u0430\\u043d\\u0438\\u0435", "\\u0426\\u0435\\u043d\\u0430", "\\u041a\\u0430\\u0442\\u0435\\u0433\\u043e\\u0440\\u0438\\u044f", "\\u041f\\u043e\\u0432\\u043e\\u0434\\u044b", "\\u041a\\u043e\\u043c\\u043f\\u043e\\u0437\\u0438\\u0446\\u0438\\u0438"]}}, {"deleted": {"name": "\\u041a\\u0430\\u0440\\u0442\\u0438\\u043d\\u044b", "object": "\\u041a\\u0430\\u0440\\u0442\\u0438\\u043d\\u0430 \\u041a\\u043e\\u043c\\u043f\\u043e\\u0437\\u0438\\u0446\\u0438\\u044f \\"\\u0410\\u043a\\u0432\\u0430\\u0440\\u0435\\u043b\\u044c\\""}}]	9	4
1304	2021-12-07 13:54:48.298188+03	201	Композиция "Акварель"	2	[{"added": {"name": "\\u041a\\u0430\\u0440\\u0442\\u0438\\u043d\\u044b", "object": "\\u041a\\u0430\\u0440\\u0442\\u0438\\u043d\\u0430 \\u041a\\u043e\\u043c\\u043f\\u043e\\u0437\\u0438\\u0446\\u0438\\u044f \\"\\u0410\\u043a\\u0432\\u0430\\u0440\\u0435\\u043b\\u044c\\""}}]	9	4
1305	2021-12-08 21:54:33.781571+03	213	atkisai Админ	2	[{"changed": {"fields": ["\\u0413\\u043e\\u0440\\u043e\\u0434"]}}]	14	230
1306	2021-12-08 21:54:55.732748+03	213	atkisai Админ	2	[{"changed": {"fields": ["\\u0424\\u0438\\u043b\\u0438\\u0430\\u043b"]}}]	14	230
1307	2021-12-08 22:19:03.214214+03	1	Цветочный взрыв	2	[{"changed": {"fields": ["\\u0424\\u0438\\u043b\\u0438\\u0430\\u043b"]}}]	34	230
1308	2021-12-08 22:28:53.257724+03	213	atkisai Админ	2	[{"changed": {"fields": ["\\u0424\\u0438\\u043b\\u0438\\u0430\\u043b"]}}]	14	230
1309	2021-12-08 22:29:26.394784+03	213	atkisai Админ	2	[{"changed": {"fields": ["\\u0413\\u043e\\u0440\\u043e\\u0434"]}}]	14	230
1310	2021-12-08 23:46:38.492919+03	213	atkisai Админ	2	[{"changed": {"fields": ["\\u0413\\u043e\\u0440\\u043e\\u0434"]}}]	14	230
1311	2021-12-09 17:48:00.878295+03	213	atkisai Админ	2	[{"changed": {"fields": ["\\u0413\\u043e\\u0440\\u043e\\u0434"]}}]	14	230
1312	2021-12-11 08:15:14.377177+03	281	Композиция "Ягодный пунш"	2	[{"changed": {"fields": ["\\u041d\\u0430\\u0437\\u0432\\u0430\\u043d\\u0438\\u0435", "\\u0426\\u0435\\u043d\\u0430"]}}]	9	4
1313	2021-12-11 08:16:07.478982+03	236	Композиция "Ягодный пунш"	2	[{"changed": {"fields": ["\\u041d\\u0430\\u0437\\u0432\\u0430\\u043d\\u0438\\u0435", "\\u0426\\u0435\\u043d\\u0430"]}}]	9	4
1314	2021-12-12 09:57:00.243015+03	313	Композиция "Эйфория"	2	[{"changed": {"fields": ["\\u0426\\u0435\\u043d\\u0430", "\\u041a\\u043e\\u043c\\u043f\\u043e\\u0437\\u0438\\u0446\\u0438\\u0438"]}}]	9	66
1315	2021-12-12 09:57:53.398294+03	218	Композиция "Бисквит"	2	[{"changed": {"fields": ["\\u0426\\u0435\\u043d\\u0430"]}}]	9	66
1383	2022-04-07 13:21:34.357314+03	685	Заявка 1111111	3		18	230
1318	2021-12-13 12:28:43.112114+03	324	Композиция "Bubble Gum"	2	[{"changed": {"fields": ["\\u0426\\u0435\\u043d\\u0430", "\\u0421\\u0442\\u0430\\u0440\\u0442 \\u0430\\u043a\\u0446\\u0438\\u0438", "\\u041a\\u043e\\u043d\\u0435\\u0446 \\u0430\\u043a\\u0446\\u0438\\u0438"]}}]	9	4
1319	2021-12-13 12:28:57.719161+03	324	Композиция "Bubble Gum"	2	[{"changed": {"fields": ["\\u0410\\u043a\\u0446\\u0438\\u044f"]}}]	9	4
1320	2021-12-14 10:08:36.683037+03	321	Композиция "Rainbow"	2	[{"changed": {"fields": ["\\u0410\\u043a\\u0446\\u0438\\u044f", "\\u0421\\u0442\\u0430\\u0440\\u0442 \\u0430\\u043a\\u0446\\u0438\\u0438", "\\u041a\\u043e\\u043d\\u0435\\u0446 \\u0430\\u043a\\u0446\\u0438\\u0438"]}}]	9	4
1321	2021-12-14 10:09:27.216673+03	319	Композиция "Сладкий сюрприз"	2	[{"changed": {"fields": ["\\u0410\\u043a\\u0446\\u0438\\u044f", "\\u0421\\u0442\\u0430\\u0440\\u0442 \\u0430\\u043a\\u0446\\u0438\\u0438", "\\u041a\\u043e\\u043d\\u0435\\u0446 \\u0430\\u043a\\u0446\\u0438\\u0438"]}}]	9	4
1322	2021-12-14 10:10:12.112318+03	317	Композиция + Rafaello	2	[{"changed": {"fields": ["\\u0410\\u043a\\u0446\\u0438\\u044f", "\\u0421\\u0442\\u0430\\u0440\\u0442 \\u0430\\u043a\\u0446\\u0438\\u0438", "\\u041a\\u043e\\u043d\\u0435\\u0446 \\u0430\\u043a\\u0446\\u0438\\u0438"]}}]	9	4
1323	2021-12-14 10:10:38.735583+03	306	Букет "Малиновый сад"	2	[{"changed": {"fields": ["\\u0410\\u043a\\u0446\\u0438\\u044f", "\\u0421\\u0442\\u0430\\u0440\\u0442 \\u0430\\u043a\\u0446\\u0438\\u0438", "\\u041a\\u043e\\u043d\\u0435\\u0446 \\u0430\\u043a\\u0446\\u0438\\u0438"]}}]	9	4
1324	2021-12-14 10:11:14.241913+03	283	Букет "Комплимент"	2	[{"changed": {"fields": ["\\u0421\\u0442\\u0430\\u0440\\u0442 \\u0430\\u043a\\u0446\\u0438\\u0438", "\\u041a\\u043e\\u043d\\u0435\\u0446 \\u0430\\u043a\\u0446\\u0438\\u0438"]}}]	9	4
1325	2021-12-14 10:11:49.216268+03	323	Букет "Roses"	2	[{"changed": {"fields": ["\\u0421\\u0442\\u0430\\u0440\\u0442 \\u0430\\u043a\\u0446\\u0438\\u0438", "\\u041a\\u043e\\u043d\\u0435\\u0446 \\u0430\\u043a\\u0446\\u0438\\u0438"]}}]	9	4
1326	2021-12-14 10:12:17.92198+03	299	Композиция "Утончённость"	2	[{"changed": {"fields": ["\\u0421\\u0442\\u0430\\u0440\\u0442 \\u0430\\u043a\\u0446\\u0438\\u0438", "\\u041a\\u043e\\u043d\\u0435\\u0446 \\u0430\\u043a\\u0446\\u0438\\u0438"]}}]	9	4
1327	2021-12-14 10:12:28.909758+03	299	Композиция "Утончённость"	2	[{"changed": {"fields": ["\\u0410\\u043a\\u0446\\u0438\\u044f"]}}]	9	4
1328	2021-12-14 10:19:02.417652+03	318	Букет "Аврора"	2	[{"changed": {"fields": ["\\u0421\\u0442\\u0430\\u0440\\u0442 \\u0430\\u043a\\u0446\\u0438\\u0438", "\\u041a\\u043e\\u043d\\u0435\\u0446 \\u0430\\u043a\\u0446\\u0438\\u0438"]}}]	9	4
1329	2021-12-14 10:19:13.091024+03	318	Букет "Аврора"	2	[{"changed": {"fields": ["\\u0410\\u043a\\u0446\\u0438\\u044f"]}}]	9	4
1330	2021-12-14 10:19:34.491604+03	318	Букет "Аврора"	2	[{"changed": {"fields": ["\\u0410\\u043a\\u0446\\u0438\\u044f"]}}]	9	4
1331	2021-12-14 10:19:52.339583+03	318	Букет "Аврора"	2	[{"changed": {"fields": ["\\u0421\\u0442\\u0430\\u0440\\u0442 \\u0430\\u043a\\u0446\\u0438\\u0438", "\\u041a\\u043e\\u043d\\u0435\\u0446 \\u0430\\u043a\\u0446\\u0438\\u0438"]}}]	9	4
1332	2021-12-16 15:51:43.695993+03	213	atkisai Админ	2	[{"changed": {"fields": ["\\u0413\\u043e\\u0440\\u043e\\u0434"]}}]	14	230
1333	2021-12-16 15:52:03.552647+03	213	atkisai Админ	2	[{"changed": {"fields": ["\\u0424\\u0438\\u043b\\u0438\\u0430\\u043b"]}}]	14	230
1334	2021-12-16 16:06:15.248129+03	213	atkisai Админ	2	[{"changed": {"fields": ["\\u0413\\u043e\\u0440\\u043e\\u0434", "\\u0424\\u0438\\u043b\\u0438\\u0430\\u043b"]}}]	14	230
1335	2021-12-16 16:06:36.354343+03	546	Быстрая заявка 4444444444	3		17	230
1336	2021-12-16 16:06:36.356229+03	545	Быстрая заявка 3333333	3		17	230
1337	2021-12-16 16:06:36.357819+03	544	Быстрая заявка 2222222222222	3		17	230
1338	2021-12-16 16:06:36.359288+03	543	Быстрая заявка 111111111111	3		17	230
1339	2021-12-16 16:06:46.258054+03	653	Заявка 111111111	3		18	230
1340	2021-12-16 16:07:28.111581+03	213	atkisai Админ	2	[{"changed": {"fields": ["\\u0413\\u043e\\u0440\\u043e\\u0434"]}}]	14	230
1341	2021-12-17 12:46:02.876235+03	23	Алматы	2	[]	30	1
1342	2021-12-17 15:22:19.638037+03	239	nrg	1	[{"added": {}}]	4	1
1343	2021-12-17 15:22:25.126035+03	239	nrg	2	[]	4	1
1344	2021-12-17 15:25:17.718262+03	239	nrg	2	[{"changed": {"fields": ["First name", "Last name", "Email address", "Staff status", "Groups"]}}]	4	1
1345	2021-12-17 15:27:14.062631+03	240	qwerty	1	[{"added": {}}]	4	1
1346	2021-12-17 15:28:31.835469+03	218	nrg Админ	1	[{"added": {}}]	14	1
1347	2021-12-17 15:29:39.691479+03	2	Астана2	1	[{"added": {}}]	34	1
1348	2021-12-17 15:29:53.092577+03	218	nrg Админ	2	[{"changed": {"fields": ["\\u0424\\u0438\\u043b\\u0438\\u0430\\u043b"]}}]	14	1
1349	2021-12-17 15:41:42.276654+03	23	Алматы	2	[{"changed": {"fields": ["\\u041f\\u043e\\u0447\\u0442\\u0430"]}}]	30	1
1350	2021-12-17 16:56:15.987444+03	213	atkisai Админ	2	[{"changed": {"fields": ["\\u0424\\u0438\\u043b\\u0438\\u0430\\u043b"]}}]	14	230
1351	2022-01-06 01:20:17.237889+03	332	Композиция "Сиреневые мечты"	2	[{"changed": {"fields": ["\\u0413\\u043e\\u0440\\u043e\\u0434\\u0430"]}}]	9	230
1352	2022-01-13 13:04:39.102843+03	213	atkisai Админ	2	[{"changed": {"fields": ["\\u0413\\u043e\\u0440\\u043e\\u0434", "\\u0424\\u0438\\u043b\\u0438\\u0430\\u043b"]}}]	14	230
1353	2022-01-13 15:02:38.968959+03	213	atkisai Админ	2	[{"changed": {"fields": ["\\u0413\\u043e\\u0440\\u043e\\u0434", "\\u0424\\u0438\\u043b\\u0438\\u0430\\u043b"]}}]	14	230
1354	2022-01-14 12:15:08.37704+03	213	atkisai Админ	2	[{"changed": {"fields": ["\\u0413\\u043e\\u0440\\u043e\\u0434", "\\u0424\\u0438\\u043b\\u0438\\u0430\\u043b"]}}]	14	230
1355	2022-03-10 18:08:01.374704+03	335	2	3		9	230
1356	2022-03-10 18:08:01.382657+03	334	1	3		9	230
1357	2022-03-10 18:08:01.385014+03	333	test	3		9	230
1358	2022-03-10 18:10:10.520453+03	333	test	3		9	230
1359	2022-03-10 18:10:49.45462+03	334	1	3		9	230
1360	2022-03-10 18:11:04.686527+03	335	2	3		9	230
1361	2022-03-10 18:11:45.77016+03	333	test	3		9	230
1362	2022-03-11 22:51:51.322478+03	333	test	2	[{"deleted": {"name": "\\u041a\\u0430\\u0440\\u0442\\u0438\\u043d\\u044b", "object": "\\u041a\\u0430\\u0440\\u0442\\u0438\\u043d\\u0430 test"}}]	9	230
1363	2022-03-11 22:52:17.513753+03	333	test	2	[{"added": {"name": "\\u041a\\u0430\\u0440\\u0442\\u0438\\u043d\\u044b", "object": "\\u041a\\u0430\\u0440\\u0442\\u0438\\u043d\\u0430 test"}}]	9	230
1364	2022-04-04 18:09:51.120228+03	1	Заявка 1	1	[{"added": {}}]	35	230
1365	2022-04-04 18:09:58.891448+03	1	Заявка 1	3		35	230
1366	2022-04-07 12:32:54.05024+03	682	Заявка 1111111111	3		18	230
1367	2022-04-07 12:32:54.056877+03	681	Заявка 1111111111	3		18	230
1368	2022-04-07 12:32:54.062415+03	680	Заявка 111111111111	3		18	230
1369	2022-04-07 12:32:54.064797+03	679	Заявка 111111111111	3		18	230
1370	2022-04-07 12:32:54.067329+03	678	Заявка 111111111111	3		18	230
1371	2022-04-07 12:32:54.070246+03	677	Заявка 1111111111111111	3		18	230
1372	2022-04-07 12:33:13.938494+03	673	Заявка 11111111	3		18	230
1373	2022-04-07 12:33:13.943318+03	672	Заявка 111111111	3		18	230
1374	2022-04-07 12:33:13.945594+03	671	Заявка 111111111	3		18	230
1384	2022-04-07 13:21:34.360056+03	684	Заявка 111111111111	3		18	230
1385	2022-04-07 13:21:34.362692+03	683	Заявка 1111111111	3		18	230
1386	2022-04-07 14:13:42.099896+03	691	Заявка 55555555	3		18	230
1387	2022-04-07 14:13:42.103617+03	690	Заявка 44444444444444	3		18	230
1388	2022-04-07 14:13:42.106228+03	689	Заявка 3333333333	3		18	230
1389	2022-04-07 14:13:42.108476+03	688	Заявка 222222222222222	3		18	230
1390	2022-04-07 14:25:12.914427+03	697	Заявка 666666	3		18	230
1391	2022-04-07 14:25:12.922106+03	696	Заявка 666666	3		18	230
1392	2022-04-07 14:25:12.924599+03	695	Заявка 666666	3		18	230
1393	2022-04-07 14:25:12.927185+03	694	Заявка 666666	3		18	230
1394	2022-04-07 14:25:12.929661+03	693	Заявка 666666	3		18	230
1395	2022-04-07 14:25:12.932311+03	692	Заявка 666666	3		18	230
1396	2022-04-07 14:28:07.66086+03	699	Заявка 7777777777	3		18	230
1397	2022-04-07 14:28:07.665601+03	698	Заявка 666666	3		18	230
1398	2022-04-07 14:28:07.66791+03	664	Заявка Александр	3		18	230
1399	2022-04-07 14:28:07.670288+03	663	Заявка Дина	3		18	230
1400	2022-04-07 14:50:56.520253+03	704	Заявка 8888888888888	3		18	230
1401	2022-04-07 14:50:56.527479+03	703	Заявка 8888888888888	3		18	230
1402	2022-04-07 14:50:56.529747+03	702	Заявка 8888888888888	3		18	230
1403	2022-04-07 14:50:56.531969+03	701	Заявка 8888888888888	3		18	230
1404	2022-04-07 14:50:56.534783+03	700	Заявка 7777777777	3		18	230
1405	2022-04-10 14:14:55.751707+03	707	Заявка 9999999999	3		18	230
1406	2022-04-10 14:14:55.759358+03	706	Заявка 9999999999	3		18	230
1407	2022-04-10 14:14:55.761286+03	705	Заявка 8888888888888	3		18	230
1408	2022-04-10 14:15:08.205422+03	333	test	3		9	230
1409	2022-04-10 14:15:39.422597+03	2	Заявка 1	1	[{"added": {}}]	35	230
1410	2022-04-10 14:15:47.453996+03	2	Заявка 1	3		35	230
1411	2022-04-15 11:55:22.070874+03	221	hromix Клиент	2	[{"changed": {"fields": ["\\u0418\\u043c\\u044f", "\\u0422\\u0435\\u043b\\u0435\\u0444\\u043e\\u043d", "\\u041f\\u043e\\u0447\\u0442\\u0430"]}}]	14	230
1412	2022-04-15 18:39:45.590786+03	225	1 Клиент	3		14	230
1413	2022-04-15 18:39:45.601634+03	224	hromix4 Клиент	3		14	230
1414	2022-04-15 18:39:45.604228+03	223	hromix3 Клиент	3		14	230
1415	2022-04-15 18:39:45.606732+03	222	hromix2 Клиент	3		14	230
1416	2022-04-15 18:40:02.123476+03	247	1	3		4	230
1417	2022-04-15 18:40:21.222644+03	244	hromix2	3		4	230
1418	2022-04-15 18:40:21.227204+03	245	hromix3	3		4	230
1419	2022-04-15 18:40:21.229586+03	246	hromix4	3		4	230
1420	2022-04-16 18:32:03.275774+03	213	atkisai Админ	2	[{"changed": {"fields": ["\\u041f\\u043e\\u0447\\u0442\\u0430"]}}]	14	230
1421	2022-04-16 19:00:47.407754+03	230	atkisai	2	[{"changed": {"fields": ["Email address"]}}]	4	230
1422	2022-04-25 09:53:06.50719+03	739	Заявка 99999999999	3		18	230
1423	2022-04-25 09:53:23.852248+03	738	Заявка 777777777777	3		18	230
1424	2022-04-25 09:53:59.718571+03	662	Заявка Айсулу	3		18	230
1425	2022-04-25 09:56:35.612315+03	737	Заявка 777777777777	3		18	230
1426	2022-04-25 09:56:35.617281+03	736	Заявка 777777777777	3		18	230
1427	2022-04-25 09:56:35.619682+03	735	Заявка 4444444444444	3		18	230
1428	2022-04-25 09:56:35.622434+03	734	Заявка 22222222222222	3		18	230
1429	2022-04-25 09:56:35.624874+03	733	Заявка vbsdfbfdsbfd	3		18	230
1430	2022-04-25 09:56:35.62731+03	732	Заявка vbsdfbfdsbfd	3		18	230
1431	2022-04-25 09:56:35.629844+03	731	Заявка vbsdfbfdsbfd	3		18	230
1432	2022-04-25 09:56:35.632459+03	730	Заявка Аткисай	3		18	230
1433	2022-04-25 09:56:35.635011+03	729	Заявка Аткисай	3		18	230
1434	2022-04-25 09:56:35.637629+03	728	Заявка 11111111111	3		18	230
1435	2022-04-25 09:56:35.640324+03	727	Заявка 11111111111	3		18	230
1436	2022-04-25 09:56:35.643003+03	726	Заявка 111111111	3		18	230
1437	2022-04-25 09:56:35.645741+03	725	Заявка Роман	3		18	230
1438	2022-04-25 09:56:35.64837+03	724	Заявка 1111111111	3		18	230
1439	2022-04-25 09:56:35.6511+03	723	Заявка Роман	3		18	230
1440	2022-04-25 09:56:35.654119+03	722	Заявка Роман	3		18	230
1441	2022-04-25 09:56:35.657234+03	721	Заявка Роман	3		18	230
1442	2022-04-25 09:56:35.659971+03	720	Заявка Роман	3		18	230
1443	2022-04-25 09:56:35.662643+03	719	Заявка Роман	3		18	230
1444	2022-04-25 09:56:35.665291+03	718	Заявка Роман	3		18	230
1445	2022-04-25 09:56:35.668003+03	717	Заявка Роман	3		18	230
1446	2022-04-25 09:56:35.670684+03	716	Заявка Roman	3		18	230
1447	2022-04-25 09:56:35.673249+03	715	Заявка 111111111111	3		18	230
1448	2022-04-25 09:56:35.675816+03	714	Заявка 111111111111	3		18	230
1449	2022-04-25 09:56:35.678615+03	713	Заявка 111111111111	3		18	230
1450	2022-04-25 09:56:35.681257+03	712	Заявка 111111111111	3		18	230
1451	2022-04-25 09:56:35.683785+03	711	Заявка 111111111111	3		18	230
1452	2022-04-25 11:41:09.825807+03	1	Стандартный сет	1	[{"added": {}}]	37	230
1453	2022-04-25 12:06:07.094181+03	661	Заявка тест ернар	3		18	230
1454	2022-04-25 12:07:33.911562+03	660	Заявка тест	3		18	230
1455	2022-04-25 12:07:33.916579+03	659	Заявка тест	3		18	230
1456	2022-04-25 12:07:33.919017+03	658	Заявка тест	3		18	230
1457	2022-04-25 12:07:33.921412+03	657	Заявка rere	3		18	230
1458	2022-04-25 12:07:33.924047+03	656	Заявка test	3		18	230
1459	2022-04-25 12:07:33.926622+03	655	Заявка Бахыт	3		18	230
1460	2022-04-25 12:14:32.701476+03	654	Заявка Бахыт	3		18	230
1461	2022-04-25 12:14:32.707087+03	651	Заявка Алёна	3		18	230
1462	2022-04-25 12:14:32.709296+03	650	Заявка Альбина	3		18	230
1463	2022-04-25 12:14:32.711589+03	649	Заявка Альбина	3		18	230
1464	2022-04-25 12:14:32.713846+03	648	Заявка Альбина	3		18	230
1465	2022-04-25 12:14:32.716598+03	647	Заявка тест ернар	3		18	230
1466	2022-04-25 12:14:32.719279+03	646	Заявка тест	3		18	230
1467	2022-04-25 12:14:32.721694+03	645	Заявка Макпал	3		18	230
1468	2022-04-25 12:14:32.724203+03	644	Заявка Оксана	3		18	230
1469	2022-04-25 12:14:32.726894+03	643	Заявка Оксана	3		18	230
1470	2022-04-25 12:14:32.729561+03	642	Заявка Ляззат 	3		18	230
1471	2022-04-25 12:14:32.732187+03	641	Заявка Наталья 	3		18	230
1472	2022-04-25 12:14:32.734842+03	640	Заявка Айбек	3		18	230
1473	2022-04-25 12:14:32.737414+03	639	Заявка Анель	3		18	230
1474	2022-04-25 12:14:32.740022+03	638	Заявка Назым	3		18	230
1475	2022-04-25 12:14:32.742952+03	637	Заявка Мадина Смагулова	3		18	230
1476	2022-04-25 12:14:32.746529+03	636	Заявка тест	3		18	230
1477	2022-04-25 12:14:32.749158+03	635	Заявка тест	3		18	230
1478	2022-04-25 12:14:32.751655+03	634	Заявка Тамара	3		18	230
1479	2022-04-25 12:14:32.754149+03	633	Заявка тест	3		18	230
1480	2022-04-25 12:14:32.75671+03	631	Заявка Айжан	3		18	230
1481	2022-04-25 12:14:32.759543+03	626	Заявка ereg	3		18	230
1482	2022-04-25 12:14:32.762206+03	624	Заявка Шахмурат	3		18	230
1483	2022-04-25 12:14:32.764841+03	622	Заявка Наталья	3		18	230
1484	2022-04-25 12:14:32.767511+03	621	Заявка Наталья	3		18	230
1485	2022-04-25 12:14:32.770015+03	620	Заявка Наталья	3		18	230
1486	2022-04-25 12:14:32.772534+03	618	Заявка Анастасия 	3		18	230
1487	2022-04-25 12:14:32.775147+03	617	Заявка Анастасия 	3		18	230
1488	2022-04-25 12:14:32.777935+03	616	Заявка раушан	3		18	230
1489	2022-04-25 12:14:32.780602+03	615	Заявка Раушан	3		18	230
1490	2022-04-25 12:14:32.783233+03	614	Заявка Раушан	3		18	230
1491	2022-04-25 12:14:32.785804+03	613	Заявка Айгерим 	3		18	230
1492	2022-04-25 12:14:32.788235+03	612	Заявка Жулдыз 	3		18	230
1493	2022-04-25 12:14:32.790769+03	611	Заявка Гульнар	3		18	230
1494	2022-04-25 12:14:32.793732+03	610	Заявка Гульнар	3		18	230
1495	2022-04-25 12:14:32.796631+03	608	Заявка Айжан	3		18	230
1496	2022-04-25 12:14:32.799555+03	607	Заявка Виктор	3		18	230
1497	2022-04-25 12:14:32.802319+03	605	Заявка Нурсулу	3		18	230
1498	2022-04-25 12:14:32.804785+03	604	Заявка Нурсулу	3		18	230
1499	2022-04-25 12:14:32.807382+03	603	Заявка Дина	3		18	230
1500	2022-04-25 12:14:32.810506+03	602	Заявка Аруна Нисанбай	3		18	230
1501	2022-04-25 12:14:32.813014+03	601	Заявка Митрохина Алина	3		18	230
1502	2022-04-25 12:14:32.81569+03	600	Заявка Салтанат	3		18	230
1503	2022-04-25 12:14:32.818372+03	599	Заявка Людмила Сергеевна Рыбалко	3		18	230
1504	2022-04-25 12:14:32.820994+03	598	Заявка Людмила Сергеевна Рыбалко	3		18	230
1505	2022-04-25 12:14:32.823692+03	597	Заявка Наталья	3		18	230
1506	2022-04-25 12:14:32.826753+03	596	Заявка Анжелика	3		18	230
1507	2022-04-25 12:14:32.829877+03	595	Заявка Айгерим	3		18	230
1508	2022-04-25 12:14:32.832777+03	594	Заявка Ангар	3		18	230
1509	2022-04-25 12:14:32.835935+03	593	Заявка Beycan dönmez	3		18	230
1510	2022-04-25 12:14:32.839205+03	592	Заявка Максат	3		18	230
1511	2022-04-25 12:14:32.843318+03	591	Заявка Алишер	3		18	230
1512	2022-04-25 12:14:32.846692+03	590	Заявка Рымжан	3		18	230
1513	2022-04-25 12:14:32.849591+03	589	Заявка Рымжан	3		18	230
1514	2022-04-25 12:14:32.852296+03	588	Заявка Рымжан	3		18	230
1515	2022-04-25 12:14:32.855113+03	587	Заявка Нгг	3		18	230
1516	2022-04-25 12:14:32.858359+03	586	Заявка Нгг	3		18	230
1517	2022-04-25 12:14:32.862084+03	585	Заявка Тимур	3		18	230
1518	2022-04-25 12:14:32.864612+03	584	Заявка Тимур	3		18	230
1519	2022-04-25 12:14:32.867266+03	583	Заявка Марина	3		18	230
1520	2022-04-25 12:14:32.869632+03	582	Заявка Марина	3		18	230
1521	2022-04-25 12:14:32.872119+03	581	Заявка Алина	3		18	230
1522	2022-04-25 12:14:32.875078+03	580	Заявка Алина	3		18	230
1523	2022-04-25 12:14:32.878666+03	579	Заявка Алина	3		18	230
1524	2022-04-25 12:14:32.881271+03	578	Заявка dfdf	3		18	230
1525	2022-04-25 12:14:32.883753+03	577	Заявка Aliya	3		18	230
1526	2022-04-25 12:14:32.886289+03	574	Заявка Бибигуль	3		18	230
1527	2022-04-25 12:14:32.888828+03	573	Заявка Алина	3		18	230
1528	2022-04-25 12:14:32.891949+03	571	Заявка Зарина	3		18	230
1529	2022-04-25 12:14:32.89512+03	570	Заявка Зарина	3		18	230
1530	2022-04-25 12:14:32.897792+03	567	Заявка Laa	3		18	230
1531	2022-04-25 12:14:32.900373+03	566	Заявка Laa	3		18	230
1532	2022-04-25 12:14:32.902906+03	565	Заявка Адия	3		18	230
1533	2022-04-25 12:14:32.905452+03	564	Заявка Адия	3		18	230
1534	2022-04-25 12:14:32.908685+03	563	Заявка Айгуль 	3		18	230
1535	2022-04-25 12:14:32.912325+03	562	Заявка Айгуль 	3		18	230
1536	2022-04-25 12:14:32.915216+03	561	Заявка Юна	3		18	230
1537	2022-04-25 12:14:32.917817+03	560	Заявка Meiramgul 	3		18	230
1538	2022-04-25 12:14:32.92057+03	559	Заявка Meiramgul 	3		18	230
1539	2022-04-25 12:14:32.923216+03	558	Заявка Meiramgul 	3		18	230
1540	2022-04-25 12:14:32.926108+03	557	Заявка Aselya	3		18	230
1541	2022-04-25 12:14:32.929357+03	556	Заявка Aselya	3		18	230
1542	2022-04-25 12:14:32.932384+03	555	Заявка Aselya	3		18	230
1543	2022-04-25 12:14:32.935477+03	554	Заявка Aselya	3		18	230
1544	2022-04-25 12:14:32.938346+03	553	Заявка Айтолкын	3		18	230
1545	2022-04-25 12:14:32.940846+03	549	Заявка Даутекова Меруерт Наримановна	3		18	230
1546	2022-04-25 12:14:32.943695+03	548	Заявка Фариза	3		18	230
1547	2022-04-25 12:14:32.946327+03	547	Заявка Гуля	3		18	230
1548	2022-04-25 12:14:32.948819+03	546	Заявка Алла	3		18	230
1549	2022-04-25 12:14:32.951312+03	543	Заявка Мико	3		18	230
1550	2022-04-25 12:14:32.953752+03	542	Заявка Турсунова Жанат	3		18	230
1551	2022-04-25 12:14:32.956338+03	540	Заявка Максат	3		18	230
1552	2022-04-25 12:14:32.95902+03	539	Заявка Зарина	3		18	230
1553	2022-04-25 12:14:32.962065+03	538	Заявка Zhansiya	3		18	230
1554	2022-04-25 12:14:32.96468+03	537	Заявка Zhansiya	3		18	230
1555	2022-04-25 12:14:32.967324+03	536	Заявка Литвинова Нина Яковлевна	3		18	230
1556	2022-04-25 12:14:32.969909+03	535	Заявка Мэри	3		18	230
1557	2022-04-25 12:14:32.972566+03	534	Заявка Мариям	3		18	230
1558	2022-04-25 12:14:32.975376+03	533	Заявка Кайрулла 	3		18	230
1559	2022-04-25 12:14:32.978695+03	532	Заявка Test	3		18	230
1560	2022-04-25 12:15:13.130305+03	531	Заявка Фаина	3		18	230
1561	2022-04-25 12:15:13.135092+03	530	Заявка Фаина	3		18	230
1562	2022-04-25 12:15:13.137781+03	529	Заявка Ангелина	3		18	230
1563	2022-04-25 12:15:13.14054+03	528	Заявка Ангелина	3		18	230
1564	2022-04-25 12:15:13.143526+03	527	Заявка Карлыгаш 	3		18	230
1565	2022-04-25 12:15:13.147548+03	526	Заявка Карлыгаш	3		18	230
1566	2022-04-25 12:15:13.150302+03	521	Заявка Адема 	3		18	230
1567	2022-04-25 12:15:13.152741+03	519	Заявка Айгерим	3		18	230
1568	2022-04-25 12:15:13.155365+03	518	Заявка Акмарал	3		18	230
1569	2022-04-25 12:15:13.158733+03	517	Заявка Акмарал	3		18	230
1570	2022-04-25 12:15:13.161817+03	516	Заявка Акмарал	3		18	230
1571	2022-04-25 12:15:13.164703+03	515	Заявка Танзиля	3		18	230
1572	2022-04-25 12:15:13.167934+03	514	Заявка Angelika	3		18	230
1573	2022-04-25 12:15:13.170898+03	513	Заявка Angelika 	3		18	230
1574	2022-04-25 12:15:13.173465+03	512	Заявка Angelika	3		18	230
1575	2022-04-25 12:15:13.175889+03	511	Заявка Анжелика	3		18	230
1576	2022-04-25 12:15:13.178278+03	510	Заявка Камила кайратовна	3		18	230
1577	2022-04-25 12:15:13.180872+03	509	Заявка Камила кайратовна	3		18	230
1578	2022-04-25 12:15:13.183296+03	508	Заявка Арай	3		18	230
1579	2022-04-25 12:15:13.185771+03	507	Заявка Разида	3		18	230
1580	2022-04-25 12:15:13.188344+03	506	Заявка Галина	3		18	230
1581	2022-04-25 12:15:13.191291+03	505	Заявка Галина	3		18	230
1582	2022-04-25 12:15:13.194326+03	504	Заявка Нина Петровна	3		18	230
1583	2022-04-25 12:15:13.19713+03	503	Заявка Нина Петровна	3		18	230
1584	2022-04-25 12:15:13.20004+03	502	Заявка Тестовый получатель корзина	3		18	230
1585	2022-04-25 12:15:13.202763+03	501	Заявка sdgsdgsdgsdg	3		18	230
1586	2022-04-25 12:15:13.205653+03	500	Заявка sdgasfg	3		18	230
1587	2022-04-25 12:15:13.208663+03	499	Заявка safgasd	3		18	230
1588	2022-04-25 12:15:13.211507+03	498	Заявка olj	3		18	230
1589	2022-04-25 12:15:13.214393+03	497	Заявка olj	3		18	230
1590	2022-04-25 12:15:13.216741+03	496	Заявка sdsds	3		18	230
1591	2022-04-25 12:15:13.219159+03	495	Заявка Салтанат Шунаева	3		18	230
1592	2022-04-25 12:15:13.221547+03	494	Заявка Ким	3		18	230
1593	2022-04-25 12:15:13.224098+03	493	Заявка Ким	3		18	230
1594	2022-04-25 12:15:13.227153+03	492	Заявка Анар	3		18	230
1595	2022-04-25 12:15:13.23026+03	491	Заявка Айнура Испулова	3		18	230
1596	2022-04-25 12:15:13.233145+03	490	Заявка Айнура Испулова	3		18	230
1597	2022-04-25 12:15:13.235619+03	489	Заявка Айнура Испулова	3		18	230
1598	2022-04-25 12:15:13.238158+03	488	Заявка Шолпан	3		18	230
1599	2022-04-25 12:15:13.241637+03	487	Заявка Шолпан	3		18	230
1600	2022-04-25 12:15:13.24443+03	486	Заявка Анель	3		18	230
1601	2022-04-25 12:15:13.247018+03	485	Заявка Нурсымбат	3		18	230
1602	2022-04-25 12:15:13.249615+03	484	Заявка Нурсымбат	3		18	230
1603	2022-04-25 12:15:13.252292+03	483	Заявка Нурсымбат	3		18	230
1604	2022-04-25 12:15:13.254949+03	482	Заявка Джулия	3		18	230
1605	2022-04-25 12:15:13.257912+03	481	Заявка Джулия	3		18	230
1606	2022-04-25 12:15:13.26043+03	480	Заявка Инна Ушакова	3		18	230
1607	2022-04-25 12:15:13.263093+03	479	Заявка Гулим	3		18	230
1608	2022-04-25 12:15:13.265488+03	478	Заявка Гулим	3		18	230
1609	2022-04-25 12:15:13.267976+03	477	Заявка Сабитова Галия	3		18	230
1610	2022-04-25 12:15:13.270493+03	476	Заявка Сабитова Галия	3		18	230
1611	2022-04-25 12:15:13.273119+03	475	Заявка Сабитова Галия	3		18	230
1612	2022-04-25 12:15:13.276096+03	474	Заявка Айгуль 	3		18	230
1613	2022-04-25 12:15:13.278638+03	473	Заявка Айгуль 	3		18	230
1614	2022-04-25 12:15:13.281194+03	472	Заявка Мэри	3		18	230
1615	2022-04-25 12:15:13.283761+03	471	Заявка Дина	3		18	230
1616	2022-04-25 12:15:13.286374+03	470	Заявка Дина	3		18	230
1617	2022-04-25 12:15:13.288952+03	469	Заявка Дина	3		18	230
1618	2022-04-25 12:15:13.291558+03	468	Заявка Айна	3		18	230
1619	2022-04-25 12:15:13.294281+03	467	Заявка Айна	3		18	230
1620	2022-04-25 12:15:13.297025+03	466	Заявка Захарова Екатерина 	3		18	230
1621	2022-04-25 12:15:13.29976+03	465	Заявка Меруерт	3		18	230
1622	2022-04-25 12:15:13.302238+03	464	Заявка Меруерт	3		18	230
1623	2022-04-25 12:15:13.3049+03	463	Заявка Меруерт	3		18	230
1624	2022-04-25 12:15:13.307524+03	462	Заявка Айгуль 	3		18	230
1625	2022-04-25 12:15:13.3101+03	461	Заявка Алия	3		18	230
1626	2022-04-25 12:15:13.312672+03	460	Заявка Алия	3		18	230
1627	2022-04-25 12:15:13.315414+03	459	Заявка Екатерина	3		18	230
1628	2022-04-25 12:15:13.317981+03	458	Заявка Екатерина	3		18	230
1629	2022-04-25 12:15:13.320838+03	456	Заявка Бибигуль	3		18	230
1630	2022-04-25 12:15:13.323942+03	455	Заявка Аида	3		18	230
1631	2022-04-25 12:15:13.326509+03	454	Заявка Аида	3		18	230
1632	2022-04-25 12:15:13.328986+03	453	Заявка Татьяна 	3		18	230
1633	2022-04-25 12:15:13.331512+03	452	Заявка Гульнара Заиповна Байсарина	3		18	230
1634	2022-04-25 12:15:13.333926+03	451	Заявка Гульнара Заиповна Байсарина	3		18	230
1635	2022-04-25 12:15:13.336497+03	450	Заявка Гульнара Заиповна Байсарина	3		18	230
1636	2022-04-25 12:15:13.339007+03	449	Заявка Гульзира	3		18	230
1637	2022-04-25 12:15:13.341775+03	448	Заявка Артём 	3		18	230
1638	2022-04-25 12:15:13.344548+03	447	Заявка Артём 	3		18	230
1639	2022-04-25 12:15:13.347253+03	446	Заявка Артём 	3		18	230
1640	2022-04-25 12:15:13.3498+03	445	Заявка Евгения 	3		18	230
1641	2022-04-25 12:15:13.352336+03	444	Заявка Евгения 	3		18	230
1642	2022-04-25 12:15:13.35487+03	443	Заявка Евгения 	3		18	230
1643	2022-04-25 12:15:13.35743+03	442	Заявка Евгения 	3		18	230
1644	2022-04-25 12:15:13.360132+03	441	Заявка Расул	3		18	230
1645	2022-04-25 12:15:13.362584+03	440	Заявка mrlmh	3		18	230
1646	2022-04-25 12:15:13.365499+03	439	Заявка Наталия 	3		18	230
1647	2022-04-25 12:15:13.368243+03	438	Заявка Наталия 	3		18	230
1648	2022-04-25 12:15:13.370927+03	437	Заявка Наталия 	3		18	230
1649	2022-04-25 12:15:13.373826+03	436	Заявка Жамиля	3		18	230
1650	2022-04-25 12:15:13.376667+03	435	Заявка Жамиля	3		18	230
1651	2022-04-25 12:15:13.379333+03	434	Заявка Шолпан Ергалиева	3		18	230
1652	2022-04-25 12:15:13.382009+03	433	Заявка Шолпан Ергалиева	3		18	230
1653	2022-04-25 12:15:13.384528+03	432	Заявка Шолпан Ергалиева	3		18	230
1654	2022-04-25 12:15:13.387121+03	431	Заявка Шолпан Ергалиева	3		18	230
1655	2022-04-25 12:15:13.389751+03	430	Заявка Шолпан Ергалиева	3		18	230
1656	2022-04-25 12:15:13.392525+03	429	Заявка Ботагоз Скакова	3		18	230
1657	2022-04-25 12:15:13.395142+03	428	Заявка Изабелла	3		18	230
1658	2022-04-25 12:15:13.39769+03	427	Заявка Изабелла	3		18	230
1659	2022-04-25 12:15:13.400352+03	426	Заявка Изабелла	3		18	230
1660	2022-04-25 12:15:30.004604+03	424	Заявка Наталья 	3		18	230
1661	2022-04-25 12:15:30.008046+03	423	Заявка Наталья 	3		18	230
1662	2022-04-25 12:15:30.010281+03	422	Заявка Наталья 	3		18	230
1663	2022-04-25 12:15:30.012565+03	421	Заявка Асем	3		18	230
1664	2022-04-25 12:15:30.014657+03	420	Заявка Асем	3		18	230
1665	2022-04-25 12:15:30.01686+03	419	Заявка Асем	3		18	230
1666	2022-04-25 12:15:30.019136+03	418	Заявка Нина	3		18	230
1667	2022-04-25 12:15:30.021305+03	417	Заявка Гульнара 	3		18	230
1668	2022-04-25 12:15:30.023732+03	416	Заявка Гульнара 	3		18	230
1669	2022-04-25 12:15:30.026203+03	415	Заявка Гульнара 	3		18	230
1670	2022-04-25 12:15:30.02856+03	414	Заявка Биржан	3		18	230
1671	2022-04-25 12:15:30.030871+03	413	Заявка Биржан	3		18	230
1672	2022-04-25 12:15:30.033314+03	412	Заявка Марина Назарова	3		18	230
1673	2022-04-25 12:15:30.035828+03	409	Заявка Татьяна	3		18	230
1674	2022-04-25 12:15:30.038558+03	408	Заявка Мария	3		18	230
1675	2022-04-25 12:15:30.041061+03	407	Заявка eewewe	3		18	230
1676	2022-04-25 12:15:30.043631+03	406	Заявка Гульмира Акановна 	3		18	230
1677	2022-04-25 12:15:30.046211+03	405	Заявка Гульмира Акановна 	3		18	230
1678	2022-04-25 12:15:30.048839+03	404	Заявка Гульмира Акановна 	3		18	230
1679	2022-04-25 12:15:30.051451+03	403	Заявка Гульмира Акановна	3		18	230
1680	2022-04-25 12:15:30.053934+03	402	Заявка Людмила Михайловна	3		18	230
1681	2022-04-25 12:15:30.056548+03	400	Заявка Девушка	3		18	230
1682	2022-04-25 12:15:30.059373+03	399	Заявка Наталья	3		18	230
1683	2022-04-25 12:15:30.062009+03	398	Заявка Наталья	3		18	230
1684	2022-04-25 12:15:30.064482+03	397	Заявка Еркежан	3		18	230
1685	2022-04-25 12:15:30.06745+03	396	Заявка Еркежан	3		18	230
1686	2022-04-25 12:15:30.069997+03	395	Заявка Еркежан	3		18	230
1687	2022-04-25 12:15:30.072751+03	394	Заявка Еркежан	3		18	230
1688	2022-04-25 12:15:30.075326+03	393	Заявка Еркежан	3		18	230
1689	2022-04-25 12:15:30.078267+03	392	Заявка Еркежан	3		18	230
1690	2022-04-25 12:15:30.080783+03	391	Заявка Алексей 	3		18	230
1691	2022-04-25 12:15:30.083405+03	390	Заявка Алексей 	3		18	230
1692	2022-04-25 12:15:30.086016+03	389	Заявка Алексей 	3		18	230
1693	2022-04-25 12:15:30.088658+03	388	Заявка Алексей 	3		18	230
1694	2022-04-25 12:15:30.091446+03	387	Заявка Алексей 	3		18	230
1695	2022-04-25 12:15:30.09414+03	386	Заявка Алмат	3		18	230
1696	2022-04-25 12:15:30.096853+03	385	Заявка Алмат	3		18	230
1697	2022-04-25 12:15:30.099561+03	384	Заявка Алмат	3		18	230
1698	2022-04-25 12:15:30.102234+03	383	Заявка Алмат	3		18	230
1699	2022-04-25 12:15:30.104849+03	382	Заявка Zarina Mukhamadieva	3		18	230
1700	2022-04-25 12:15:30.107252+03	381	Заявка Zarina Mukhamadieva	3		18	230
1701	2022-04-25 12:15:30.109445+03	380	Заявка Алтынай 	3		18	230
1702	2022-04-25 12:15:30.112311+03	379	Заявка Алтынай 	3		18	230
1703	2022-04-25 12:15:30.115248+03	378	Заявка Наргиз 	3		18	230
1704	2022-04-25 12:15:30.118045+03	377	Заявка Наргиз 	3		18	230
1705	2022-04-25 12:15:30.120612+03	376	Заявка Наргиз 	3		18	230
1706	2022-04-25 12:15:30.123186+03	375	Заявка Баян	3		18	230
1707	2022-04-25 12:15:30.126129+03	374	Заявка Баян	3		18	230
1708	2022-04-25 12:15:30.129183+03	373	Заявка Баян	3		18	230
1709	2022-04-25 12:15:30.132123+03	372	Заявка Баян	3		18	230
1710	2022-04-25 12:15:30.134906+03	371	Заявка Баян	3		18	230
1711	2022-04-25 12:15:30.137689+03	370	Заявка Баян	3		18	230
1712	2022-04-25 12:15:30.140106+03	369	Заявка Баян	3		18	230
1713	2022-04-25 12:15:30.142938+03	368	Заявка Баян	3		18	230
1714	2022-04-25 12:15:30.148394+03	367	Заявка Маржан	3		18	230
1715	2022-04-25 12:15:30.150779+03	366	Заявка Маржан	3		18	230
1716	2022-04-25 12:15:30.153373+03	365	Заявка Маржан	3		18	230
1717	2022-04-25 12:15:30.155913+03	364	Заявка Маржан	3		18	230
1718	2022-04-25 12:15:30.158798+03	363	Заявка Перизат	3		18	230
1719	2022-04-25 12:15:30.161379+03	362	Заявка eewewe	3		18	230
1720	2022-04-25 12:15:30.164435+03	361	Заявка eewewe	3		18	230
1721	2022-04-25 12:15:30.167465+03	360	Заявка eewewe	3		18	230
1722	2022-04-25 12:15:30.170367+03	359	Заявка Гульнар	3		18	230
1723	2022-04-25 12:15:30.173406+03	358	Заявка Инна	3		18	230
1724	2022-04-25 12:15:30.176757+03	357	Заявка Гульназ	3		18	230
1725	2022-04-25 12:15:30.179449+03	356	Заявка Арухан	3		18	230
1726	2022-04-25 12:15:30.181878+03	355	Заявка Арухан	3		18	230
1727	2022-04-25 12:15:30.184529+03	354	Заявка Арухан	3		18	230
1728	2022-04-25 12:15:30.187089+03	353	Заявка Арухан	3		18	230
1729	2022-04-25 12:15:30.189793+03	352	Заявка Жанар	3		18	230
1730	2022-04-25 12:15:30.193029+03	351	Заявка Жанар	3		18	230
1731	2022-04-25 12:15:30.195436+03	350	Заявка Жанар	3		18	230
1732	2022-04-25 12:15:30.197877+03	349	Заявка Зауреш	3		18	230
1733	2022-04-25 12:15:30.2004+03	348	Заявка Аяжан Арыстаналы	3		18	230
1734	2022-04-25 12:15:30.202905+03	347	Заявка Аяжан Арыстаналы	3		18	230
1735	2022-04-25 12:15:30.205657+03	346	Заявка Аяжан Арыстаналы	3		18	230
1736	2022-04-25 12:15:30.208943+03	345	Заявка Аяжан Арыстаналы	3		18	230
1737	2022-04-25 12:15:30.211306+03	344	Заявка Аяжан Арыстаналы	3		18	230
1738	2022-04-25 12:15:30.213605+03	343	Заявка Аяжан Арыстаналы	3		18	230
1739	2022-04-25 12:15:30.216009+03	342	Заявка Аяжан Арыстаналы	3		18	230
1740	2022-04-25 12:15:30.218444+03	341	Заявка Жамиля	3		18	230
1741	2022-04-25 12:15:30.221027+03	340	Заявка Аяжан Арыстаналы	3		18	230
1742	2022-04-25 12:15:30.223981+03	339	Заявка Аяжан Арыстаналы	3		18	230
1743	2022-04-25 12:15:30.226932+03	338	Заявка Аяжан Арыстаналы	3		18	230
1744	2022-04-25 12:15:30.229962+03	337	Заявка Аяжан Арыстаналы	3		18	230
1745	2022-04-25 12:15:30.232727+03	336	Заявка Жамиля	3		18	230
1746	2022-04-25 12:15:30.235392+03	335	Заявка Аяжан Арыстаналы	3		18	230
1747	2022-04-25 12:15:30.238205+03	334	Заявка Бану	3		18	230
1748	2022-04-25 12:15:30.241249+03	333	Заявка Ангелина	3		18	230
1749	2022-04-25 12:15:30.244175+03	332	Заявка ГАЛИНА	3		18	230
1750	2022-04-25 12:15:30.24698+03	331	Заявка Ирода	3		18	230
1751	2022-04-25 12:15:30.249674+03	330	Заявка Ирода	3		18	230
1752	2022-04-25 12:15:30.25199+03	329	Заявка Карапидашаш	3		18	230
1753	2022-04-25 12:15:30.254781+03	328	Заявка Елена	3		18	230
1754	2022-04-25 12:15:30.258571+03	327	Заявка Ирина	3		18	230
1755	2022-04-25 12:15:30.261826+03	326	Заявка Ирина	3		18	230
1756	2022-04-25 12:15:30.264709+03	325	Заявка Ирина	3		18	230
1757	2022-04-25 12:15:30.267209+03	324	Заявка Ирина	3		18	230
1758	2022-04-25 12:15:30.26961+03	323	Заявка Ирина	3		18	230
1759	2022-04-25 12:15:30.271953+03	322	Заявка Ирина	3		18	230
1760	2022-04-25 12:15:42.639341+03	321	Заявка Ирина	3		18	230
1761	2022-04-25 12:15:42.643915+03	320	Заявка Ирина	3		18	230
1762	2022-04-25 12:15:42.646143+03	319	Заявка Ирина	3		18	230
1763	2022-04-25 12:15:42.648341+03	318	Заявка Айгуль	3		18	230
1764	2022-04-25 12:15:42.650593+03	317	Заявка Айгуль	3		18	230
1765	2022-04-25 12:15:42.653004+03	316	Заявка Злата Блавутская	3		18	230
1766	2022-04-25 12:15:42.655598+03	315	Заявка Идьнара	3		18	230
1767	2022-04-25 12:15:42.65796+03	314	Заявка Аяулым	3		18	230
1768	2022-04-25 12:15:42.660361+03	313	Заявка Сауле	3		18	230
1769	2022-04-25 12:15:42.662675+03	312	Заявка  Злата Блавутская	3		18	230
1770	2022-04-25 12:15:42.66526+03	311	Заявка  Злата Блавутская	3		18	230
1771	2022-04-25 12:15:42.667818+03	306	Заявка Алексей	3		18	230
1772	2022-04-25 12:15:42.670461+03	305	Заявка Шынгыс	3		18	230
1773	2022-04-25 12:15:42.673274+03	304	Заявка Ляззат	3		18	230
1774	2022-04-25 12:15:42.675826+03	303	Заявка Назгуль	3		18	230
1775	2022-04-25 12:15:42.678302+03	302	Заявка Назгуль	3		18	230
1776	2022-04-25 12:15:42.680837+03	301	Заявка Зарема 	3		18	230
1777	2022-04-25 12:15:42.683463+03	293	Заявка Алмагуль 	3		18	230
1778	2022-04-25 12:15:42.68618+03	292	Заявка Светлана	3		18	230
1779	2022-04-25 12:15:42.688972+03	291	Заявка Зоя	3		18	230
1780	2022-04-25 12:15:42.691777+03	290	Заявка Адиль	3		18	230
1781	2022-04-25 12:15:42.694423+03	289	Заявка Сабина	3		18	230
1782	2022-04-25 12:15:42.697159+03	288	Заявка Алуа	3		18	230
1783	2022-04-25 12:15:42.699716+03	287	Заявка Евгения 	3		18	230
1784	2022-04-25 12:15:42.702286+03	286	Заявка Евгения 	3		18	230
1785	2022-04-25 12:15:42.705079+03	285	Заявка Салтанат	3		18	230
1786	2022-04-25 12:15:42.707912+03	284	Заявка Салтанат	3		18	230
1787	2022-04-25 12:15:42.71054+03	283	Заявка Жанаргуль	3		18	230
1788	2022-04-25 12:15:42.713245+03	282	Заявка Жанаргуль	3		18	230
1789	2022-04-25 12:15:42.715927+03	281	Заявка Жанаргуль	3		18	230
1790	2022-04-25 12:15:42.718719+03	280	Заявка Анастасия	3		18	230
1791	2022-04-25 12:15:42.721509+03	279	Заявка Асет	3		18	230
1792	2022-04-25 12:15:42.724138+03	278	Заявка Наталья	3		18	230
1793	2022-04-25 12:15:42.726771+03	277	Заявка Наталья	3		18	230
1794	2022-04-25 12:15:42.729207+03	276	Заявка Мария	3		18	230
1795	2022-04-25 12:15:42.731738+03	275	Заявка Адиль	3		18	230
1796	2022-04-25 12:15:42.73441+03	274	Заявка olj	3		18	230
1797	2022-04-25 12:15:42.737372+03	272	Заявка Assyl-Aiym	3		18	230
1798	2022-04-25 12:15:42.740495+03	271	Заявка Assyl-Aiym	3		18	230
1799	2022-04-25 12:15:42.743683+03	270	Заявка Assyl-Aiym	3		18	230
1800	2022-04-25 12:15:42.746756+03	269	Заявка Assyl-Aiym	3		18	230
1801	2022-04-25 12:15:42.749869+03	268	Заявка Камила 	3		18	230
1802	2022-04-25 12:15:42.752421+03	267	Заявка d	3		18	230
1803	2022-04-25 12:15:42.755389+03	258	Заявка Мария	3		18	230
1804	2022-04-25 12:15:42.758115+03	253	Заявка Диляра	3		18	230
1805	2022-04-25 12:15:42.760649+03	251	Заявка Диляра	3		18	230
1806	2022-04-25 12:15:42.76331+03	245	Заявка Мадина	3		18	230
1807	2022-04-25 12:15:42.765974+03	242	Заявка Азина	3		18	230
1808	2022-04-25 12:15:42.768551+03	226	Заявка Толкын	3		18	230
1809	2022-04-25 12:15:42.771104+03	225	Заявка Бота	3		18	230
1810	2022-04-25 12:15:42.773865+03	222	Заявка Наталья	3		18	230
1811	2022-04-25 12:15:42.776541+03	221	Заявка вартвава	3		18	230
1812	2022-04-25 12:15:42.779071+03	220	Заявка Меиз	3		18	230
1813	2022-04-25 12:15:42.781563+03	219	Заявка Зарина	3		18	230
1814	2022-04-25 12:15:42.783946+03	214	Заявка s	3		18	230
1815	2022-04-25 12:15:42.786406+03	199	Заявка Айгуль	3		18	230
1816	2022-04-25 12:15:42.789111+03	198	Заявка Людмила	3		18	230
1817	2022-04-25 12:15:42.791503+03	184	Заявка МҰРАТЖАН	3		18	230
1818	2022-04-25 12:15:42.793966+03	176	Заявка Айжана	3		18	230
1819	2022-04-25 12:15:42.796436+03	170	Заявка Dias	3		18	230
1820	2022-04-25 12:15:42.798867+03	165	Заявка Лилия	3		18	230
1821	2022-04-25 12:15:42.801305+03	164	Заявка Зинаида	3		18	230
1822	2022-04-25 12:15:42.804015+03	163	Заявка Зинаида	3		18	230
1823	2022-04-25 12:15:42.807149+03	162	Заявка Зинаида	3		18	230
1824	2022-04-25 12:15:42.810344+03	157	Заявка fhfdh	3		18	230
1825	2022-04-25 12:15:42.813391+03	155	Заявка Адиль	3		18	230
1826	2022-04-25 12:15:42.816763+03	153	Заявка Байкушикова	3		18	230
1827	2022-04-25 12:15:42.819816+03	152	Заявка Гульнара	3		18	230
1828	2022-04-25 12:15:42.823207+03	151	Заявка Гульнара	3		18	230
1829	2022-04-25 12:15:42.826342+03	141	Заявка Гульнара Серикбаевна	3		18	230
1830	2022-04-25 12:15:42.829154+03	140	Заявка Гульнара	3		18	230
1831	2022-04-25 12:15:42.83137+03	139	Заявка Гульнара	3		18	230
1832	2022-04-25 12:15:42.833342+03	138	Заявка Гульнара	3		18	230
1833	2022-04-25 12:15:42.835384+03	133	Заявка Гульнара	3		18	230
1834	2022-04-25 12:15:42.837369+03	132	Заявка Гульнара	3		18	230
1835	2022-04-25 12:15:42.839464+03	131	Заявка Гульнара	3		18	230
1836	2022-04-25 12:15:42.841733+03	130	Заявка Viktoriya Kopina	3		18	230
1837	2022-04-25 12:15:42.843921+03	124	Заявка Гульнара	3		18	230
1838	2022-04-25 12:15:42.846219+03	123	Заявка Гульнара	3		18	230
1839	2022-04-25 12:15:42.848658+03	122	Заявка Гульнара	3		18	230
1840	2022-04-25 12:15:42.850949+03	121	Заявка Гульнара	3		18	230
1841	2022-04-25 12:15:42.853229+03	120	Заявка Гульнара	3		18	230
1842	2022-04-25 12:15:42.855673+03	119	Заявка Гульнара	3		18	230
1843	2022-04-25 12:15:42.858027+03	118	Заявка Гульнара	3		18	230
1844	2022-04-25 12:15:42.860417+03	117	Заявка Гульнара	3		18	230
1845	2022-04-25 12:15:42.866231+03	102	Заявка Альбина	3		18	230
1846	2022-04-25 12:15:42.872294+03	100	Заявка Аян	3		18	230
1847	2022-04-25 12:16:14.25607+03	566	Быстрая заявка 2222222	3		17	230
1848	2022-04-25 12:16:14.261263+03	565	Быстрая заявка 1111111	3		17	230
1849	2022-04-25 12:16:14.263559+03	563	Быстрая заявка Анастасия	3		17	230
1850	2022-04-25 12:16:14.265831+03	562	Быстрая заявка Ади	3		17	230
1851	2022-04-25 12:16:14.268171+03	561	Быстрая заявка Айнура	3		17	230
1852	2022-04-25 12:16:14.270539+03	560	Быстрая заявка Аида	3		17	230
1853	2022-04-25 12:16:14.272926+03	559	Быстрая заявка Аида	3		17	230
1854	2022-04-25 12:16:14.27514+03	558	Быстрая заявка тест ернар	3		17	230
1855	2022-04-25 12:16:14.277524+03	557	Быстрая заявка тест	3		17	230
1856	2022-04-25 12:16:14.279896+03	556	Быстрая заявка тест	3		17	230
1857	2022-04-25 12:16:14.282241+03	555	Быстрая заявка Динмухамед 	3		17	230
1858	2022-04-25 12:16:14.284824+03	554	Быстрая заявка ghvjvj	3		17	230
1859	2022-04-25 12:16:14.287754+03	553	Быстрая заявка Айнур	3		17	230
1860	2022-04-25 12:16:14.29062+03	552	Быстрая заявка Айнур	3		17	230
1861	2022-04-25 12:16:14.293209+03	551	Быстрая заявка Айнур	3		17	230
1862	2022-04-25 12:16:14.295506+03	550	Быстрая заявка Хадиша	3		17	230
1863	2022-04-25 12:16:14.297845+03	549	Быстрая заявка Жандос	3		17	230
1864	2022-04-25 12:16:14.30017+03	548	Быстрая заявка Тимур	3		17	230
1865	2022-04-25 12:16:14.302705+03	547	Быстрая заявка САЛТАНАТ	3		17	230
1866	2022-04-25 12:16:14.306124+03	542	Быстрая заявка Тамерлан	3		17	230
1867	2022-04-25 12:16:14.310022+03	541	Быстрая заявка Лаура	3		17	230
1868	2022-04-25 12:16:14.314723+03	540	Быстрая заявка Калимаш	3		17	230
1869	2022-04-25 12:16:14.318323+03	539	Быстрая заявка Alibek	3		17	230
1870	2022-04-25 12:16:14.321228+03	538	Быстрая заявка Турар	3		17	230
1871	2022-04-25 12:16:14.323789+03	537	Быстрая заявка Турар	3		17	230
1872	2022-04-25 12:16:14.326247+03	536	Быстрая заявка турсынгул	3		17	230
1873	2022-04-25 12:16:14.328875+03	535	Быстрая заявка Жансулу	3		17	230
1874	2022-04-25 12:16:14.33158+03	534	Быстрая заявка Марат	3		17	230
1875	2022-04-25 12:16:14.33422+03	533	Быстрая заявка Асхат	3		17	230
1876	2022-04-25 12:16:14.337434+03	532	Быстрая заявка Testiruem	3		17	230
1877	2022-04-25 12:16:14.34064+03	531	Быстрая заявка тест	3		17	230
1878	2022-04-25 12:16:14.343738+03	530	Быстрая заявка тест	3		17	230
1879	2022-04-25 12:16:14.34677+03	529	Быстрая заявка тест	3		17	230
1880	2022-04-25 12:16:14.349586+03	528	Быстрая заявка тест	3		17	230
1881	2022-04-25 12:16:14.352241+03	527	Быстрая заявка тест	3		17	230
1882	2022-04-25 12:16:14.355861+03	526	Быстрая заявка Тест	3		17	230
1883	2022-04-25 12:16:14.359+03	525	Быстрая заявка Тест	3		17	230
1884	2022-04-25 12:16:14.362045+03	524	Быстрая заявка Тест	3		17	230
1885	2022-04-25 12:16:14.365058+03	523	Быстрая заявка РУСЛАН	3		17	230
1886	2022-04-25 12:16:14.367764+03	522	Быстрая заявка РУСЛАН	3		17	230
1887	2022-04-25 12:16:14.370325+03	521	Быстрая заявка Рахмет 	3		17	230
1888	2022-04-25 12:16:14.372897+03	520	Быстрая заявка Алиман 	3		17	230
1889	2022-04-25 12:16:14.375443+03	519	Быстрая заявка Bekzat	3		17	230
1890	2022-04-25 12:16:14.377984+03	518	Быстрая заявка Bekzat	3		17	230
1891	2022-04-25 12:16:14.380456+03	517	Быстрая заявка Даурен	3		17	230
1892	2022-04-25 12:16:14.383058+03	516	Быстрая заявка Гульнур	3		17	230
1893	2022-04-25 12:16:14.385676+03	515	Быстрая заявка Данияр	3		17	230
1894	2022-04-25 12:16:14.389151+03	514	Быстрая заявка Дулат	3		17	230
1895	2022-04-25 12:16:14.395375+03	513	Быстрая заявка 2222222222	3		17	230
1896	2022-04-25 12:16:14.398294+03	512	Быстрая заявка 2222222222	3		17	230
1897	2022-04-25 12:16:14.401158+03	511	Быстрая заявка 222222222222	3		17	230
1898	2022-04-25 12:16:14.404191+03	510	Быстрая заявка 222222222222	3		17	230
1899	2022-04-25 12:16:14.407134+03	509	Быстрая заявка 2222222222	3		17	230
1900	2022-04-25 12:16:14.410115+03	508	Быстрая заявка 2222222222	3		17	230
1901	2022-04-25 12:16:14.412818+03	507	Быстрая заявка 1111111111111	3		17	230
1902	2022-04-25 12:16:14.415501+03	506	Быстрая заявка Диас	3		17	230
1903	2022-04-25 12:16:14.418263+03	505	Быстрая заявка Диас	3		17	230
1904	2022-04-25 12:16:14.421982+03	504	Быстрая заявка Диас	3		17	230
1905	2022-04-25 12:16:14.424909+03	503	Быстрая заявка Диас	3		17	230
1906	2022-04-25 12:16:14.427707+03	502	Быстрая заявка Диас	3		17	230
1907	2022-04-25 12:16:14.43039+03	501	Быстрая заявка Алмас	3		17	230
1908	2022-04-25 12:16:14.433151+03	500	Быстрая заявка тест	3		17	230
1909	2022-04-25 12:16:14.436055+03	499	Быстрая заявка тест	3		17	230
1910	2022-04-25 12:16:14.439114+03	498	Быстрая заявка тест	3		17	230
1911	2022-04-25 12:16:14.442378+03	497	Быстрая заявка Гани	3		17	230
1912	2022-04-25 12:16:14.444836+03	496	Быстрая заявка Бахадыр	3		17	230
1913	2022-04-25 12:16:14.447421+03	495	Быстрая заявка Бахадыр	3		17	230
1914	2022-04-25 12:16:14.450634+03	494	Быстрая заявка Жансая	3		17	230
1915	2022-04-25 12:16:14.453841+03	493	Быстрая заявка тест	3		17	230
1916	2022-04-25 12:16:14.457404+03	492	Быстрая заявка тест	3		17	230
1917	2022-04-25 12:16:14.460878+03	491	Быстрая заявка Don	3		17	230
1918	2022-04-25 12:16:14.463858+03	490	Быстрая заявка Рауан	3		17	230
1919	2022-04-25 12:16:14.466818+03	489	Быстрая заявка Aigerim	3		17	230
1920	2022-04-25 12:16:14.469823+03	488	Быстрая заявка Aigerim	3		17	230
1921	2022-04-25 12:16:14.473007+03	487	Быстрая заявка Адина 	3		17	230
1922	2022-04-25 12:16:14.475917+03	486	Быстрая заявка Зульфия	3		17	230
1923	2022-04-25 12:16:14.478419+03	485	Быстрая заявка Мухтар	3		17	230
1924	2022-04-25 12:16:14.480838+03	484	Быстрая заявка Ер	3		17	230
1925	2022-04-25 12:16:14.483351+03	483	Быстрая заявка Serik	3		17	230
1926	2022-04-25 12:16:14.486057+03	482	Быстрая заявка Еркежан 	3		17	230
1927	2022-04-25 12:16:14.488882+03	481	Быстрая заявка Konstantin	3		17	230
1928	2022-04-25 12:16:14.491935+03	470	Быстрая заявка Омар	3		17	230
1929	2022-04-25 12:16:14.497615+03	469	Быстрая заявка Аяжан	3		17	230
1930	2022-04-25 12:16:14.500502+03	468	Быстрая заявка Аяжан	3		17	230
1931	2022-04-25 12:16:14.503263+03	467	Быстрая заявка Дмитрий	3		17	230
1932	2022-04-25 12:16:14.505986+03	466	Быстрая заявка Алишер	3		17	230
1933	2022-04-25 12:16:14.509011+03	465	Быстрая заявка Ерлан	3		17	230
1934	2022-04-25 12:16:14.51201+03	464	Быстрая заявка Ерлан	3		17	230
1935	2022-04-25 12:16:14.514905+03	463	Быстрая заявка Саян	3		17	230
1936	2022-04-25 12:16:14.517752+03	462	Быстрая заявка Almas	3		17	230
1937	2022-04-25 12:16:14.52063+03	461	Быстрая заявка Ainur	3		17	230
1938	2022-04-25 12:16:14.523158+03	460	Быстрая заявка 1111111111111	3		17	230
1939	2022-04-25 12:16:14.525703+03	459	Быстрая заявка Алмас	3		17	230
1940	2022-04-25 12:16:14.528388+03	458	Быстрая заявка Radmir	3		17	230
1941	2022-04-25 12:16:14.531135+03	457	Быстрая заявка Дмитрий	3		17	230
1942	2022-04-25 12:16:14.533807+03	455	Быстрая заявка Армине	3		17	230
1943	2022-04-25 12:16:14.53661+03	454	Быстрая заявка Ерик	3		17	230
1944	2022-04-25 12:16:14.53976+03	453	Быстрая заявка Мейрам	3		17	230
1945	2022-04-25 12:16:14.542399+03	452	Быстрая заявка Dinara	3		17	230
1946	2022-04-25 12:16:14.545002+03	451	Быстрая заявка Alina	3		17	230
1947	2022-04-25 12:16:23.062638+03	450	Быстрая заявка Гульмира	3		17	230
1948	2022-04-25 12:16:23.067131+03	449	Быстрая заявка Xeniya	3		17	230
1949	2022-04-25 12:16:23.069478+03	448	Быстрая заявка камила	3		17	230
1950	2022-04-25 12:16:23.071734+03	447	Быстрая заявка Саламат	3		17	230
1951	2022-04-25 12:16:23.074159+03	446	Быстрая заявка Казыбек 	3		17	230
1952	2022-04-25 12:16:23.076634+03	445	Быстрая заявка Сара	3		17	230
1953	2022-04-25 12:16:23.079225+03	444	Быстрая заявка Лаура	3		17	230
1954	2022-04-25 12:16:23.081773+03	443	Быстрая заявка Ануар	3		17	230
1955	2022-04-25 12:16:23.084275+03	442	Быстрая заявка Nurshat	3		17	230
1956	2022-04-25 12:16:23.087128+03	441	Быстрая заявка Nurshat	3		17	230
1957	2022-04-25 12:16:23.089928+03	440	Быстрая заявка Адильхан 	3		17	230
1958	2022-04-25 12:16:23.092462+03	439	Быстрая заявка Tulegen	3		17	230
1959	2022-04-25 12:16:23.095006+03	438	Быстрая заявка Майя	3		17	230
1960	2022-04-25 12:16:23.09748+03	436	Быстрая заявка Роза	3		17	230
1961	2022-04-25 12:16:23.100058+03	434	Быстрая заявка Евгений	3		17	230
1962	2022-04-25 12:16:23.102701+03	433	Быстрая заявка Айгуль 	3		17	230
1963	2022-04-25 12:16:23.105379+03	432	Быстрая заявка Айгуль	3		17	230
1964	2022-04-25 12:16:23.107937+03	429	Быстрая заявка Тимур	3		17	230
1965	2022-04-25 12:16:23.110445+03	428	Быстрая заявка Нурлан	3		17	230
1966	2022-04-25 12:16:23.113025+03	427	Быстрая заявка Андрей	3		17	230
1967	2022-04-25 12:16:23.115572+03	425	Быстрая заявка Руслан	3		17	230
1968	2022-04-25 12:16:23.11838+03	424	Быстрая заявка Амирлан	3		17	230
1969	2022-04-25 12:16:23.121454+03	423	Быстрая заявка Асан	3		17	230
1970	2022-04-25 12:16:23.124584+03	421	Быстрая заявка Амирлан	3		17	230
1971	2022-04-25 12:16:23.127495+03	420	Быстрая заявка Жания	3		17	230
1972	2022-04-25 12:16:23.130289+03	419	Быстрая заявка Марина	3		17	230
1973	2022-04-25 12:16:23.132651+03	416	Быстрая заявка Александр	3		17	230
1974	2022-04-25 12:16:23.135179+03	415	Быстрая заявка Александр	3		17	230
1975	2022-04-25 12:16:23.137816+03	414	Быстрая заявка Дархан	3		17	230
1976	2022-04-25 12:16:23.140359+03	412	Быстрая заявка Имангали	3		17	230
1977	2022-04-25 12:16:23.142856+03	411	Быстрая заявка Имангали	3		17	230
1978	2022-04-25 12:16:23.145478+03	410	Быстрая заявка Гульназ	3		17	230
1979	2022-04-25 12:16:23.148095+03	409	Быстрая заявка Евгений	3		17	230
1980	2022-04-25 12:16:23.150698+03	408	Быстрая заявка Ольга	3		17	230
1981	2022-04-25 12:16:23.153821+03	407	Быстрая заявка Салтанат	3		17	230
1982	2022-04-25 12:16:23.156741+03	406	Быстрая заявка Маржан	3		17	230
1983	2022-04-25 12:16:23.159488+03	405	Быстрая заявка Альмира	3		17	230
1984	2022-04-25 12:16:23.162143+03	404	Быстрая заявка Юна	3		17	230
1985	2022-04-25 12:16:23.164872+03	401	Быстрая заявка Аманжол	3		17	230
1986	2022-04-25 12:16:23.16736+03	399	Быстрая заявка Марлен 	3		17	230
1987	2022-04-25 12:16:23.170205+03	398	Быстрая заявка Ruslan	3		17	230
1988	2022-04-25 12:16:23.1739+03	397	Быстрая заявка Айнагуль	3		17	230
1989	2022-04-25 12:16:23.177309+03	396	Быстрая заявка Shakarim	3		17	230
1990	2022-04-25 12:16:23.180208+03	395	Быстрая заявка Shakarim	3		17	230
1991	2022-04-25 12:16:23.182588+03	394	Быстрая заявка Shakarim	3		17	230
1992	2022-04-25 12:16:23.18573+03	393	Быстрая заявка Руслан 	3		17	230
1993	2022-04-25 12:16:23.191614+03	392	Быстрая заявка АЛЕКСАНДР 	3		17	230
1994	2022-04-25 12:16:23.194502+03	391	Быстрая заявка Руслан	3		17	230
1995	2022-04-25 12:16:23.197235+03	390	Быстрая заявка Tolgahan	3		17	230
1996	2022-04-25 12:16:23.200108+03	388	Быстрая заявка Татьяна	3		17	230
1997	2022-04-25 12:16:23.20297+03	387	Быстрая заявка Эдуард	3		17	230
1998	2022-04-25 12:16:23.205707+03	385	Быстрая заявка Раушан	3		17	230
1999	2022-04-25 12:16:23.208817+03	383	Быстрая заявка Даулет	3		17	230
2000	2022-04-25 12:16:23.211975+03	382	Быстрая заявка Алмагуль 	3		17	230
2001	2022-04-25 12:16:23.215064+03	381	Быстрая заявка Сергей	3		17	230
2002	2022-04-25 12:16:23.21768+03	380	Быстрая заявка Анара	3		17	230
2003	2022-04-25 12:16:23.220704+03	379	Быстрая заявка Бекжан	3		17	230
2004	2022-04-25 12:16:23.223683+03	377	Быстрая заявка Бекарыс	3		17	230
2005	2022-04-25 12:16:23.226377+03	376	Быстрая заявка Евгений	3		17	230
2006	2022-04-25 12:16:23.228952+03	375	Быстрая заявка Анна	3		17	230
2007	2022-04-25 12:16:23.231657+03	374	Быстрая заявка Айдар 	3		17	230
2008	2022-04-25 12:16:23.234386+03	373	Быстрая заявка Dinjarik	3		17	230
2009	2022-04-25 12:16:23.237078+03	372	Быстрая заявка Арман 	3		17	230
2010	2022-04-25 12:16:23.240865+03	370	Быстрая заявка Марат	3		17	230
2011	2022-04-25 12:16:23.243541+03	369	Быстрая заявка Dauletkhan	3		17	230
2012	2022-04-25 12:16:23.246067+03	368	Быстрая заявка Арайлым	3		17	230
2013	2022-04-25 12:16:23.248655+03	367	Быстрая заявка Елдос 	3		17	230
2014	2022-04-25 12:16:23.251417+03	366	Быстрая заявка Еркин	3		17	230
2015	2022-04-25 12:16:23.254918+03	365	Быстрая заявка Саят	3		17	230
2016	2022-04-25 12:16:23.257796+03	364	Быстрая заявка Марат	3		17	230
2017	2022-04-25 12:16:23.260203+03	362	Быстрая заявка Асель	3		17	230
2018	2022-04-25 12:16:23.262628+03	361	Быстрая заявка Асель	3		17	230
2019	2022-04-25 12:16:23.268394+03	360	Быстрая заявка Асель	3		17	230
2020	2022-04-25 12:16:23.271826+03	359	Быстрая заявка Асель	3		17	230
2021	2022-04-25 12:16:23.274972+03	358	Быстрая заявка Batyrbek	3		17	230
2022	2022-04-25 12:16:23.277897+03	354	Быстрая заявка Даяна 	3		17	230
2023	2022-04-25 12:16:23.280823+03	353	Быстрая заявка Жанна	3		17	230
2024	2022-04-25 12:16:23.283607+03	352	Быстрая заявка Данияр	3		17	230
2025	2022-04-25 12:16:23.289286+03	351	Быстрая заявка Назгуль	3		17	230
2026	2022-04-25 12:16:23.292149+03	350	Быстрая заявка Саша	3		17	230
2027	2022-04-25 12:16:23.294663+03	349	Быстрая заявка Аргын	3		17	230
2028	2022-04-25 12:16:23.297283+03	348	Быстрая заявка Аргын	3		17	230
2029	2022-04-25 12:16:23.299915+03	347	Быстрая заявка Мирхан	3		17	230
2030	2022-04-25 12:16:23.302514+03	346	Быстрая заявка Алушкет	3		17	230
2031	2022-04-25 12:16:23.30554+03	345	Быстрая заявка Надир 	3		17	230
2032	2022-04-25 12:16:23.308261+03	343	Быстрая заявка Ольга	3		17	230
2033	2022-04-25 12:16:23.310875+03	342	Быстрая заявка Киздамэсы	3		17	230
2034	2022-04-25 12:16:23.313563+03	341	Быстрая заявка Киздамэсы	3		17	230
2035	2022-04-25 12:16:23.316165+03	340	Быстрая заявка Канат 	3		17	230
2036	2022-04-25 12:16:23.319031+03	339	Быстрая заявка Виктория	3		17	230
2037	2022-04-25 12:16:23.322319+03	338	Быстрая заявка Magzhan	3		17	230
2038	2022-04-25 12:16:23.325009+03	337	Быстрая заявка Светлана	3		17	230
2039	2022-04-25 12:16:23.327552+03	336	Быстрая заявка Светлана	3		17	230
2040	2022-04-25 12:16:23.330081+03	334	Быстрая заявка Зарина	3		17	230
2041	2022-04-25 12:16:23.332766+03	333	Быстрая заявка Зарина	3		17	230
2042	2022-04-25 12:16:23.335348+03	332	Быстрая заявка Тест	3		17	230
2043	2022-04-25 12:16:23.33824+03	331	Быстрая заявка Тестовая заявка	3		17	230
2044	2022-04-25 12:16:23.34222+03	330	Быстрая заявка олж	3		17	230
2045	2022-04-25 12:16:23.344921+03	329	Быстрая заявка test2	3		17	230
2046	2022-04-25 12:16:23.347579+03	328	Быстрая заявка test	3		17	230
2047	2022-04-25 12:16:30.994664+03	327	Быстрая заявка test	3		17	230
2048	2022-04-25 12:16:30.999219+03	326	Быстрая заявка test	3		17	230
2049	2022-04-25 12:16:31.001356+03	325	Быстрая заявка test	3		17	230
2050	2022-04-25 12:16:31.003834+03	324	Быстрая заявка test	3		17	230
2051	2022-04-25 12:16:31.006086+03	323	Быстрая заявка Алия	3		17	230
2052	2022-04-25 12:16:31.00853+03	322	Быстрая заявка Алия	3		17	230
2053	2022-04-25 12:16:31.010987+03	321	Быстрая заявка Дмитрий	3		17	230
2054	2022-04-25 12:16:31.013352+03	320	Быстрая заявка Бекет	3		17	230
2055	2022-04-25 12:16:31.015673+03	319	Быстрая заявка Наталья	3		17	230
2056	2022-04-25 12:16:31.018215+03	318	Быстрая заявка Наталья	3		17	230
2057	2022-04-25 12:16:31.020973+03	317	Быстрая заявка Кабахан	3		17	230
2058	2022-04-25 12:16:31.023581+03	316	Быстрая заявка Кабахан	3		17	230
2059	2022-04-25 12:16:31.026129+03	315	Быстрая заявка Досжан	3		17	230
2060	2022-04-25 12:16:31.028849+03	314	Быстрая заявка Зарина	3		17	230
2061	2022-04-25 12:16:31.031389+03	313	Быстрая заявка Адильхан 	3		17	230
2062	2022-04-25 12:16:31.034022+03	312	Быстрая заявка Адильхан 	3		17	230
2063	2022-04-25 12:16:31.036855+03	311	Быстрая заявка Альберт	3		17	230
2064	2022-04-25 12:16:31.039499+03	310	Быстрая заявка Vil	3		17	230
2065	2022-04-25 12:16:31.042172+03	309	Быстрая заявка Lyubov Ushakova	3		17	230
2066	2022-04-25 12:16:31.044973+03	308	Быстрая заявка test	3		17	230
2067	2022-04-25 12:16:31.047664+03	307	Быстрая заявка Ерсултан	3		17	230
2068	2022-04-25 12:16:31.050383+03	306	Быстрая заявка Ерсултан	3		17	230
2069	2022-04-25 12:16:31.053001+03	304	Быстрая заявка Зарина	3		17	230
2070	2022-04-25 12:16:31.055723+03	303	Быстрая заявка Мирон	3		17	230
2071	2022-04-25 12:16:31.058473+03	302	Быстрая заявка Мирон	3		17	230
2072	2022-04-25 12:16:31.061107+03	301	Быстрая заявка Ергалы	3		17	230
2073	2022-04-25 12:16:31.0637+03	300	Быстрая заявка Ергалы	3		17	230
2074	2022-04-25 12:16:31.066594+03	299	Быстрая заявка Молдир	3		17	230
2075	2022-04-25 12:16:31.069644+03	298	Быстрая заявка Елжас	3		17	230
2076	2022-04-25 12:16:31.072944+03	297	Быстрая заявка Елжас	3		17	230
2077	2022-04-25 12:16:31.075583+03	296	Быстрая заявка Абылайхан	3		17	230
2078	2022-04-25 12:16:31.078385+03	295	Быстрая заявка Сагадат	3		17	230
2079	2022-04-25 12:16:31.081312+03	294	Быстрая заявка Сагадат	3		17	230
2080	2022-04-25 12:16:31.084039+03	293	Быстрая заявка Сагадат	3		17	230
2081	2022-04-25 12:16:31.086777+03	290	Быстрая заявка Болат	3		17	230
2082	2022-04-25 12:16:31.090078+03	289	Быстрая заявка Болат	3		17	230
2083	2022-04-25 12:16:31.092605+03	288	Быстрая заявка Назым	3		17	230
2084	2022-04-25 12:16:31.095153+03	287	Быстрая заявка Мирас	3		17	230
2085	2022-04-25 12:16:31.097568+03	286	Быстрая заявка Даулет	3		17	230
2086	2022-04-25 12:16:31.100017+03	285	Быстрая заявка Даулет	3		17	230
2087	2022-04-25 12:16:31.102541+03	284	Быстрая заявка Даулет	3		17	230
2088	2022-04-25 12:16:31.105257+03	283	Быстрая заявка Сара 	3		17	230
2089	2022-04-25 12:16:31.108376+03	282	Быстрая заявка Сара	3		17	230
2090	2022-04-25 12:16:31.111268+03	281	Быстрая заявка Сара	3		17	230
2091	2022-04-25 12:16:31.114125+03	280	Быстрая заявка Олег	3		17	230
2092	2022-04-25 12:16:31.117184+03	279	Быстрая заявка Адилет	3		17	230
2093	2022-04-25 12:16:31.120354+03	278	Быстрая заявка Адилет	3		17	230
2094	2022-04-25 12:16:31.123004+03	277	Быстрая заявка Алан	3		17	230
2095	2022-04-25 12:16:31.125317+03	276	Быстрая заявка Алан	3		17	230
2096	2022-04-25 12:16:31.127523+03	275	Быстрая заявка Дима	3		17	230
2097	2022-04-25 12:16:31.129852+03	274	Быстрая заявка Дима	3		17	230
2098	2022-04-25 12:16:31.132329+03	273	Быстрая заявка Андрей	3		17	230
2099	2022-04-25 12:16:31.134771+03	272	Быстрая заявка Берик	3		17	230
2100	2022-04-25 12:16:31.137683+03	271	Быстрая заявка Берик	3		17	230
2101	2022-04-25 12:16:31.14035+03	268	Быстрая заявка Рустам	3		17	230
2102	2022-04-25 12:16:31.142893+03	267	Быстрая заявка Рустам	3		17	230
2103	2022-04-25 12:16:31.145458+03	266	Быстрая заявка Мунира	3		17	230
2104	2022-04-25 12:16:31.147939+03	265	Быстрая заявка Мунира	3		17	230
2105	2022-04-25 12:16:31.150759+03	264	Быстрая заявка Илияс	3		17	230
2106	2022-04-25 12:16:31.153555+03	263	Быстрая заявка а	3		17	230
2107	2022-04-25 12:16:31.156806+03	262	Быстрая заявка Марем	3		17	230
2108	2022-04-25 12:16:31.159555+03	261	Быстрая заявка Марем	3		17	230
2109	2022-04-25 12:16:31.162452+03	260	Быстрая заявка Рауан	3		17	230
2110	2022-04-25 12:16:31.165564+03	259	Быстрая заявка Рауан	3		17	230
2111	2022-04-25 12:16:31.168463+03	258	Быстрая заявка Константин 	3		17	230
2112	2022-04-25 12:16:31.1718+03	257	Быстрая заявка Константин 	3		17	230
2113	2022-04-25 12:16:31.174613+03	256	Быстрая заявка Аслан 	3		17	230
2114	2022-04-25 12:16:31.177248+03	252	Быстрая заявка Владимир	3		17	230
2115	2022-04-25 12:16:31.179904+03	251	Быстрая заявка Владимир	3		17	230
2116	2022-04-25 12:16:31.182698+03	250	Быстрая заявка Владимир	3		17	230
2117	2022-04-25 12:16:31.185266+03	249	Быстрая заявка Мақсат 	3		17	230
2118	2022-04-25 12:16:31.191237+03	248	Быстрая заявка Елена	3		17	230
2119	2022-04-25 12:16:31.194324+03	247	Быстрая заявка Елена	3		17	230
2120	2022-04-25 12:16:31.19715+03	246	Быстрая заявка Елена	3		17	230
2121	2022-04-25 12:16:31.199964+03	245	Быстрая заявка 87011214412	3		17	230
2122	2022-04-25 12:16:31.202701+03	244	Быстрая заявка Марат Акчулаков	3		17	230
2123	2022-04-25 12:16:31.205941+03	243	Быстрая заявка Канат	3		17	230
2124	2022-04-25 12:16:31.208528+03	242	Быстрая заявка Канат	3		17	230
2125	2022-04-25 12:16:31.210923+03	241	Быстрая заявка Александр 	3		17	230
2126	2022-04-25 12:16:31.21327+03	240	Быстрая заявка Александр 	3		17	230
2127	2022-04-25 12:16:31.215663+03	239	Быстрая заявка Александр 	3		17	230
2128	2022-04-25 12:16:31.217971+03	238	Быстрая заявка Тимур	3		17	230
2129	2022-04-25 12:16:31.220419+03	237	Быстрая заявка Тимур	3		17	230
2130	2022-04-25 12:16:31.223642+03	236	Быстрая заявка Асем 	3		17	230
2131	2022-04-25 12:16:31.226502+03	235	Быстрая заявка Асем 	3		17	230
2132	2022-04-25 12:16:31.229227+03	234	Быстрая заявка Римма 	3		17	230
2133	2022-04-25 12:16:31.231698+03	233	Быстрая заявка Римма 	3		17	230
2134	2022-04-25 12:16:31.234142+03	232	Быстрая заявка Azamat	3		17	230
2135	2022-04-25 12:16:31.236777+03	231	Быстрая заявка Azamat	3		17	230
2136	2022-04-25 12:16:31.239897+03	230	Быстрая заявка Куралай 	3		17	230
2137	2022-04-25 12:16:31.242951+03	229	Быстрая заявка Алексей 	3		17	230
2138	2022-04-25 12:16:31.24599+03	228	Быстрая заявка Алмат	3		17	230
2139	2022-04-25 12:16:31.249008+03	227	Быстрая заявка Алмат	3		17	230
2140	2022-04-25 12:16:31.2518+03	226	Быстрая заявка Алмат	3		17	230
2141	2022-04-25 12:16:31.25464+03	225	Быстрая заявка Наталья	3		17	230
2142	2022-04-25 12:16:31.258127+03	220	Быстрая заявка  Рустам	3		17	230
2143	2022-04-25 12:16:31.260872+03	219	Быстрая заявка  Рустам	3		17	230
2144	2022-04-25 12:16:31.263621+03	218	Быстрая заявка Султан 	3		17	230
2145	2022-04-25 12:16:31.2662+03	217	Быстрая заявка Султан 	3		17	230
2146	2022-04-25 12:16:31.268549+03	216	Быстрая заявка Рауан	3		17	230
2147	2022-04-25 12:16:39.952956+03	215	Быстрая заявка Рауан	3		17	230
2148	2022-04-25 12:16:39.95758+03	214	Быстрая заявка Рауан	3		17	230
2149	2022-04-25 12:16:39.959722+03	213	Быстрая заявка Рауан	3		17	230
2150	2022-04-25 12:16:39.961936+03	211	Быстрая заявка Александр	3		17	230
2151	2022-04-25 12:16:39.964163+03	210	Быстрая заявка Чингиз	3		17	230
2152	2022-04-25 12:16:39.966257+03	209	Быстрая заявка Maria Shershakova	3		17	230
2153	2022-04-25 12:16:39.9687+03	208	Быстрая заявка Нуржан	3		17	230
2154	2022-04-25 12:16:39.970843+03	207	Быстрая заявка Нуржан	3		17	230
2155	2022-04-25 12:16:39.973184+03	206	Быстрая заявка Vadim	3		17	230
2156	2022-04-25 12:16:39.975473+03	205	Быстрая заявка Гульназ	3		17	230
2157	2022-04-25 12:16:39.977819+03	204	Быстрая заявка Гульназ	3		17	230
2158	2022-04-25 12:16:39.980215+03	203	Быстрая заявка Арухан	3		17	230
2159	2022-04-25 12:16:39.982658+03	202	Быстрая заявка Арухан	3		17	230
2160	2022-04-25 12:16:39.985304+03	201	Быстрая заявка Арухан	3		17	230
2161	2022-04-25 12:16:39.988442+03	200	Быстрая заявка Арухан	3		17	230
2162	2022-04-25 12:16:39.991113+03	199	Быстрая заявка Арухан	3		17	230
2163	2022-04-25 12:16:39.99368+03	198	Быстрая заявка Мади 	3		17	230
2164	2022-04-25 12:16:39.996064+03	197	Быстрая заявка Руслан	3		17	230
2165	2022-04-25 12:16:39.998525+03	196	Быстрая заявка Ермек 	3		17	230
2166	2022-04-25 12:16:40.001233+03	195	Быстрая заявка Аблайхан	3		17	230
2167	2022-04-25 12:16:40.004117+03	194	Быстрая заявка Маргулан	3		17	230
2168	2022-04-25 12:16:40.006664+03	193	Быстрая заявка Мадина	3		17	230
2169	2022-04-25 12:16:40.009192+03	192	Быстрая заявка Александр	3		17	230
2170	2022-04-25 12:16:40.011586+03	191	Быстрая заявка Пармен 	3		17	230
2171	2022-04-25 12:16:40.013959+03	190	Быстрая заявка Musa Al-sharief	3		17	230
2172	2022-04-25 12:16:40.016411+03	189	Быстрая заявка Musa Al-sharief	3		17	230
2173	2022-04-25 12:16:40.019177+03	187	Быстрая заявка Абзал	3		17	230
2174	2022-04-25 12:16:40.022595+03	186	Быстрая заявка Арман	3		17	230
2175	2022-04-25 12:16:40.025144+03	185	Быстрая заявка Рахат	3		17	230
2176	2022-04-25 12:16:40.027553+03	184	Быстрая заявка даурен	3		17	230
2177	2022-04-25 12:16:40.030008+03	183	Быстрая заявка даурен	3		17	230
2178	2022-04-25 12:16:40.032347+03	182	Быстрая заявка Людмила Юрачева	3		17	230
2179	2022-04-25 12:16:40.034793+03	181	Быстрая заявка Анара	3		17	230
2180	2022-04-25 12:16:40.037958+03	180	Быстрая заявка Перизат	3		17	230
2181	2022-04-25 12:16:40.041151+03	179	Быстрая заявка Жанайдар	3		17	230
2182	2022-04-25 12:16:40.044284+03	178	Быстрая заявка Серик	3		17	230
2183	2022-04-25 12:16:40.04736+03	177	Быстрая заявка Zhanara 	3		17	230
2184	2022-04-25 12:16:40.050601+03	176	Быстрая заявка Elizabeth	3		17	230
2185	2022-04-25 12:16:40.053657+03	175	Быстрая заявка Кирилл	3		17	230
2186	2022-04-25 12:16:40.056183+03	174	Быстрая заявка Нурлан	3		17	230
2187	2022-04-25 12:16:40.058521+03	173	Быстрая заявка Зарема	3		17	230
2188	2022-04-25 12:16:40.060761+03	172	Быстрая заявка Азат	3		17	230
2189	2022-04-25 12:16:40.063046+03	169	Быстрая заявка 	3		17	230
2190	2022-04-25 12:16:40.065345+03	168	Быстрая заявка Арман	3		17	230
2191	2022-04-25 12:16:40.067839+03	167	Быстрая заявка Арман	3		17	230
2192	2022-04-25 12:16:40.070866+03	166	Быстрая заявка Anna	3		17	230
2193	2022-04-25 12:16:40.074018+03	165	Быстрая заявка Алия Кабиевна	3		17	230
2194	2022-04-25 12:16:40.076921+03	164	Быстрая заявка Рауан	3		17	230
2195	2022-04-25 12:16:40.079923+03	163	Быстрая заявка Бахтияр 	3		17	230
2196	2022-04-25 12:16:40.083043+03	162	Быстрая заявка Адиль	3		17	230
2197	2022-04-25 12:16:40.086052+03	161	Быстрая заявка Валерия	3		17	230
2198	2022-04-25 12:16:40.088937+03	160	Быстрая заявка Валерия	3		17	230
2199	2022-04-25 12:16:40.091379+03	159	Быстрая заявка Искандер 	3		17	230
2200	2022-04-25 12:16:40.093769+03	158	Быстрая заявка Rinat	3		17	230
2201	2022-04-25 12:16:40.096301+03	157	Быстрая заявка Артур	3		17	230
2202	2022-04-25 12:16:40.098756+03	156	Быстрая заявка Диаз	3		17	230
2203	2022-04-25 12:16:40.101285+03	155	Быстрая заявка Рустам 	3		17	230
2204	2022-04-25 12:16:40.104094+03	154	Быстрая заявка Denis	3		17	230
2205	2022-04-25 12:16:40.107488+03	153	Быстрая заявка Arman	3		17	230
2206	2022-04-25 12:16:40.110254+03	152	Быстрая заявка Дана	3		17	230
2207	2022-04-25 12:16:40.113328+03	151	Быстрая заявка Айдана	3		17	230
2208	2022-04-25 12:16:40.116258+03	149	Быстрая заявка Максим	3		17	230
2209	2022-04-25 12:16:40.119113+03	148	Быстрая заявка Sergey	3		17	230
2210	2022-04-25 12:16:40.121914+03	147	Быстрая заявка Канат	3		17	230
2211	2022-04-25 12:16:40.124412+03	146	Быстрая заявка Канат	3		17	230
2212	2022-04-25 12:16:40.12699+03	145	Быстрая заявка Konstantinos 	3		17	230
2213	2022-04-25 12:16:40.129473+03	144	Быстрая заявка Эльвира	3		17	230
2214	2022-04-25 12:16:40.132066+03	143	Быстрая заявка Сания	3		17	230
2215	2022-04-25 12:16:40.134683+03	142	Быстрая заявка Константин	3		17	230
2216	2022-04-25 12:16:40.137502+03	141	Быстрая заявка Валерий	3		17	230
2217	2022-04-25 12:16:40.140097+03	139	Быстрая заявка Ермек	3		17	230
2218	2022-04-25 12:16:40.142651+03	138	Быстрая заявка Павел	3		17	230
2219	2022-04-25 12:16:40.145069+03	137	Быстрая заявка Андрей	3		17	230
2220	2022-04-25 12:16:40.147529+03	136	Быстрая заявка Дмитрий	3		17	230
2221	2022-04-25 12:16:40.149976+03	135	Быстрая заявка Дмитрий	3		17	230
2222	2022-04-25 12:16:40.152537+03	132	Быстрая заявка Юлия	3		17	230
2223	2022-04-25 12:16:40.155175+03	131	Быстрая заявка ЕРЛАН	3		17	230
2224	2022-04-25 12:16:40.157682+03	130	Быстрая заявка Гульжахан	3		17	230
2225	2022-04-25 12:16:40.1603+03	129	Быстрая заявка Толкын	3		17	230
2226	2022-04-25 12:16:40.162667+03	128	Быстрая заявка Адиль	3		17	230
2227	2022-04-25 12:16:40.164988+03	126	Быстрая заявка Elmira	3		17	230
2228	2022-04-25 12:16:40.167395+03	125	Быстрая заявка Elmira	3		17	230
2229	2022-04-25 12:16:40.170192+03	124	Быстрая заявка Жорж	3		17	230
2230	2022-04-25 12:16:40.172782+03	123	Быстрая заявка Çağatay 	3		17	230
2231	2022-04-25 12:16:40.175331+03	122	Быстрая заявка Анар	3		17	230
2232	2022-04-25 12:16:40.177697+03	121	Быстрая заявка Светлана 	3		17	230
2233	2022-04-25 12:16:40.180043+03	120	Быстрая заявка Galiy	3		17	230
2234	2022-04-25 12:16:40.182582+03	119	Быстрая заявка Алтынбек 	3		17	230
2235	2022-04-25 12:16:40.184956+03	118	Быстрая заявка Альбина 	3		17	230
2236	2022-04-25 12:16:40.187602+03	117	Быстрая заявка Динара	3		17	230
2237	2022-04-25 12:16:40.190159+03	116	Быстрая заявка Ирина	3		17	230
2238	2022-04-25 12:16:40.192594+03	115	Быстрая заявка диляра 	3		17	230
2239	2022-04-25 12:16:40.195097+03	114	Быстрая заявка ddwd	3		17	230
2240	2022-04-25 12:16:40.197471+03	113	Быстрая заявка Яков	3		17	230
2241	2022-04-25 12:16:40.199884+03	112	Быстрая заявка Аман	3		17	230
2242	2022-04-25 12:16:40.20231+03	111	Быстрая заявка Алибек	3		17	230
2243	2022-04-25 12:16:40.205013+03	110	Быстрая заявка Руслан	3		17	230
2244	2022-04-25 12:16:40.207673+03	109	Быстрая заявка Абай	3		17	230
2245	2022-04-25 12:16:40.210091+03	108	Быстрая заявка Шахназар	3		17	230
2246	2022-04-25 12:16:40.21245+03	107	Быстрая заявка Макка	3		17	230
2247	2022-04-25 12:16:53.643894+03	106	Быстрая заявка Arystan	3		17	230
2248	2022-04-25 12:16:53.64826+03	105	Быстрая заявка 	3		17	230
2249	2022-04-25 12:16:53.650382+03	104	Быстрая заявка Маржан	3		17	230
2250	2022-04-25 12:16:53.652754+03	103	Быстрая заявка Болат	3		17	230
2251	2022-04-25 12:16:53.654938+03	102	Быстрая заявка Равиль	3		17	230
2252	2022-04-25 12:16:53.657108+03	101	Быстрая заявка Амир	3		17	230
2253	2022-04-25 12:16:53.659616+03	100	Быстрая заявка Никита	3		17	230
2254	2022-04-25 12:16:53.662139+03	99	Быстрая заявка Наталья	3		17	230
2255	2022-04-25 12:16:53.664446+03	98	Быстрая заявка Malika	3		17	230
2256	2022-04-25 12:16:53.666899+03	97	Быстрая заявка Alevtina	3		17	230
2257	2022-04-25 12:16:53.669652+03	96	Быстрая заявка Даурен	3		17	230
2258	2022-04-25 12:16:53.672389+03	95	Быстрая заявка Жомарт	3		17	230
2259	2022-04-25 12:16:53.67499+03	94	Быстрая заявка Жомарт	3		17	230
2260	2022-04-25 12:16:53.678184+03	93	Быстрая заявка Олжас	3		17	230
2261	2022-04-25 12:16:53.681118+03	92	Быстрая заявка Роман 	3		17	230
2262	2022-04-25 12:16:53.683632+03	91	Быстрая заявка Куаныш	3		17	230
2263	2022-04-25 12:16:53.686051+03	90	Быстрая заявка Рауан 	3		17	230
2264	2022-04-25 12:16:53.688691+03	89	Быстрая заявка Бахтияр	3		17	230
2265	2022-04-25 12:16:53.691324+03	88	Быстрая заявка Иван	3		17	230
2266	2022-04-25 12:16:53.69391+03	87	Быстрая заявка Арман	3		17	230
2267	2022-04-25 12:16:53.696524+03	86	Быстрая заявка Daliya	3		17	230
2268	2022-04-25 12:16:53.699142+03	85	Быстрая заявка Alexander	3		17	230
2269	2022-04-25 12:16:53.70181+03	84	Быстрая заявка Xeniya	3		17	230
2270	2022-04-25 12:16:53.704446+03	83	Быстрая заявка Полина	3		17	230
2271	2022-04-25 12:16:53.707258+03	82	Быстрая заявка Евгений 	3		17	230
2272	2022-04-25 12:16:53.709926+03	81	Быстрая заявка Фарид	3		17	230
2273	2022-04-25 12:16:53.712503+03	80	Быстрая заявка Фарид	3		17	230
2274	2022-04-25 12:16:53.71508+03	79	Быстрая заявка Фарид	3		17	230
2275	2022-04-25 12:16:53.717626+03	78	Быстрая заявка Фарид	3		17	230
2276	2022-04-25 12:16:53.720513+03	77	Быстрая заявка Фарид	3		17	230
2277	2022-04-25 12:16:53.723084+03	76	Быстрая заявка Артур	3		17	230
2278	2022-04-25 12:16:53.725554+03	75	Быстрая заявка Меруерт 	3		17	230
2279	2022-04-25 12:16:53.728189+03	74	Быстрая заявка Меруерт 	3		17	230
2280	2022-04-25 12:16:53.730844+03	73	Быстрая заявка Ихтиандр	3		17	230
2281	2022-04-25 12:16:53.733437+03	72	Быстрая заявка Адильхан 	3		17	230
2282	2022-04-25 12:16:53.736025+03	71	Быстрая заявка Махамбет	3		17	230
2283	2022-04-25 12:16:53.73896+03	70	Быстрая заявка Жангельды 	3		17	230
2284	2022-04-25 12:16:53.741884+03	69	Быстрая заявка Абай	3		17	230
2285	2022-04-25 12:16:53.744469+03	68	Быстрая заявка Saida 	3		17	230
2286	2022-04-25 12:16:53.746983+03	67	Быстрая заявка Наталья	3		17	230
2287	2022-04-25 12:16:53.749677+03	66	Быстрая заявка Канат 	3		17	230
2288	2022-04-25 12:16:53.752475+03	65	Быстрая заявка Евгений	3		17	230
2289	2022-04-25 12:16:53.755181+03	64	Быстрая заявка Искандер	3		17	230
2290	2022-04-25 12:16:53.757791+03	63	Быстрая заявка Султан	3		17	230
2291	2022-04-25 12:16:53.760467+03	62	Быстрая заявка МҰРАТЖАН	3		17	230
2292	2022-04-25 12:16:53.763133+03	61	Быстрая заявка 	3		17	230
2293	2022-04-25 12:16:53.765705+03	60	Быстрая заявка Арман	3		17	230
2294	2022-04-25 12:16:53.768446+03	59	Быстрая заявка Айгуль 	3		17	230
2295	2022-04-25 12:16:53.771857+03	58	Быстрая заявка Айгуль 	3		17	230
2296	2022-04-25 12:16:53.774477+03	57	Быстрая заявка Айгуль 	3		17	230
2297	2022-04-25 12:16:53.777039+03	56	Быстрая заявка Айгуль 	3		17	230
2298	2022-04-25 12:16:53.779503+03	55	Быстрая заявка Даниса	3		17	230
2299	2022-04-25 12:16:53.782074+03	54	Быстрая заявка Улан	3		17	230
2300	2022-04-25 12:16:53.78475+03	53	Быстрая заявка Нурахмет	3		17	230
2301	2022-04-25 12:16:53.787519+03	52	Быстрая заявка Дина Сон 	3		17	230
2302	2022-04-25 12:16:53.790352+03	51	Быстрая заявка Аnna	3		17	230
2303	2022-04-25 12:16:53.792927+03	50	Быстрая заявка Айжана	3		17	230
2304	2022-04-25 12:16:53.795569+03	49	Быстрая заявка Lidiya	3		17	230
2305	2022-04-25 12:16:53.798559+03	48	Быстрая заявка Даурен	3		17	230
2306	2022-04-25 12:16:53.801231+03	47	Быстрая заявка Григорий	3		17	230
2307	2022-04-25 12:16:53.804827+03	46	Быстрая заявка Григорий 	3		17	230
2308	2022-04-25 12:16:53.807926+03	45	Быстрая заявка Алмат	3		17	230
2309	2022-04-25 12:16:53.810912+03	44	Быстрая заявка Арай	3		17	230
2310	2022-04-25 12:16:53.813566+03	43	Быстрая заявка Арай	3		17	230
2311	2022-04-25 12:16:53.815758+03	42	Быстрая заявка Valentina	3		17	230
2312	2022-04-25 12:16:53.818028+03	41	Быстрая заявка Test	3		17	230
2313	2022-04-25 12:16:53.82061+03	40	Быстрая заявка Тест	3		17	230
2314	2022-04-25 12:16:53.822978+03	39	Быстрая заявка Адиль	3		17	230
2315	2022-04-25 12:16:53.828501+03	38	Быстрая заявка Рысбек тест	3		17	230
2316	2022-04-25 12:16:53.834029+03	37	Быстрая заявка Рысбек 	3		17	230
2317	2022-04-25 12:16:53.836771+03	36	Быстрая заявка Adil	3		17	230
2318	2022-04-25 12:16:53.840202+03	35	Быстрая заявка Валерия	3		17	230
2319	2022-04-25 12:16:53.843044+03	34	Быстрая заявка Олжас 	3		17	230
2320	2022-04-25 12:16:53.845678+03	33	Быстрая заявка Олжас 	3		17	230
2321	2022-04-25 12:16:53.847933+03	32	Быстрая заявка Osman	3		17	230
2322	2022-04-25 12:16:53.850394+03	31	Быстрая заявка Еркебулан 	3		17	230
2323	2022-04-25 12:16:53.855989+03	24	Быстрая заявка Osman	3		17	230
2324	2022-04-25 12:16:53.858643+03	23	Быстрая заявка Аманжол	3		17	230
2325	2022-04-25 12:16:53.861549+03	22	Быстрая заявка Mukhamet	3		17	230
2326	2022-04-25 12:16:53.864085+03	21	Быстрая заявка Влад	3		17	230
2327	2022-04-25 12:16:53.866639+03	20	Быстрая заявка Андрей 	3		17	230
2328	2022-04-25 12:16:53.869294+03	19	Быстрая заявка Баян	3		17	230
2329	2022-04-25 12:16:53.872581+03	18	Быстрая заявка Баян	3		17	230
2330	2022-04-25 12:16:53.87505+03	17	Быстрая заявка Алимжан 	3		17	230
2331	2022-04-25 12:16:53.877407+03	16	Быстрая заявка Алимжан 	3		17	230
2332	2022-04-25 12:16:53.879858+03	15	Быстрая заявка Акбота	3		17	230
2333	2022-04-25 12:16:53.882341+03	8	Быстрая заявка Радик	3		17	230
2334	2022-04-25 12:16:53.884867+03	7	Быстрая заявка Гульжан	3		17	230
2335	2022-04-25 12:16:53.890733+03	6	Быстрая заявка Aruzhan	3		17	230
2336	2022-04-25 12:16:53.893812+03	5	Быстрая заявка Сагинбай	3		17	230
2337	2022-04-25 12:16:53.896545+03	4	Быстрая заявка Захирка Нахцывански	3		17	230
2338	2022-04-25 12:16:53.89921+03	3	Быстрая заявка Захирка Нахцывански	3		17	230
2339	2022-04-25 12:16:53.901881+03	2	Быстрая заявка RUSTEM	3		17	230
2340	2022-04-25 12:18:32.75364+03	652	Заявка Ольга	3		18	230
2341	2022-04-25 12:18:32.758888+03	632	Заявка Айжан	3		18	230
2342	2022-04-25 12:18:32.761422+03	630	Заявка Акмарал	3		18	230
2343	2022-04-25 12:18:55.18217+03	625	Заявка Ботагоз	3		18	230
2344	2022-04-25 12:26:01.315139+03	628	Заявка Алия 	3		18	230
2345	2022-04-25 12:26:19.183043+03	623	Заявка Наталья	3		18	230
2346	2022-04-25 12:26:19.187501+03	619	Заявка Молдир	3		18	230
2347	2022-04-25 12:26:19.189772+03	609	Заявка Айжан	3		18	230
2348	2022-04-25 12:26:19.191953+03	606	Заявка Нурсулу	3		18	230
2349	2022-04-25 12:26:19.194293+03	576	Заявка Садуакасова Айдана 	3		18	230
2350	2022-04-25 12:26:19.1968+03	575	Заявка Бибигуль	3		18	230
2351	2022-04-25 12:26:19.19927+03	572	Заявка Зарина	3		18	230
2352	2022-04-25 12:26:19.201874+03	569	Заявка Жанна	3		18	230
2353	2022-04-25 12:26:19.204667+03	568	Заявка Адия	3		18	230
2354	2022-04-25 12:26:19.20747+03	552	Заявка Адема	3		18	230
2355	2022-04-25 12:26:19.210336+03	551	Заявка Дина	3		18	230
2356	2022-04-25 12:26:19.213129+03	550	Заявка Даутекова Меруерт Наримановна	3		18	230
2357	2022-04-25 12:26:19.21584+03	545	Заявка РОза и Нуризат	3		18	230
2358	2022-04-25 12:26:19.218472+03	544	Заявка Наталья 	3		18	230
2359	2022-04-25 12:26:19.221017+03	541	Заявка Бану Ахметова	3		18	230
2360	2022-04-25 12:26:19.223543+03	525	Заявка Тахмина	3		18	230
2361	2022-04-25 12:26:19.226238+03	524	Заявка Тахмина	3		18	230
2362	2022-04-25 12:26:19.228912+03	523	Заявка Тахмина	3		18	230
2363	2022-04-25 12:26:19.231494+03	522	Заявка Адема	3		18	230
2364	2022-04-25 12:26:19.233994+03	520	Заявка Эльмира 	3		18	230
2365	2022-04-25 12:26:19.236641+03	457	Заявка Алия	3		18	230
2366	2022-04-25 12:26:19.239264+03	425	Заявка Изабелла	3		18	230
2367	2022-04-25 12:26:19.241902+03	411	Заявка Марина Назарова	3		18	230
2368	2022-04-25 12:26:19.244714+03	410	Заявка Марина Назарова	3		18	230
2369	2022-04-25 12:26:19.247701+03	401	Заявка Людмила Михайловна	3		18	230
2370	2022-04-25 12:26:19.250296+03	273	Заявка Assyl-Aiym	3		18	230
2371	2022-04-25 12:26:19.252894+03	257	Заявка Мария	3		18	230
2372	2022-04-25 12:26:19.255585+03	256	Заявка Мария	3		18	230
2373	2022-04-25 12:26:19.258142+03	255	Заявка Маржан	3		18	230
2374	2022-04-25 12:26:19.26077+03	254	Заявка Yuliya	3		18	230
2375	2022-04-25 12:26:19.263569+03	252	Заявка Диляра	3		18	230
2376	2022-04-25 12:26:19.266379+03	250	Заявка Эльвира	3		18	230
2377	2022-04-25 12:26:19.268943+03	249	Заявка Бибигуль Нусипжанова 	3		18	230
2378	2022-04-25 12:26:19.271421+03	248	Заявка Ринат	3		18	230
2379	2022-04-25 12:26:19.273859+03	247	Заявка SOPHIA-SAIDA 	3		18	230
2380	2022-04-25 12:26:19.276452+03	246	Заявка Мадина	3		18	230
2381	2022-04-25 12:26:19.279011+03	244	Заявка maryana	3		18	230
2382	2022-04-25 12:26:19.281685+03	243	Заявка Азина	3		18	230
2383	2022-04-25 12:26:19.28476+03	241	Заявка Даша 	3		18	230
2384	2022-04-25 12:26:19.287451+03	240	Заявка Кульжиян Салимовна	3		18	230
2385	2022-04-25 12:26:19.290128+03	239	Заявка Валентина	3		18	230
2386	2022-04-25 12:26:19.292591+03	227	Заявка Маржан	3		18	230
2387	2022-04-25 12:26:19.295374+03	224	Заявка Жанар	3		18	230
2388	2022-04-25 12:26:19.298202+03	223	Заявка Аяна	3		18	230
2389	2022-04-25 12:26:19.301205+03	218	Заявка Ирина	3		18	230
2390	2022-04-25 12:26:19.303697+03	217	Заявка Мольдир	3		18	230
2391	2022-04-25 12:26:19.306202+03	216	Заявка Екатерина	3		18	230
2392	2022-04-25 12:26:19.308727+03	215	Заявка Тогжан	3		18	230
2393	2022-04-25 12:26:19.311186+03	213	Заявка Svetlana	3		18	230
2394	2022-04-25 12:26:19.313645+03	212	Заявка Мадина	3		18	230
2395	2022-04-25 12:26:19.316739+03	211	Заявка Кара	3		18	230
2396	2022-04-25 12:26:19.319317+03	210	Заявка Айгерим	3		18	230
2397	2022-04-25 12:26:19.321823+03	209	Заявка Айгерим	3		18	230
2398	2022-04-25 12:26:19.324485+03	208	Заявка Айгерим	3		18	230
2399	2022-04-25 12:26:19.327318+03	207	Заявка Aigerim	3		18	230
2400	2022-04-25 12:26:19.330188+03	206	Заявка Aigerim	3		18	230
2401	2022-04-25 12:26:19.333232+03	205	Заявка Абылай	3		18	230
2402	2022-04-25 12:26:19.336004+03	204	Заявка Сати	3		18	230
2403	2022-04-25 12:26:19.338727+03	203	Заявка Айгерим Жарылгасова	3		18	230
2404	2022-04-25 12:26:19.341454+03	202	Заявка Ботагоз Какашевна	3		18	230
2405	2022-04-25 12:26:19.344078+03	201	Заявка Инара	3		18	230
2406	2022-04-25 12:26:19.346843+03	200	Заявка Аяла Баймуханова	3		18	230
2407	2022-04-25 12:26:19.349841+03	197	Заявка Айгуль	3		18	230
2408	2022-04-25 12:26:19.352474+03	196	Заявка Косай	3		18	230
2409	2022-04-25 12:26:19.355137+03	195	Заявка Kossay Nassipolla	3		18	230
2410	2022-04-25 12:26:19.357751+03	194	Заявка Анастасия 	3		18	230
2411	2022-04-25 12:26:19.360371+03	193	Заявка Аида	3		18	230
2412	2022-04-25 12:26:19.363425+03	192	Заявка Aigerim Abisheva	3		18	230
2413	2022-04-25 12:26:19.366393+03	191	Заявка Айтолкын	3		18	230
2414	2022-04-25 12:26:19.368997+03	190	Заявка Асем 	3		18	230
2415	2022-04-25 12:26:19.371613+03	188	Заявка Айзат 	3		18	230
2416	2022-04-25 12:26:19.374113+03	187	Заявка Айзат 	3		18	230
2417	2022-04-25 12:26:19.37721+03	186	Заявка Абдильдина Раушан	3		18	230
2418	2022-04-25 12:26:19.37987+03	185	Заявка МҰРАТЖАН	3		18	230
2419	2022-04-25 12:26:19.38269+03	183	Заявка Алмагуль	3		18	230
2420	2022-04-25 12:26:19.385677+03	182	Заявка Алмагуль	3		18	230
2421	2022-04-25 12:26:19.388444+03	180	Заявка Анна	3		18	230
2422	2022-04-25 12:26:19.391208+03	179	Заявка Фатима	3		18	230
2423	2022-04-25 12:26:19.393765+03	178	Заявка Gani	3		18	230
2424	2022-04-25 12:26:19.396413+03	177	Заявка Нургуль	3		18	230
2425	2022-04-25 12:26:19.399613+03	154	Заявка Аяулым	3		18	230
2426	2022-04-25 12:26:19.402375+03	150	Заявка Гульнара	3		18	230
2427	2022-04-25 12:26:19.405057+03	105	Заявка Акбота	3		18	230
2428	2022-04-25 12:26:19.407614+03	104	Заявка Шолпан Айсакова	3		18	230
2429	2022-04-25 12:26:19.410177+03	101	Заявка Гульнар	3		18	230
2430	2022-04-25 12:26:19.412866+03	97	Заявка Андрей	3		18	230
2431	2022-04-25 12:26:19.415834+03	88	Заявка Вероника	3		18	230
2432	2022-04-25 12:26:19.418491+03	67	Заявка Султан	3		18	230
2433	2022-04-25 13:33:01.757094+03	1	Стандартный сет	3		37	230
2434	2022-04-25 13:34:04.737892+03	2	Стандартный сет	1	[{"added": {}}]	37	230
2435	2022-04-25 14:43:55.430858+03	336	111111111111	1	[{"added": {}}]	9	230
2436	2022-04-26 12:42:24.487536+03	336	111111111111	2	[]	9	230
2437	2022-04-26 12:53:04.559847+03	337	2222222222	1	[{"added": {}}]	9	230
2438	2022-04-26 13:30:04.74707+03	337	2222222222	3		9	230
2439	2022-04-26 13:30:04.751392+03	336	111111111111	3		9	230
2440	2022-04-26 21:55:28.366051+03	742	Заявка Atkisai	3		18	230
2441	2022-04-26 21:55:28.374328+03	741	Заявка Atkisai	3		18	230
2442	2022-04-27 00:44:12.026264+03	748	Заявка Atkisai	3		18	230
2443	2022-04-27 00:44:12.03456+03	747	Заявка Atkisai	3		18	230
2444	2022-04-27 00:44:12.036892+03	746	Заявка Atkisai	3		18	230
2445	2022-04-27 00:44:12.03945+03	745	Заявка Atkisai	3		18	230
2446	2022-04-27 00:44:12.042046+03	744	Заявка Atkisai	3		18	230
2447	2022-04-27 00:44:12.04459+03	743	Заявка Atkisai	3		18	230
2448	2022-04-27 00:44:12.047797+03	740	Заявка Atkisai	3		18	230
2449	2022-04-27 00:46:43.754683+03	749	Заявка Atkisai	3		18	230
2450	2022-04-27 11:44:27.561521+03	750	Заявка Atkisai	3		18	230
2451	2022-05-29 09:14:45.177238+03	328	Букет "Ароматный сад"	2	[{"deleted": {"name": "\\u041a\\u0430\\u0440\\u0442\\u0438\\u043d\\u044b", "object": "\\u041a\\u0430\\u0440\\u0442\\u0438\\u043d\\u0430 \\u0411\\u0443\\u043a\\u0435\\u0442 \\"\\u0410\\u0440\\u043e\\u043c\\u0430\\u0442\\u043d\\u044b\\u0439 \\u0441\\u0430\\u0434\\""}}, {"deleted": {"name": "\\u041a\\u0430\\u0440\\u0442\\u0438\\u043d\\u044b", "object": "\\u041a\\u0430\\u0440\\u0442\\u0438\\u043d\\u0430 \\u0411\\u0443\\u043a\\u0435\\u0442 \\"\\u0410\\u0440\\u043e\\u043c\\u0430\\u0442\\u043d\\u044b\\u0439 \\u0441\\u0430\\u0434\\""}}, {"deleted": {"name": "\\u041a\\u0430\\u0440\\u0442\\u0438\\u043d\\u044b", "object": "\\u041a\\u0430\\u0440\\u0442\\u0438\\u043d\\u0430 \\u0411\\u0443\\u043a\\u0435\\u0442 \\"\\u0410\\u0440\\u043e\\u043c\\u0430\\u0442\\u043d\\u044b\\u0439 \\u0441\\u0430\\u0434\\""}}]	9	230
2452	2022-06-08 12:06:03.416404+03	348	33333333333	3		9	230
2453	2022-06-08 12:06:03.428052+03	347	222222222	3		9	230
2454	2022-06-08 12:06:03.430624+03	346	11111111	3		9	230
2455	2022-06-08 16:37:01.331231+03	350	444444	3		9	230
2456	2022-06-08 16:37:01.337395+03	349	777777777777777777	3		9	230
2457	2022-06-08 17:09:19.64994+03	362	1111111	3		9	230
2458	2022-06-08 17:09:19.655327+03	361	1111111	3		9	230
2459	2022-06-08 17:09:19.65771+03	360	1111111	3		9	230
2460	2022-06-08 17:09:19.660618+03	359	1111111	3		9	230
2461	2022-06-08 17:09:19.664043+03	358	1111111	3		9	230
2462	2022-06-08 17:09:19.667081+03	357	1111111	3		9	230
2463	2022-06-08 17:09:19.669673+03	356	1111111	3		9	230
2464	2022-06-08 17:09:19.671963+03	355	1111111	3		9	230
2465	2022-06-08 17:09:19.675894+03	354	1111111	3		9	230
2466	2022-06-08 17:09:19.67875+03	353	1111111	3		9	230
2467	2022-06-08 17:09:19.681527+03	352	1111111	3		9	230
2470	2022-10-01 13:58:23.42419+03	230	atkisai	2	[{"changed": {"fields": ["First name", "Email address"]}}]	4	230
2471	2022-10-01 13:58:53.63756+03	213	atkisai Админ	2	[]	14	230
2472	2022-10-01 14:06:34.94843+03	248	hromix	2	[{"changed": {"fields": ["Email address"]}}]	4	230
\.


--
-- Data for Name: django_content_type; Type: TABLE DATA; Schema: public; Owner: mysite_user
--

COPY public.django_content_type (id, app_label, model) FROM stdin;
1	admin	logentry
2	auth	permission
3	auth	group
4	auth	user
5	contenttypes	contenttype
6	sessions	session
7	mainapp	category
8	mainapp	povods
9	mainapp	flowers
10	mainapp	flowerimages
11	mainapp	counts_flowers
12	mainapp	extraproducts
13	mainapp	cartextra
14	mainapp	users
15	cart	cart
16	cart	item
17	orders	fasrorder
18	orders	order
19	orders	orderextra
20	orders	order_items
21	sites	site
22	mainapp	cart
23	mainapp	cartproduct
24	logs	logs
25	orders	orderkurierimage
26	orders	orderflowerimage
27	contacts	contacts
28	mainapp	textdescription
29	mainapp	textname
30	mainapp	city
31	mainapp	textcontent
32	mainapp	delivery
33	franshiza	order
34	mainapp	filial
35	franchise	order
36	orders	fastorder
37	mainapp	setsextraproducts
38	orders	order_items_extra_items
\.


--
-- Data for Name: django_migrations; Type: TABLE DATA; Schema: public; Owner: mysite_user
--

COPY public.django_migrations (id, app, name, applied) FROM stdin;
1	contenttypes	0001_initial	2021-02-09 14:02:02.668084+03
2	auth	0001_initial	2021-02-09 14:02:02.746389+03
3	admin	0001_initial	2021-02-09 14:02:02.866148+03
4	admin	0002_logentry_remove_auto_add	2021-02-09 14:02:02.895349+03
5	admin	0003_logentry_add_action_flag_choices	2021-02-09 14:02:02.915296+03
6	contenttypes	0002_remove_content_type_name	2021-02-09 14:02:02.955662+03
7	auth	0002_alter_permission_name_max_length	2021-02-09 14:02:02.977381+03
8	auth	0003_alter_user_email_max_length	2021-02-09 14:02:02.999875+03
9	auth	0004_alter_user_username_opts	2021-02-09 14:02:03.017541+03
10	auth	0005_alter_user_last_login_null	2021-02-09 14:02:03.035726+03
11	auth	0006_require_contenttypes_0002	2021-02-09 14:02:03.039899+03
12	auth	0007_alter_validators_add_error_messages	2021-02-09 14:02:03.057356+03
13	auth	0008_alter_user_username_max_length	2021-02-09 14:02:03.081402+03
14	auth	0009_alter_user_last_name_max_length	2021-02-09 14:02:03.1023+03
15	auth	0010_alter_group_name_max_length	2021-02-09 14:02:03.125218+03
16	auth	0011_update_proxy_permissions	2021-02-09 14:02:03.138401+03
17	auth	0012_alter_user_first_name_max_length	2021-02-09 14:02:03.155405+03
18	cart	0001_initial	2021-02-09 14:02:03.196518+03
19	mainapp	0001_initial	2021-02-09 14:02:03.296413+03
20	mainapp	0002_auto_20210204_1059	2021-02-09 14:02:03.372002+03
21	mainapp	0003_auto_20210204_1112	2021-02-09 14:02:03.389979+03
22	mainapp	0004_flowers_comp	2021-02-09 14:02:03.403083+03
23	mainapp	0005_extraproducts	2021-02-09 14:02:03.413011+03
24	mainapp	0006_cartextra	2021-02-09 14:02:03.433807+03
25	mainapp	0007_auto_20210205_1045	2021-02-09 14:02:03.459104+03
26	mainapp	0008_extraproducts_picture	2021-02-09 14:02:03.473695+03
27	mainapp	0009_auto_20210205_1250	2021-02-09 14:02:03.487538+03
28	mainapp	0010_auto_20210208_1353	2021-02-09 14:02:03.510162+03
29	mainapp	0011_auto_20210208_1600	2021-02-09 14:02:03.526953+03
30	mainapp	0012_auto_20210208_1612	2021-02-09 14:02:03.551285+03
31	mainapp	0013_users	2021-02-09 14:02:03.577662+03
32	orders	0001_initial	2021-02-09 14:02:03.590127+03
33	orders	0002_auto_20210205_0554	2021-02-09 14:02:03.637993+03
34	orders	0003_order	2021-02-09 14:02:03.67107+03
35	orders	0004_auto_20210205_1250	2021-02-09 14:02:03.756895+03
36	orders	0005_remove_orderextra_cart	2021-02-09 14:02:03.812159+03
37	orders	0006_auto_20210205_2129	2021-02-09 14:02:03.845551+03
38	orders	0007_auto_20210208_1601	2021-02-09 14:02:03.89214+03
39	sessions	0001_initial	2021-02-09 14:02:03.905293+03
40	sites	0001_initial	2021-02-09 14:02:03.922869+03
41	sites	0002_alter_domain_unique	2021-02-09 14:02:03.938743+03
42	cart	0002_auto_20210211_1651	2021-02-23 12:40:08.162674+03
43	cart	0003_cart_session_key	2021-02-23 12:40:08.199334+03
44	mainapp	0014_auto_20210212_1636	2021-02-23 12:40:08.349454+03
45	mainapp	0015_auto_20210212_1637	2021-02-23 12:40:08.519694+03
46	mainapp	0016_auto_20210212_1639	2021-02-23 12:40:08.583366+03
47	mainapp	0017_auto_20210223_1531	2021-02-23 12:40:08.698829+03
48	orders	0008_auto_20210211_1242	2021-02-23 12:40:08.737007+03
49	orders	0009_auto_20210223_1531	2021-02-23 12:40:08.786537+03
50	orders	0010_auto_20210302_1556	2021-03-02 12:56:45.604556+03
51	orders	0011_auto_20210303_1216	2021-03-03 09:17:01.10544+03
52	logs	0001_initial	2021-03-04 15:11:23.077509+03
53	orders	0012_auto_20210305_1626	2021-03-05 13:26:36.464972+03
54	orders	0013_auto_20210331_1616	2021-03-31 13:18:11.653625+03
55	orders	0014_order_archiv	2021-04-09 15:37:56.33763+03
56	contacts	0001_initial	2021-05-24 15:23:21.527671+03
57	mainapp	0018_textdescription	2021-05-25 14:32:55.634364+03
58	mainapp	0019_textname	2021-05-25 14:54:44.597308+03
59	mainapp	0020_alter_textname_options	2021-05-25 14:55:09.641521+03
60	mainapp	0021_auto_20210615_0422	2021-06-15 01:22:23.822601+03
61	orders	0015_alter_order_comments	2021-06-15 01:30:26.548896+03
62	mainapp	0022_users_city	2021-06-15 02:03:15.000083+03
63	orders	0016_order_city	2021-06-16 21:09:58.450274+03
64	orders	0017_alter_order_city	2021-06-16 21:35:24.192112+03
65	orders	0018_fasrorder_city	2021-06-17 01:39:04.095999+03
66	mainapp	0023_auto_20211111_1749	2021-11-21 08:54:29.571245+03
67	mainapp	0024_auto_20211112_2135	2021-11-21 08:54:29.603219+03
68	mainapp	0025_auto_20211112_2137	2021-11-21 08:54:29.655369+03
69	mainapp	0026_auto_20211114_2059	2021-11-21 08:54:29.698104+03
70	mainapp	0027_city_url_name	2021-11-21 08:54:29.71099+03
71	mainapp	0028_auto_20211117_1208	2021-11-21 08:54:29.774193+03
72	mainapp	0029_auto_20211117_1215	2021-11-21 08:54:29.810024+03
73	mainapp	0030_textdescription_city	2021-11-21 08:54:29.845664+03
74	mainapp	0031_auto_20211117_1455	2021-11-21 08:54:29.912527+03
75	mainapp	0032_auto_20211117_1558	2021-11-21 08:54:29.999531+03
76	contacts	0002_auto_20211114_2059	2021-11-21 08:54:30.041413+03
77	contacts	0003_auto_20211114_2328	2021-11-21 08:54:30.185139+03
78	contacts	0004_auto_20211117_1202	2021-11-21 08:54:30.211607+03
79	contacts	0005_auto_20211117_1219	2021-11-21 08:54:30.285792+03
80	contacts	0006_contacts_phone	2021-11-21 08:54:30.2992+03
81	contacts	0007_contacts_iframe	2021-11-21 08:54:30.311676+03
82	contacts	0008_alter_contacts_iframe	2021-11-21 08:54:30.322363+03
83	contacts	0009_alter_contacts_city	2021-11-21 08:54:30.358288+03
84	contacts	0010_contacts_adress	2021-11-21 08:54:30.375503+03
85	contacts	0011_auto_20211117_2207	2021-11-21 08:54:30.39813+03
86	contacts	0012_auto_20211117_2213	2021-11-21 08:54:30.418487+03
87	franshiza	0001_initial	2021-11-21 08:54:30.430421+03
88	franshiza	0002_auto_20211121_0540	2021-11-21 08:54:30.445093+03
89	mainapp	0033_auto_20211117_1709	2021-11-21 08:54:30.564977+03
90	mainapp	0034_alter_textdescription_description	2021-11-21 08:54:30.607164+03
91	mainapp	0035_textcontent_description	2021-11-21 08:54:30.655528+03
92	mainapp	0036_remove_textdescription_description	2021-11-21 08:54:30.690231+03
93	mainapp	0037_auto_20211117_1720	2021-11-21 08:54:30.760766+03
94	mainapp	0038_auto_20211117_1755	2021-11-21 08:54:30.802388+03
95	mainapp	0039_auto_20211117_1850	2021-11-21 08:54:30.931866+03
96	mainapp	0040_auto_20211117_1900	2021-11-21 08:54:30.978057+03
97	mainapp	0041_delivery_price	2021-11-21 08:54:30.989724+03
98	mainapp	0042_alter_users_city	2021-11-21 08:54:31.024805+03
99	orders	0019_alter_fasrorder_city	2021-11-21 08:54:31.06199+03
100	mainapp	0043_filial	2021-12-03 17:16:17.38635+03
101	mainapp	0044_auto_20211127_2302	2021-12-03 17:16:17.481002+03
102	mainapp	0045_flowers_filial	2021-12-03 17:16:17.510902+03
103	mainapp	0046_auto_20211209_0002	2021-12-08 21:02:54.354141+03
104	orders	0020_auto_20211209_0124	2021-12-08 22:24:12.183353+03
105	franchise	0001_initial	2022-04-04 18:07:53.089039+03
106	mainapp	0002_users_name_users_phone	2022-04-15 10:58:10.210278+03
107	orders	0002_alter_order_paired_alter_order_time_and_more	2022-04-15 10:58:10.287719+03
108	mainapp	0003_users_email	2022-04-15 11:17:18.715712+03
109	mainapp	0004_alter_extraproducts_options_setsextraproducts	2022-04-25 11:38:18.836137+03
110	mainapp	0005_remove_cartextra_cart_in_remove_cartextra_extra_and_more	2022-04-25 11:49:58.666622+03
111	mainapp	0006_cart_cartproduct_cartextra	2022-04-25 12:21:13.159547+03
112	mainapp	0007_remove_cartextra_cart_in_remove_cartextra_extra_and_more	2022-04-25 12:27:25.966944+03
113	mainapp	0008_alter_setsextraproducts_extra	2022-04-25 13:11:00.387723+03
114	orders	0003_rename_quantity_order_items_amount_and_more	2022-04-25 13:11:00.466026+03
115	mainapp	0009_flowers_set	2022-04-25 13:27:39.750724+03
116	mainapp	0010_rename_set_flowers_set_dops	2022-04-25 14:42:32.019616+03
117	mainapp	0011_rename_set_dops_flowers_set	2022-04-26 13:32:36.430561+03
118	mainapp	0012_extraproducts_total	2022-04-26 16:34:02.599151+03
119	mainapp	0013_extraproducts_selected	2022-04-26 16:44:20.036737+03
120	mainapp	0014_extraproducts_col_alter_extraproducts_selected_and_more	2022-04-26 17:51:33.598313+03
121	mainapp	0015_flowers_col	2022-04-26 18:01:19.515199+03
122	mainapp	0016_flowers_total	2022-04-26 21:01:33.675676+03
123	orders	0004_alter_order_items_options_and_more	2022-04-30 21:58:47.144938+03
\.


--
-- Data for Name: django_session; Type: TABLE DATA; Schema: public; Owner: mysite_user
--

COPY public.django_session (session_key, session_data, expire_date) FROM stdin;
tipl8l308u91u8f25w5pibsgc9f2p1im	.eJxVjL0OgjAURt_lztr0trS0bP4sDi7GnVzai6CGJhQm47srCQvrd875PnA63O77yxkq3EFN89TVc-ax7iNUgLDZGgovHhYQnzQ8kghpmMa-EYsiVprFNUV-H1d3c9BR7v41sZXEUhZIurXOOIVe20DeRTJOSs3s2pZL7SQqW5IxqGPhlVfIobElfH-5SjnR:1l9Qpk:CmeFE_1rUEg9JxEWnbcuhu-m70XhG_9EMF9m6sZfLLY	2021-02-23 14:05:28.888894+03
qildd1rhgs1go28nm0mig3ddo1yzb54b	eyJDQVJULUlEIjoyfQ:1l9Qt4:u4J6X7fhzu7tYV5gfNNaZTGbXFkrdrKjSZOfbc2eX8U	2021-02-23 14:08:54.514707+03
k7yiehljpv7z7hpl7t3uajzrbhpmpw5j	eyJDQVJULUlEIjozfQ:1l9Qty:z4Wjgyqvx4dyDep_OfwtWC-NA2Bwkho7fmzV7SM8Ero	2021-02-23 14:09:50.093451+03
jd6ho3f3xg80jdv8mcnd2ao09zgumh3h	eyJDQVJULUlEIjo0fQ:1l9QxF:x2BMhP5DSxjvSWEiSGWJ7URjtNNMoLGg6D_jDv_yrhI	2021-02-23 14:13:13.378455+03
9c0c9vrv5v948suk32dy82egvv6ldtjg	eyJDQVJULUlEIjo1fQ:1l9Qz8:RCtv0wUZsdwCkC_Wn_oOlWXqu4aIfJkpkk286DUgFaw	2021-02-23 14:15:10.827906+03
dar8tauz2cuu95ald8dgmhfp3ttoqhfc	eyJDQVJULUlEIjo2fQ:1l9QzU:N9tDCLm1Pr6po6xuEDwmPBH2xtHQXkEtYjGiMZTK6pE	2021-02-23 14:15:32.977515+03
e8wsl3qxb4e11jf3tgdol2ga65jx5ntg	eyJDQVJULUlEIjo3fQ:1l9RIX:j7GlizZlNQZViAqDEJUEHR4YCtHHMiNvRA56qOHUv2Q	2021-02-23 14:35:13.856463+03
e49vomhvm1xcu9wf59ikff7xnpnt8zkx	eyJDQVJULUlEIjo4fQ:1l9SKV:2zVMR_uhwYsWZWpvO_zvINV_ObWbcI41kfQ_cIwMMBA	2021-02-23 15:41:19.454441+03
rr4liuk85kop5fnl63qzexasmrojuwu0	eyJDQVJULUlEIjo5fQ:1l9SND:qzqrIWDfcjaMp27wgbG1dVSjgT1K3BQbGqmQS_H9_24	2021-02-23 15:44:07.282608+03
vem9t90qv0wwtkgjjp4vi2431hhip1hk	.eJxVjMsOwiAQRf-FtSE8Cgwu3fsNZIBBqgaS0q6M_65NutDtPefcFwu4rTVsg5YwZ3Zmkp1-t4jpQW0H-Y7t1nnqbV3myHeFH3Twa8_0vBzu30HFUb81khVIQkwSdbFgQEmvbUIPGQ0IoYmgFHIahFTWoTFS58krrySlaB17fwDN-DcS:1lH2Gw:GENXZlEy9a2cag-5oZ0kPk4N2AZQYwRSWfxvUag14Sc	2021-03-16 13:28:58.30469+03
8h5j8pwu3a07isgtedk30ny8sg88i2ws	.eJxVjEEOwiAQRe_C2pCCzIAu3fcMZGBAqoYmpV0Z7y5NutDte-__t_C0rcVvLS1-YnEV2ojTLwwUn6nuhh9U77OMc12XKcg9kYdtcpw5vW5H-3dQqJW-PqNTyEFFl_jCCVzODDkPIYKxNg4YAyYyThtDukNAR8rqDF0QIojPFyeROKQ:1lIY7C:02oHRm631xPIzlK69Ql8O4Y0PuHMB-S8MnItv0u5MQM	2021-03-20 17:41:10.919191+03
t9rxpzftryh00e11gi1ycntdw3qcbox4	.eJxVjMsOwiAQRf-FtSEyvF267zeQYQCpGkhKuzL-uzbpQrf3nHNfLOC21rCNvIQ5sQvT7PS7RaRHbjtId2y3zqm3dZkj3xV-0MGnnvLzerh_BxVH_dZSOSRAAPDOChJkUJWSdXEKvZMoyFpSQniRELSMURmpI53RllQSGPb-ANvmN_k:1lFGEm:aSl93Qt_FkllTKYmyLdreTQd8PyEkoAzXPeV3LvyNes	2021-03-11 15:59:24.736417+03
4ensa7eimsmilvktj6d18obk5208u4a4	.eJxVjMsOwiAQRf-FtSE8Cgwu3fsNZIBBqgaS0q6M_65NutDtPefcFwu4rTVsg5YwZ3Zmkp1-t4jpQW0H-Y7t1nnqbV3myHeFH3Twa8_0vBzu30HFUb81khVIQkwSdbFgQEmvbUIPGQ0IoYmgFHIahFTWoTFS58krrySlaB17fwDN-DcS:1lHrqB:vZfTZPAzl7ZKOje7GbrHt5ow5ZlwKQhb5U1sikQcGMI	2021-03-18 20:32:47.796074+03
95bbyqmu69rsi6w0wkfosbg7snur72pd	.eJxVjMsOwiAQRf-FtSEgr8Gle7-BDANI1UBS2pXx322TLnR7zzn3zQKuSw3ryHOYErswzU6_W0R65raD9MB275x6W-Yp8l3hBx381lN-XQ_376DiqFtNPsezBPAiWhKlRAnKEYGVWMAJp7RBJQ2AIyNRWQ1SC4N5UxJ55djnC9cxN1E:1lFITr:xmUqXbMpQt1K3l6LVhlK2x686tt4TwqI2KHZx22YLVU	2021-03-11 18:23:07.234866+03
5kybshhcmokg9exfwgkp3l3x6v7yejwp	.eJxVjEEOwiAQAP_C2RCEBYpH730DWRaQqoGktCfj35WkB73OTObFPO5b8XtPq18iuzDJTr8sID1SHSLesd4ap1a3dQl8JPywnc8tpuf1aP8GBXsZW-UkOqMVZXsGC3JKRMpFnACBdLaZQH0bjUIYHYQzymowIlMAkDmy9wfDuTca:1lH7Ls:sPVag3Gq25eUv09u0EWsCnjbHwTr2GFLRiF_40uubuI	2021-03-16 18:54:24.567362+03
cpen3lvaq5cx1wqykakttae0mu5l24l9	.eJxVjMsOwiAQRf-FtSE8Cgwu3fsNZIBBqgaS0q6M_65NutDtPefcFwu4rTVsg5YwZ3Zmkp1-t4jpQW0H-Y7t1nnqbV3myHeFH3Twa8_0vBzu30HFUb81khVIQkwSdbFgQEmvbUIPGQ0IoYmgFHIahFTWoTFS58krrySlaB17fwDN-DcS:1lHpdd:CHs1m2EwfC4O5StO1om5fa92D1q8zUJxk3Dwrwr5TMw	2021-03-18 18:11:41.764943+03
3dg844a5yfpyesblto10td37cd884faj	.eJxVjMsOwiAQRf-FtSE8Cgwu3fsNZIBBqgaS0q6M_65NutDtPefcFwu4rTVsg5YwZ3Zmkp1-t4jpQW0H-Y7t1nnqbV3myHeFH3Twa8_0vBzu30HFUb81khVIQkwSdbFgQEmvbUIPGQ0IoYmgFHIahFTWoTFS58krrySlaB17fwDN-DcS:1lIXGC:o21jZGlYEuvcXVByY9ENWFGHUBDFT9sGqSrsl5MwtYY	2021-03-20 16:46:24.4361+03
zm4ceoeqajfn2xbwngtv213zew8glhjk	.eJxVjDsOwjAQRO_iGll4_cOU9DmDZe-ucQA5UpxUiLuTSCmgmGbem3mLmNalxrXzHEcSV6GMOP2WOeGT207okdp9kji1ZR6z3BV50C6Hifh1O9y_g5p63daWXDbOMEEA1t6rYLIJDh0XS3qL19ZZzOpcAIpi1ug8BPQWLhAoic8X_Gc3wA:1lHe3E:G_ID-PuXRSLH0fGx5rA0e-iSEFO2W3xYVWv7fGJZnAw	2021-03-18 05:49:20.209268+03
qzz9llfnstvcvq0csjnqwt34bdtddp2h	.eJxVjMsOwiAQRf-FtSEQysule7-BDDODVA0kpV0Z_12bdKHbe865L5FgW2vaBi9pJnEWWovT75gBH9x2Qndoty6xt3WZs9wVedAhr534eTncv4MKo37rqShbnHecYSqWAzEZgOBYgdHBKhe8mUoAAo3RExrlLZtoFGePiFG8PxwTOJ8:1lHi3C:4nk41GZ7kyU8pwATlCPselHSeN05t3a-v3fs_gR70dM	2021-03-18 10:05:34.665229+03
3taoescpx4ttkmtymcuox28dj8iwgvf3	.eJxVjMsOwiAQRf-FtSE8Cgwu3fsNZIBBqgaS0q6M_65NutDtPefcFwu4rTVsg5YwZ3Zmkp1-t4jpQW0H-Y7t1nnqbV3myHeFH3Twa8_0vBzu30HFUb81khVIQkwSdbFgQEmvbUIPGQ0IoYmgFHIahFTWoTFS58krrySlaB17fwDN-DcS:1lHRJ9:08IAD0WJ5J3MPK4RL-HVAk_sadxXD73Eaf3v693OnLM	2021-03-17 16:12:55.063252+03
6m2qbtpmj3nx3ib0ovopmq1533r0kab2	.eJxVjEEOwiAQRe_C2pC2MCO4dN8zkIEZbNVAUtqV8e7apAvd_vfef6lA2zqFrckSZlYXher0u0VKDyk74DuVW9WplnWZo94VfdCmx8ryvB7u38FEbfrWPjmkLvN5IAM0cJZoGRkkAmDnDQ3eWCdgPfc5ZuRevPXoACFZNEa9P_cTN8M:1lFwm6:Mlm2F-GAg9y2fLYl9lo4Q0VuEbjFG90FnvlbVhpPyx4	2021-03-13 13:24:38.971877+03
bvchj0iaw98fl8vufet2hlgsfbgh6y8z	.eJxVjMsOwiAQRf-FtSEgr8Gle7-BDANI1UBS2pXx322TLnR7zzn3zQKuSw3ryHOYErswzU6_W0R65raD9MB275x6W-Yp8l3hBx381lN-XQ_376DiqFtNPsezBPAiWhKlRAnKEYGVWMAJp7RBJQ2AIyNRWQ1SC4N5UxJ55djnC9cxN1E:1lI45j:gwIlC0db1QfvRllKj3UhCG8Si2nA02XjXqcTtgZfeHQ	2021-03-19 09:37:39.220556+03
7m7umzxgrk27u4n2jrx9s1dootb88wn3	.eJxVjMsOwiAQRf-FtSEgr8Gle7-BDANI1UBS2pXx322TLnR7zzn3zQKuSw3ryHOYErswzU6_W0R65raD9MB275x6W-Yp8l3hBx381lN-XQ_376DiqFtNPsezBPAiWhKlRAnKEYGVWMAJp7RBJQ2AIyNRWQ1SC4N5UxJ55djnC9cxN1E:1lI23L:OmAqvZeTeepSCL6ziZVZ1cSd3GLLG-qQg0NXG-3miRU	2021-03-19 07:27:03.464268+03
2x75u9nuf7pqvnvsmi2v1ipp7e30mwwy	.eJxVjMsOwiAQRf-FtSE8Cgwu3fsNZIBBqgaS0q6M_65NutDtPefcFwu4rTVsg5YwZ3Zmkp1-t4jpQW0H-Y7t1nnqbV3myHeFH3Twa8_0vBzu30HFUb81khVIQkwSdbFgQEmvbUIPGQ0IoYmgFHIahFTWoTFS58krrySlaB17fwDN-DcS:1lHNLe:MGZl4ZQaI9LMBYVvN8HwSrmbdiDV8-2vvh28Bae6uE8	2021-03-17 11:59:14.095012+03
0wetrl0dj1chluyaj6gsv182elzjokca	.eJxVjMsOwiAQRf-FtSE8Cgwu3fsNZIBBqgaS0q6M_65NutDtPefcFwu4rTVsg5YwZ3Zmkp1-t4jpQW0H-Y7t1nnqbV3myHeFH3Twa8_0vBzu30HFUb81khVIQkwSdbFgQEmvbUIPGQ0IoYmgFHIahFTWoTFS58krrySlaB17fwDN-DcS:1lFzZf:FRamxyys0cn6VV4oxD7pI3qy8PtVaO_MqU78ljBgfDo	2021-03-13 16:23:59.832715+03
nu0lyq8pg21u6kdcur02a5359rchnbyb	.eJxVjMsOwiAQRf-FtSE8Cgwu3fsNZIBBqgaS0q6M_65NutDtPefcFwu4rTVsg5YwZ3Zmkp1-t4jpQW0H-Y7t1nnqbV3myHeFH3Twa8_0vBzu30HFUb81khVIQkwSdbFgQEmvbUIPGQ0IoYmgFHIahFTWoTFS58krrySlaB17fwDN-DcS:1lEWkH:KrUD34Ja2250KDZ2D5xLRcLfW9I1Hw6wuTCN_qYfZNs	2021-03-09 15:24:53.858394+03
npaotl05jsg3d42q4y1xi3bdhjcbwpdx	.eJxVjMsOwiAQRf-FtSE8Cgwu3fsNZIBBqgaS0q6M_65NutDtPefcFwu4rTVsg5YwZ3Zmkp1-t4jpQW0H-Y7t1nnqbV3myHeFH3Twa8_0vBzu30HFUb81khVIQkwSdbFgQEmvbUIPGQ0IoYmgFHIahFTWoTFS58krrySlaB17fwDN-DcS:1lFATK:YZzF-8vTNw3uUgeOMB-DXo-cP3zG_d2B4s6BGqVSb3Y	2021-03-11 09:50:02.132987+03
32luui3tw8pzx6l8jd1wnpai6uk6m2ux	.eJxVjEEOwiAQAP_C2RCEBYpH730DWRaQqoGktCfj35WkB73OTObFPO5b8XtPq18iuzDJTr8sID1SHSLesd4ap1a3dQl8JPywnc8tpuf1aP8GBXsZW-UkOqMVZXsGC3JKRMpFnACBdLaZQH0bjUIYHYQzymowIlMAkDmy9wfDuTca:1lH2FB:6QufXtgdfkldmiVg1Wi8ZGGXx30W25ELxAJ5mrz8jmw	2021-03-16 13:27:09.148813+03
8jmmd561gaxho128rg2fjw1qcrjsep9b	.eJxVjMsOwiAQRf-FtSE8Cgwu3fsNZIBBqgaS0q6M_65NutDtPefcFwu4rTVsg5YwZ3Zmkp1-t4jpQW0H-Y7t1nnqbV3myHeFH3Twa8_0vBzu30HFUb81khVIQkwSdbFgQEmvbUIPGQ0IoYmgFHIahFTWoTFS58krrySlaB17fwDN-DcS:1lHhSu:vMWlKKe5kxS47rDBdljkORNKea6DyILfoXv9Q_KHyoU	2021-03-18 09:28:04.810467+03
ur54iu6xlbeyezztp25o606mpckd85go	.eJxVjMsOwiAQRf-FtSEgr8Gle7-BDANI1UBS2pXx322TLnR7zzn3zQKuSw3ryHOYErswzU6_W0R65raD9MB275x6W-Yp8l3hBx381lN-XQ_376DiqFtNPsezBPAiWhKlRAnKEYGVWMAJp7RBJQ2AIyNRWQ1SC4N5UxJ55djnC9cxN1E:1lI8vF:bZnzTfu-J1tnafLYn6jOJ8atD_OV4IR0C6RghARhIJs	2021-03-19 14:47:09.15737+03
ocdyvmrj7qd9y9ilx7dx6boqwkkdkx0v	eyJjaXR5X2lkIjoyM30:1miD4Z:VepH40LFQPQQir9zyAUPVMImtYBvNON4hahMM8TDfww	2021-11-17 13:00:47.890227+03
9hoskw5ud4o7cp8n7ufuzbs8gpgayo68	.eJxVjMsOwiAQRf-FtSEgr8Gle7-BDANI1UBS2pXx322TLnR7zzn3zQKuSw3ryHOYErswzU6_W0R65raD9MB275x6W-Yp8l3hBx381lN-XQ_376DiqFtNPsezBPAiWhKlRAnKEYGVWMAJp7RBJQ2AIyNRWQ1SC4N5UxJ55djnC9cxN1E:1lHrqe:x18cU8De7NsKoFKgotSyrw_gOvx-69smBp07VSJ_ogw	2021-03-18 20:33:16.148766+03
awusv814fg4pmp3ihsxq5w98li786chz	.eJxVjMsOwiAQRf-FtSEgr8Gle7-BDANI1UBS2pXx322TLnR7zzn3zQKuSw3ryHOYErswzU6_W0R65raD9MB275x6W-Yp8l3hBx381lN-XQ_376DiqFtNPsezBPAiWhKlRAnKEYGVWMAJp7RBJQ2AIyNRWQ1SC4N5UxJ55djnC9cxN1E:1lIsNM:Hf8JkhZ7urflKImFsPaqJK1USF1iqH-jtaliwsI5Jkc	2021-03-21 15:19:12.12534+03
ixxtszfbk0l4x0jon3g9vridf61rcto6	.eJxVjMsOwiAQRf-FtSEgr8Gle7-BDANI1UBS2pXx322TLnR7zzn3zQKuSw3ryHOYErswzU6_W0R65raD9MB275x6W-Yp8l3hBx381lN-XQ_376DiqFtNPsezBPAiWhKlRAnKEYGVWMAJp7RBJQ2AIyNRWQ1SC4N5UxJ55djnC9cxN1E:1lIY62:U687Vso3lf-aAaEeh3nKy0yh8IPk0NTaSOGibKK4eyE	2021-03-20 17:39:58.189645+03
kucen0ldpx1eocpoi0yb2k5pef3g708m	.eJxVjMsOwiAQRf-FtSEgr8Gle7-BDANI1UBS2pXx322TLnR7zzn3zQKuSw3ryHOYErswzU6_W0R65raD9MB275x6W-Yp8l3hBx381lN-XQ_376DiqFtNPsezBPAiWhKlRAnKEYGVWMAJp7RBJQ2AIyNRWQ1SC4N5UxJ55djnC9cxN1E:1lItFl:8LbuSZEgpFDzy3o-qr49Dy6cDXdzjIBRAmE7oDHXOrM	2021-03-21 16:15:25.943289+03
oe2cnjdls3i8n652l6cfc9j7w4h6xbsn	.eJxVjMsOwiAQRf-FtSE8Cgwu3fsNZIBBqgaS0q6M_65NutDtPefcFwu4rTVsg5YwZ3Zmkp1-t4jpQW0H-Y7t1nnqbV3myHeFH3Twa8_0vBzu30HFUb81khVIQkwSdbFgQEmvbUIPGQ0IoYmgFHIahFTWoTFS58krrySlaB17fwDN-DcS:1lIl7w:OyBwYyBMyqWZomJgrki2KoOB5-PMaqvO4OWbJPh54tw	2021-03-21 07:34:48.596133+03
bdpi9qc46hl61ii6wlglf23w9so8uoqt	.eJxVjMsOwiAQRf-FtSE8Cgwu3fsNZIBBqgaS0q6M_65NutDtPefcFwu4rTVsg5YwZ3Zmkp1-t4jpQW0H-Y7t1nnqbV3myHeFH3Twa8_0vBzu30HFUb81khVIQkwSdbFgQEmvbUIPGQ0IoYmgFHIahFTWoTFS58krrySlaB17fwDN-DcS:1lMkZz:WSdOANiVDSdJMiQWjepYFKIUGgPm6Bc99txGQtu35XE	2021-04-01 07:48:15.477021+03
wy6yhvgvmetedwb0emu17p3kxqqcp5ks	.eJxVjMsOwiAQRf-FtSEgr8Gle7-BDANI1UBS2pXx322TLnR7zzn3zQKuSw3ryHOYErswzU6_W0R65raD9MB275x6W-Yp8l3hBx381lN-XQ_376DiqFtNPsezBPAiWhKlRAnKEYGVWMAJp7RBJQ2AIyNRWQ1SC4N5UxJ55djnC9cxN1E:1lIU1Q:ooxQbZRHqlX5UcndbMHck224MRRmVBOS_QqkSLbhzxI	2021-03-20 13:18:56.358774+03
7c3r8l70abl9juyhw6zxrvmmlxa4oatk	.eJxVjMsOwiAQRf-FtSE8Cgwu3fsNZIBBqgaS0q6M_65NutDtPefcFwu4rTVsg5YwZ3Zmkp1-t4jpQW0H-Y7t1nnqbV3myHeFH3Twa8_0vBzu30HFUb81khVIQkwSdbFgQEmvbUIPGQ0IoYmgFHIahFTWoTFS58krrySlaB17fwDN-DcS:1lIbyk:wvJowAGh8WrTQfOS82lgKCxjdTdZgK8mdT8cL7lPjIE	2021-03-20 21:48:42.49619+03
bkxa2mj9q197c5wt0ll1fqq27o588qk4	.eJxVjMsOwiAQRf-FtSE8Cgwu3fsNZIBBqgaS0q6M_65NutDtPefcFwu4rTVsg5YwZ3Zmkp1-t4jpQW0H-Y7t1nnqbV3myHeFH3Twa8_0vBzu30HFUb81khVIQkwSdbFgQEmvbUIPGQ0IoYmgFHIahFTWoTFS58krrySlaB17fwDN-DcS:1lIOzk:7hm70ILvlZyyVMdzvOwJHiLp38l2gM_t__wDX3NmZj8	2021-03-20 07:56:52.930723+03
ol8ywjkv333iwh79gl1hgaq8zqqw9gua	.eJxVjMsOwiAQRf-FtSE8Cgwu3fsNZIBBqgaS0q6M_65NutDtPefcFwu4rTVsg5YwZ3Zmkp1-t4jpQW0H-Y7t1nnqbV3myHeFH3Twa8_0vBzu30HFUb81khVIQkwSdbFgQEmvbUIPGQ0IoYmgFHIahFTWoTFS58krrySlaB17fwDN-DcS:1lHrHh:fHrAShjI09hplx4pHXCrDeRQ772vbSY1POOudCj-xac	2021-03-18 19:57:09.108253+03
c6a2aeqogumtkvd7e0kqqk62vpainvjx	.eJxVjMsOwiAQRf-FtSE8Cgwu3fsNZIBBqgaS0q6M_65NutDtPefcFwu4rTVsg5YwZ3Zmkp1-t4jpQW0H-Y7t1nnqbV3myHeFH3Twa8_0vBzu30HFUb81khVIQkwSdbFgQEmvbUIPGQ0IoYmgFHIahFTWoTFS58krrySlaB17fwDN-DcS:1lHoDL:y-f80aLRqRzQkB8SNIv6jOMvJGucYcSCWXLcx5-4r3U	2021-03-18 16:40:27.529645+03
68bidkp7fi2ik9udsrky2lwn8zwdnlcs	.eJxVjMEOwiAQRP-FsyEsCxY8evcbCAtbqRqalPZk_HdL0oOeZjJvZt4ixG0tYWu8hCmLi9AoTr8hxfTk2kl-xHqfZZrrukwke0UetMnbnPl1Pbp_ByW20tcKgdwwRk2acITzQOSRokJk62AXCymBZoegtPE2cTYGzO4gKY_i8wX1mjbx:1lIRxd:_LaKeeOK3UZEkohi4VgKvO3HmJ28ZYI7IB7Db7PAZz0	2021-03-20 11:06:53.850254+03
1b5mkbehfapn4qrpnnaih9x0myob5u3e	.eJxVjMsOwiAQRf-FtSE8Cgwu3fsNZIBBqgaS0q6M_65NutDtPefcFwu4rTVsg5YwZ3Zmkp1-t4jpQW0H-Y7t1nnqbV3myHeFH3Twa8_0vBzu30HFUb81khVIQkwSdbFgQEmvbUIPGQ0IoYmgFHIahFTWoTFS58krrySlaB17fwDN-DcS:1lIS0Y:uhnvzX8IeUpoq29RimCyEK8wtwDlcCIupOtXBDi-psQ	2021-03-20 11:09:54.85555+03
cdhw7m6w6tfaenk8rm0ox7whf0hx1hgt	.eJxVjMsOwiAQRf-FtSE8Cgwu3fsNZIBBqgaS0q6M_65NutDtPefcFwu4rTVsg5YwZ3Zmkp1-t4jpQW0H-Y7t1nnqbV3myHeFH3Twa8_0vBzu30HFUb81khVIQkwSdbFgQEmvbUIPGQ0IoYmgFHIahFTWoTFS58krrySlaB17fwDN-DcS:1lIXuZ:JbCbTF1CL9RuWWCx0mgwXFQ2xjtKXqw8JQa1amLwlXI	2021-03-20 17:28:07.758047+03
rdo4u5gyq4rv1d8ozcxcsfujs918ndaq	.eJxVjMsOwiAQRf-FtSE8Cgwu3fsNZIBBqgaS0q6M_65NutDtPefcFwu4rTVsg5YwZ3Zmkp1-t4jpQW0H-Y7t1nnqbV3myHeFH3Twa8_0vBzu30HFUb81khVIQkwSdbFgQEmvbUIPGQ0IoYmgFHIahFTWoTFS58krrySlaB17fwDN-DcS:1lIaRa:QC95exPFLwnfh35sZedXCJzzK678KyH-phGJ9NkgXeQ	2021-03-20 20:10:22.68216+03
z6xxdwmnmrr1dabk6i7ckwet4dxo7k6s	.eJxVjMsOwiAQRf-FtSE8Cgwu3fsNZIBBqgaS0q6M_65NutDtPefcFwu4rTVsg5YwZ3Zmkp1-t4jpQW0H-Y7t1nnqbV3myHeFH3Twa8_0vBzu30HFUb81khVIQkwSdbFgQEmvbUIPGQ0IoYmgFHIahFTWoTFS58krrySlaB17fwDN-DcS:1lIn04:8g11Fjmvugh2959RuS4LCNl-EX2NqrDVa8PaXl_vUjw	2021-03-21 09:34:48.198836+03
0w71shpqo3ip9g00uuvq4svqy9065dwq	.eJxVjMsOwiAQRf-FtSE8Bsq4dN9vIAOMUjU0Ke3K-O_apAvd3nPOfYlI21rj1nmJUxFnYYw4_Y6J8oPbTsqd2m2WeW7rMiW5K_KgXY5z4eflcP8OKvX6rQOiR7Y6saehMHEOgdCpKzjQFrQLylkHhlkPIWPJDFYVZOO9ZTBJvD_6GzeN:1lIR5w:Q1dpdafHz4q-byTqNLg5YcXCfNkpZnuTUk53PEEOp-M	2021-03-20 10:11:24.775437+03
j7mo6fomx6x6kzuvpwv84tzvnrvaim4h	.eJxVjMsOwiAQRf-FtSE8Cgwu3fsNZIBBqgaS0q6M_65NutDtPefcFwu4rTVsg5YwZ3Zmkp1-t4jpQW0H-Y7t1nnqbV3myHeFH3Twa8_0vBzu30HFUb81khVIQkwSdbFgQEmvbUIPGQ0IoYmgFHIahFTWoTFS58krrySlaB17fwDN-DcS:1lIedw:eFCctDURmboZtq07rVwXVdGD5Xovv_DOezIlxCZ4LAI	2021-03-21 00:39:24.594255+03
33aqhg62tijwj05sq5ww623hhl90y3ds	.eJxVjMsOwiAQRf-FtSEgr8Gle7-BDANI1UBS2pXx322TLnR7zzn3zQKuSw3ryHOYErswzU6_W0R65raD9MB275x6W-Yp8l3hBx381lN-XQ_376DiqFtNPsezBPAiWhKlRAnKEYGVWMAJp7RBJQ2AIyNRWQ1SC4N5UxJ55djnC9cxN1E:1lIQ2m:1WbBYgCY_MKfgCq2DPG2jwX4hPNESy1F_nbCJqtioOw	2021-03-20 09:04:04.214889+03
v839q0jry53s28helk0c4v2n99bl5wzl	.eJxVjMsOwiAQRf-FtSEgr8Gle7-BDANI1UBS2pXx322TLnR7zzn3zQKuSw3ryHOYErswzU6_W0R65raD9MB275x6W-Yp8l3hBx381lN-XQ_376DiqFtNPsezBPAiWhKlRAnKEYGVWMAJp7RBJQ2AIyNRWQ1SC4N5UxJ55djnC9cxN1E:1lIRpx:DU3tarqGFdxLnJcYhmTihhtpcHTW4KSPptH7AktiJs8	2021-03-20 10:58:57.819946+03
6kflwla6i2l2d0q9jc1pjg0z1gwfuv4s	.eJxVjMsOwiAQRf-FtSEgr8Gle7-BDANI1UBS2pXx322TLnR7zzn3zQKuSw3ryHOYErswzU6_W0R65raD9MB275x6W-Yp8l3hBx381lN-XQ_376DiqFtNPsezBPAiWhKlRAnKEYGVWMAJp7RBJQ2AIyNRWQ1SC4N5UxJ55djnC9cxN1E:1lIWNe:U8-noDhPfNA8_vyvFDt84hWnYBs1zcHFhl_ng1-SBYk	2021-03-20 15:50:02.191028+03
bciw0tpg45czjlp11429c1tyrj1zyemv	.eJxVjMsOwiAQRf-FtSE8Cgwu3fsNZIBBqgaS0q6M_65NutDtPefcFwu4rTVsg5YwZ3Zmkp1-t4jpQW0H-Y7t1nnqbV3myHeFH3Twa8_0vBzu30HFUb81khVIQkwSdbFgQEmvbUIPGQ0IoYmgFHIahFTWoTFS58krrySlaB17fwDN-DcS:1lIq1q:bNaMjsMOe3FcQ8O6vOYwbGJLPzz2jia_pd5oisbkgUk	2021-03-21 12:48:50.449232+03
j4mfqp95vawrpeczo8l6inxx8abd4vpc	.eJxVjMsOwiAQRf-FtSE8Cgwu3fsNZIBBqgaS0q6M_65NutDtPefcFwu4rTVsg5YwZ3Zmkp1-t4jpQW0H-Y7t1nnqbV3myHeFH3Twa8_0vBzu30HFUb81khVIQkwSdbFgQEmvbUIPGQ0IoYmgFHIahFTWoTFS58krrySlaB17fwDN-DcS:1lJ6El:BodghGdbFpAe0VAhG5zkHrsAFQl3lm-uu6eM_9FlG5g	2021-03-22 06:07:15.697481+03
15tw9ynajqrpiwuzzerv21xmw3lqkadg	.eJxVjMsOwiAQRf-FtSE8Cgwu3fsNZIBBqgaS0q6M_65NutDtPefcFwu4rTVsg5YwZ3Zmkp1-t4jpQW0H-Y7t1nnqbV3myHeFH3Twa8_0vBzu30HFUb81khVIQkwSdbFgQEmvbUIPGQ0IoYmgFHIahFTWoTFS58krrySlaB17fwDN-DcS:1lK0U5:kBirAy3xrfqaZ-hQKVoSS1u3HlbFDiz8yg1uXTKQv_Y	2021-03-24 18:10:49.93878+03
de22i5wgzyuhhmrktbfolv67sf6vjorj	.eJxVjMsOwiAQRf-FtSE8Cgwu3fsNZIBBqgaS0q6M_65NutDtPefcFwu4rTVsg5YwZ3Zmkp1-t4jpQW0H-Y7t1nnqbV3myHeFH3Twa8_0vBzu30HFUb81khVIQkwSdbFgQEmvbUIPGQ0IoYmgFHIahFTWoTFS58krrySlaB17fwDN-DcS:1lIxGh:LFMtboMx6XniJclNEJdhzvgM-UILI5NKYLTtY5xaC5g	2021-03-21 20:32:39.223971+03
2s7484rhwa3b06u37dbv4qh08x6n9mqc	.eJxVjMsOwiAQRf-FtSE8Cgwu3fsNZIBBqgaS0q6M_65NutDtPefcFwu4rTVsg5YwZ3Zmkp1-t4jpQW0H-Y7t1nnqbV3myHeFH3Twa8_0vBzu30HFUb81khVIQkwSdbFgQEmvbUIPGQ0IoYmgFHIahFTWoTFS58krrySlaB17fwDN-DcS:1lIttZ:T7MzAREteLtZBmMSKoxwpPC9AGzyG86d5a9PPry-ZmE	2021-03-21 16:56:33.265006+03
np40tw0c73x6phl81dcidklxl1y2k8j3	.eJxVjDEOwjAMRe-SGUWhjWXDyM4ZIid2SQElUtNOFXenlTrA-t97fzWBlzmHpekURjFX06E5_Y6R00vLTuTJ5VFtqmWexmh3xR602XsVfd8O9-8gc8tbPQB6Be_OrDKICKU-EqYekyBRF0UFLg49g_MIDBGENtcJgUbF3ny-Kvo41w:1lItck:zXnY7Erv4YxMTD8GAmmubae11f5dJV-LH99zkQqNhqA	2021-03-21 16:39:10.44136+03
h35z5u4gdo3nn1pgb4i1om82mbm9sb2l	.eJxVjMsOwiAQRf-FtSE8Cgwu3fsNZIBBqgaS0q6M_65NutDtPefcFwu4rTVsg5YwZ3Zmkp1-t4jpQW0H-Y7t1nnqbV3myHeFH3Twa8_0vBzu30HFUb81khVIQkwSdbFgQEmvbUIPGQ0IoYmgFHIahFTWoTFS58krrySlaB17fwDN-DcS:1lJ86U:RlnLrhSQy7KdXqv4HUr3AupvqbEMWUBhzMuOJhzdVHc	2021-03-22 08:06:50.187181+03
neqer7liptmvgwq7esp6w8gozic6mf3u	.eJxVjMsOgjAQRf-la9PYwkypS_d8A5mXghpIKKyM_y4kLHR7zzn37Tpal75bi83doO7iKnCn35FJnjbuRB803icv07jMA_td8Qctvp3UXtfD_TvoqfRbTRiSIILUwMqQYog3TmKVNBKZAM0qpqCKQUNWSASGXOd0zhuVxn2-IL44xQ:1lJaKA:Zr2LRqvkB3ZyCP4rvu7FdNxZ1DyUChM_UJt02FL_Q6o	2021-03-23 14:14:50.054273+03
tyyjnscrrzy8amtdocuhqwmgpje725r0	.eJxVjMsOwiAQRf-FtSE8Cgwu3fsNZIBBqgaS0q6M_65NutDtPefcFwu4rTVsg5YwZ3Zmkp1-t4jpQW0H-Y7t1nnqbV3myHeFH3Twa8_0vBzu30HFUb81khVIQkwSdbFgQEmvbUIPGQ0IoYmgFHIahFTWoTFS58krrySlaB17fwDN-DcS:1lKFqu:GyVfGtsZzVksyIZIEXwGtY5zHy9O-4ZOn_rsVo2pkF8	2021-03-25 10:35:24.536737+03
4c39v6cdz19xmdoc39zxym7fy0zi3zjl	.eJxVjMsOwiAQRf-FtSE8Cgwu3fsNZIBBqgaS0q6M_65NutDtPefcFwu4rTVsg5YwZ3Zmkp1-t4jpQW0H-Y7t1nnqbV3myHeFH3Twa8_0vBzu30HFUb81khVIQkwSdbFgQEmvbUIPGQ0IoYmgFHIahFTWoTFS58krrySlaB17fwDN-DcS:1lItKE:eJJGuLSow8Md9NLsYKJjuXjrGDlV8ptzXIwxWlyI74s	2021-03-21 16:20:02.572724+03
w1c2ljcx5m85uzjkus8bheyqgeh2bg39	.eJxVjMsOwiAQRf-FtSE8Cgwu3fsNZIBBqgaS0q6M_65NutDtPefcFwu4rTVsg5YwZ3Zmkp1-t4jpQW0H-Y7t1nnqbV3myHeFH3Twa8_0vBzu30HFUb81khVIQkwSdbFgQEmvbUIPGQ0IoYmgFHIahFTWoTFS58krrySlaB17fwDN-DcS:1lM3z4:ac-IVRVgrL_Ji4n97vN_ggHi745661FEjiYPYkHDvZs	2021-03-30 10:19:18.505659+03
ktwlrwkuasr6p22lw6fr517joujzojqq	.eJxVjMsOwiAQRf-FtSG8BopL934DGWCQqoGktCvjv2uTLnR7zzn3xQJuaw3boCXMmZ2Zduz0O0ZMD2o7yXdst85Tb-syR74r_KCDX3um5-Vw_w4qjvqtrXNSF_DJFRBUipAigoFJogIQSuWoMGoyKChrR4Umlbyx1kNSQlrH3h_2ozd1:1lKW1H:LUJhRu1F5OPb7nWs-FxlO3YM7ZjqjYTDdhkaG8M9TNU	2021-03-26 03:51:11.116862+03
96oi2sn39z3i2synsb6xj9raiwr23d7h	.eJxVjMsOwiAQRf-FtSE8Cgwu3fsNZIBBqgaS0q6M_65NutDtPefcFwu4rTVsg5YwZ3Zmkp1-t4jpQW0H-Y7t1nnqbV3myHeFH3Twa8_0vBzu30HFUb81khVIQkwSdbFgQEmvbUIPGQ0IoYmgFHIahFTWoTFS58krrySlaB17fwDN-DcS:1lN8Lc:VjuIEhKUkh-I07m5aE0PQWAcJVv9n_Vnbrhiw-RTR00	2021-04-02 09:11:00.227118+03
e5hcdss1g9z34pzvgu8et3c2501kqpkl	.eJxVjMsOwiAQRf-FtSE8Cgwu3fsNZIBBqgaS0q6M_65NutDtPefcFwu4rTVsg5YwZ3Zmkp1-t4jpQW0H-Y7t1nnqbV3myHeFH3Twa8_0vBzu30HFUb81khVIQkwSdbFgQEmvbUIPGQ0IoYmgFHIahFTWoTFS58krrySlaB17fwDN-DcS:1lIvKF:3LK1MAvyG7OstNTgq3ZX-7ZXaRsHhGrTBLA3ztYPN54	2021-03-21 18:28:11.749418+03
w6ewyb6ckxo2nhd9earjydr7s5oiepu4	.eJxVjMsOwiAQRf-FtSEgr8Gle7-BDANI1UBS2pXx322TLnR7zzn3zQKuSw3ryHOYErswzU6_W0R65raD9MB275x6W-Yp8l3hBx381lN-XQ_376DiqFtNPsezBPAiWhKlRAnKEYGVWMAJp7RBJQ2AIyNRWQ1SC4N5UxJ55djnC9cxN1E:1lKbZq:fYOKr9UTzlNIj4k7goAi_Ykg8Fb2cF1uJsYkxrstuZE	2021-03-26 09:47:14.925652+03
83975v6i2pgt8197w0cu52wjq9069k3q	.eJxVjMsOwiAQRf-FtSE8Cgwu3fsNZIBBqgaS0q6M_65NutDtPefcFwu4rTVsg5YwZ3Zmkp1-t4jpQW0H-Y7t1nnqbV3myHeFH3Twa8_0vBzu30HFUb81khVIQkwSdbFgQEmvbUIPGQ0IoYmgFHIahFTWoTFS58krrySlaB17fwDN-DcS:1lJC2s:YXCqrPtr61OWGDIVJ44XV_RT0tUKhg_tvx00at6-VXM	2021-03-22 12:19:22.602443+03
0lvxo6cwui2c8wbro4p90ou7flvy3btc	.eJxVjMsOwiAQRf-FtSE8Cgwu3fsNZIBBqgaS0q6M_65NutDtPefcFwu4rTVsg5YwZ3Zmkp1-t4jpQW0H-Y7t1nnqbV3myHeFH3Twa8_0vBzu30HFUb81khVIQkwSdbFgQEmvbUIPGQ0IoYmgFHIahFTWoTFS58krrySlaB17fwDN-DcS:1lJwCx:7NwdjS7LlSc-XAdhjHFc-qQWFGCyc1OYEDLnNiu7ZPE	2021-03-24 13:36:51.339822+03
z2ah1f11qmkjf1x87aicyn0svqwduibv	.eJxVjE0OwiAYBe_C2hApBcSle89Avj-kaiAp7cp4d23ShW7fzLyXSrAuJa1d5jSxOivr1eF3RKCH1I3wHeqtaWp1mSfUm6J32vW1sTwvu_t3UKCXb3205CGejHfCMTAA0BDDmC25nNHagRjJxYAjIphsAoD3gizWBWHI6v0BLjo5tw:1lLGzw:Tlp8XB_69-4bPqUshoXP3eYECQ0aQFFuvMUE7qfrrQw	2021-03-28 06:00:56.785749+03
q3x6sq60uc1u66kubd7pmp77qr65n7oy	.eJxVjMsOwiAQRf-FtSE8Cgwu3fsNZIBBqgaS0q6M_65NutDtPefcFwu4rTVsg5YwZ3Zmkp1-t4jpQW0H-Y7t1nnqbV3myHeFH3Twa8_0vBzu30HFUb81khVIQkwSdbFgQEmvbUIPGQ0IoYmgFHIahFTWoTFS58krrySlaB17fwDN-DcS:1lJ9Ix:NzzbIgQ7xs-OAaT1TuyAnQPxA92iapfwztv2jQtP2kk	2021-03-22 09:23:47.752649+03
78675xuwpiysxl6vuyss7wqjlx5oh0y7	.eJxVjMsOwiAQRf-FtSE8Cgwu3fsNZIBBqgaS0q6M_65NutDtPefcFwu4rTVsg5YwZ3Zmkp1-t4jpQW0H-Y7t1nnqbV3myHeFH3Twa8_0vBzu30HFUb81khVIQkwSdbFgQEmvbUIPGQ0IoYmgFHIahFTWoTFS58krrySlaB17fwDN-DcS:1lKEsZ:Z3NZssbTu9ESqRVgqdLlFtsu69lkcYLpilBe4eMWo14	2021-03-25 09:33:03.941657+03
pd75don663o9lk7dxx56q27h07b81ncm	.eJxVjMsOwiAQRf-FtSE8Cgwu3fsNZIBBqgaS0q6M_65NutDtPefcFwu4rTVsg5YwZ3Zmkp1-t4jpQW0H-Y7t1nnqbV3myHeFH3Twa8_0vBzu30HFUb81khVIQkwSdbFgQEmvbUIPGQ0IoYmgFHIahFTWoTFS58krrySlaB17fwDN-DcS:1lOaBF:1TaB_iy9HAwnUWA7fvt1QzhDfgHNyBE_sGUO2KlVyTk	2021-04-06 09:06:17.105625+03
hcame87flm3f0danqsza16tvh9jkz0xa	.eJxVjMsOwiAQRf-FtSE8Cgwu3fsNZIBBqgaS0q6M_65NutDtPefcFwu4rTVsg5YwZ3Zmkp1-t4jpQW0H-Y7t1nnqbV3myHeFH3Twa8_0vBzu30HFUb81khVIQkwSdbFgQEmvbUIPGQ0IoYmgFHIahFTWoTFS58krrySlaB17fwDN-DcS:1lNH7L:ctApPlJcfVLH_sYUh25Y1Voe_7DIslmycBTHGVnZNxY	2021-04-02 18:32:51.701386+03
x264zgci9pp2n1tpd4lrunh21pqr1n5a	.eJxVjMsOwiAQRf-FtSE8Cgwu3fsNZIBBqgaS0q6M_65NutDtPefcFwu4rTVsg5YwZ3Zmkp1-t4jpQW0H-Y7t1nnqbV3myHeFH3Twa8_0vBzu30HFUb81khVIQkwSdbFgQEmvbUIPGQ0IoYmgFHIahFTWoTFS58krrySlaB17fwDN-DcS:1lNHBx:mvwn_GvhtMV9m7aimw3uEOXpJbWL11hyn_2GW9G7LII	2021-04-02 18:37:37.889679+03
mbf3rqxw1jjiyid4edz7i5id5uw1d0zr	.eJxVjMsOwiAQRf-FtSE8Cgwu3fsNZIBBqgaS0q6M_65NutDtPefcFwu4rTVsg5YwZ3Zmkp1-t4jpQW0H-Y7t1nnqbV3myHeFH3Twa8_0vBzu30HFUb81khVIQkwSdbFgQEmvbUIPGQ0IoYmgFHIahFTWoTFS58krrySlaB17fwDN-DcS:1lJ0wk:MhKNFQUiXX7IX_xsk3WhRAq9G-eb4IlhjeU4wP4lc5g	2021-03-22 00:28:18.216983+03
f1iqz49as3t2qgsotndwrvup4bqfsten	.eJxVjMsOwiAQRf-FtSEgr8Gle7-BDANI1UBS2pXx322TLnR7zzn3zQKuSw3ryHOYErswzU6_W0R65raD9MB275x6W-Yp8l3hBx381lN-XQ_376DiqFtNPsezBPAiWhKlRAnKEYGVWMAJp7RBJQ2AIyNRWQ1SC4N5UxJ55djnC9cxN1E:1lJ8Yn:OmY6kp1W2QMmKkSsbD8a62cPQEFvPrHrCiE4nhLFE3g	2021-03-22 08:36:05.507597+03
nwgv1tkpirmcqq9xfxw4z0w75luca49p	.eJxVjEEOgjAQRe_StWlKmZapS_ecoWlnpoIaSCisjHcXEha6_e-9_1YxbesQtypLHFldFYC6_I450VOmg_AjTfdZ0zyty5j1oeiTVt3PLK_b6f4dDKkOe-0yevIh2WCMtxYFLPhCHUAQxhZ2ji1TMYjSOpCu2IYbL-KwYyJQny_n5zeb:1lTkvl:lR1uppxH9PqMoXGnpEZiIG6DWW-1GKWUkLXtXAK_lWs	2021-04-20 15:35:41.358282+03
rw8zb28msdlnbyi4bdgvlinawxg8h99m	.eJxVjMsOwiAQRf-FtSE8Cgwu3fsNZIBBqgaS0q6M_65NutDtPefcFwu4rTVsg5YwZ3Zmkp1-t4jpQW0H-Y7t1nnqbV3myHeFH3Twa8_0vBzu30HFUb81khVIQkwSdbFgQEmvbUIPGQ0IoYmgFHIahFTWoTFS58krrySlaB17fwDN-DcS:1lJpiS:KxoiZjJZPfn2tIkkubw5wxjUh2mh0kojhX9qQRwPkOs	2021-03-24 06:40:56.099332+03
vjxa4os5h63qz8fqug5jzuort567ljje	.eJxVjMsOwiAQAP-FsyG0sDw8eu83kO2ySNVA0sfJ-O-GpAe9zkzmLSIee4nHxmtckrgKrcTlF85IT67dpAfWe5PU6r4us-yJPO0mp5b4dTvbv0HBrfQvJQqYIDErcGDBeAuBRsV2yEwuez8wKK3AmEwjO2uQiK1CzUHPXny-ElU4Qg:1lJ3P3:_CSDU5DdxXWsmPijOhWlZu-gjFhKvf0W5nbvfxyQ1Z4	2021-03-22 03:05:41.721661+03
z877cqzng0ucuaxec6i5wlkqncelt0v0	.eJxVjMsOwiAQRf-FtSE8Cgwu3fsNZIBBqgaS0q6M_65NutDtPefcFwu4rTVsg5YwZ3Zmkp1-t4jpQW0H-Y7t1nnqbV3myHeFH3Twa8_0vBzu30HFUb81khVIQkwSdbFgQEmvbUIPGQ0IoYmgFHIahFTWoTFS58krrySlaB17fwDN-DcS:1lNvnb:IFgBNGH8PmyU02lEZ6x73PzTKZOqIcOPk6fv6xSeIuY	2021-04-04 13:59:11.838804+03
7ymyjnarueoq0fidajhcwto24v0wlozy	.eJxVjDsOwjAQBe_iGlkb_2JT0nMGa51d4wCypTipEHeHSCmgfTPzXiLitpa4dV7iTOIsdBCn3zHh9OC6E7pjvTU5tbouc5K7Ig_a5bURPy-H-3dQsJdvnSBbMqhocIFdsB7YjUSQtUHONgSTNQRmIoVDxlGTMdaB8ka5hB7E-wMYUTgU:1lMJpc:j7BQIcrb2RWaIpRNgKjBcHvqESpKvLJS8Ig_pD8MkEs	2021-03-31 03:14:36.736367+03
wrdrl7xofrxs2a5u1ctau6vvirjcq0zj	.eJxVjMsOwiAQRf-FtSE8Cgwu3fsNZIBBqgaS0q6M_65NutDtPefcFwu4rTVsg5YwZ3Zmkp1-t4jpQW0H-Y7t1nnqbV3myHeFH3Twa8_0vBzu30HFUb81khVIQkwSdbFgQEmvbUIPGQ0IoYmgFHIahFTWoTFS58krrySlaB17fwDN-DcS:1lJyX5:N7s_L3lc1URQg_E433NsErESeC5xnsKNpnICt5r_WU8	2021-03-24 16:05:47.176821+03
6lhklqugakz61pkg2xkzffxp0do62uze	e30:1mg5WO:VOHt2FT3cgDHg26pNODE6UdAYggnzLG4sO2q13Ryi_g	2021-11-11 16:32:44.612107+03
fpyppfdrr9cb9wyz8iod5urpjfzswktx	.eJxVjMsOwiAQRf-FtSE8Cgwu3fsNZIBBqgaS0q6M_65NutDtPefcFwu4rTVsg5YwZ3Zmkp1-t4jpQW0H-Y7t1nnqbV3myHeFH3Twa8_0vBzu30HFUb81khVIQkwSdbFgQEmvbUIPGQ0IoYmgFHIahFTWoTFS58krrySlaB17fwDN-DcS:1lKQ7L:QjKHi9ZZYaQqRdnLuMc5rGuTcCQ2G07Lk74xltWJmpY	2021-03-25 21:33:03.602548+03
7dhxevxggkrf7gw5i94p3h9rx3nkp52x	.eJxVjMsOwiAQRf-FtSE8Cgwu3fsNZIBBqgaS0q6M_65NutDtPefcFwu4rTVsg5YwZ3Zmkp1-t4jpQW0H-Y7t1nnqbV3myHeFH3Twa8_0vBzu30HFUb81khVIQkwSdbFgQEmvbUIPGQ0IoYmgFHIahFTWoTFS58krrySlaB17fwDN-DcS:1lOcaB:VQtdpTOdmSkDZuE89bdIi_cVeBW6Ojb3_8yG7UrJ3w8	2021-04-06 11:40:11.274228+03
j84ag0ek70r9xhknd63u63evso0zh4tt	.eJxVjMsOwiAQRf-FtSEgr8Gle7-BDANI1UBS2pXx322TLnR7zzn3zQKuSw3ryHOYErswzU6_W0R65raD9MB275x6W-Yp8l3hBx381lN-XQ_376DiqFtNPsezBPAiWhKlRAnKEYGVWMAJp7RBJQ2AIyNRWQ1SC4N5UxJ55djnC9cxN1E:1lQZAa:HJjrx3CxHyKxzsf6R1SgF3RkgZB8xHj5ULH66-2eRLk	2021-04-11 20:25:48.496722+03
56168oqqsg4sww4zzmrtnpbqkik6dvgg	.eJxVjMsOwiAQRf-FtSE8Cgwu3fsNZIBBqgaS0q6M_65NutDtPefcFwu4rTVsg5YwZ3Zmkp1-t4jpQW0H-Y7t1nnqbV3myHeFH3Twa8_0vBzu30HFUb81khVIQkwSdbFgQEmvbUIPGQ0IoYmgFHIahFTWoTFS58krrySlaB17fwDN-DcS:1lIuBz:APY4RHN84JetfAivhlsL4YC9wUtAju5EusmvbWD2-wU	2021-03-21 17:15:35.436663+03
nvgrwki0o2cmelc54ulg45j9bpj367ih	.eJxVjMsOwiAQRf-FtSEgr8Gle7-BDANI1UBS2pXx322TLnR7zzn3zQKuSw3ryHOYErswzU6_W0R65raD9MB275x6W-Yp8l3hBx381lN-XQ_376DiqFtNPsezBPAiWhKlRAnKEYGVWMAJp7RBJQ2AIyNRWQ1SC4N5UxJ55djnC9cxN1E:1lNHRL:4YOGKJDPefGTDjcXtmhGSn_vn3ZyXIrxWyvAZgU_Tbw	2021-04-02 18:53:31.039849+03
lz0xfky091av6gfpse62r1678scngjir	.eJxVjMsOwiAQRf-FtSE8Cgwu3fsNZIBBqgaS0q6M_65NutDtPefcFwu4rTVsg5YwZ3Zmkp1-t4jpQW0H-Y7t1nnqbV3myHeFH3Twa8_0vBzu30HFUb81khVIQkwSdbFgQEmvbUIPGQ0IoYmgFHIahFTWoTFS58krrySlaB17fwDN-DcS:1lKYFu:Fj7KjrgnrN75t0MuuIvC8zVHxsXPcruBH9_hQpCUZqU	2021-03-26 06:14:26.772794+03
6wbmx1o3i4fm3gte0vc9kbcdzsjd96z2	.eJxVjMsOwiAQRf-FtSE8Cgwu3fsNZIBBqgaS0q6M_65NutDtPefcFwu4rTVsg5YwZ3Zmkp1-t4jpQW0H-Y7t1nnqbV3myHeFH3Twa8_0vBzu30HFUb81khVIQkwSdbFgQEmvbUIPGQ0IoYmgFHIahFTWoTFS58krrySlaB17fwDN-DcS:1lNHCC:Y082m1WQ460dOzipsIvJfingAvPKuKIJr8o9f8tPMU4	2021-04-02 18:37:52.946095+03
y5dpqgs9uagkjjt2qysqoma7tim52f2g	.eJxVjMsOwiAQRf-FtSE8Cgwu3fsNZIBBqgaS0q6M_65NutDtPefcFwu4rTVsg5YwZ3Zmkp1-t4jpQW0H-Y7t1nnqbV3myHeFH3Twa8_0vBzu30HFUb81khVIQkwSdbFgQEmvbUIPGQ0IoYmgFHIahFTWoTFS58krrySlaB17fwDN-DcS:1lOH2P:QUBatx8AhCVVuR4bG5KSqtTnHZidmlydS5smPKdD-a8	2021-04-05 12:39:53.619336+03
56o59n8cvbj3966fba3r7ok47uuasco6	.eJxVjMsOwiAQRf-FtSE8Cgwu3fsNZIBBqgaS0q6M_65NutDtPefcFwu4rTVsg5YwZ3Zmkp1-t4jpQW0H-Y7t1nnqbV3myHeFH3Twa8_0vBzu30HFUb81khVIQkwSdbFgQEmvbUIPGQ0IoYmgFHIahFTWoTFS58krrySlaB17fwDN-DcS:1lK4Gl:kiqazK7fcTtKl8wxLh7WFZpnGl7fp3bGmw0vjY1z7_4	2021-03-24 22:13:19.542729+03
m83lhy56y8ikwtpy3j69k7s847a6o4vp	.eJxVjMsOwiAQRf-FtSEgr8Gle7-BDANI1UBS2pXx322TLnR7zzn3zQKuSw3ryHOYErswzU6_W0R65raD9MB275x6W-Yp8l3hBx381lN-XQ_376DiqFtNPsezBPAiWhKlRAnKEYGVWMAJp7RBJQ2AIyNRWQ1SC4N5UxJ55djnC9cxN1E:1lNHX2:GQH0Pq_537UdYEZ4qYuIJl5Ig-tJ4umKnxl1rSh0BgE	2021-04-02 18:59:24.387876+03
pbfrtuf1gwo1eseu00kiiimcz16eh9ff	.eJxVjE0OwiAYBe_C2hApBcSle89Avj-kaiAp7cp4d23ShW7fzLyXSrAuJa1d5jSxOivr1eF3RKCH1I3wHeqtaWp1mSfUm6J32vW1sTwvu_t3UKCXb3205CGejHfCMTAA0BDDmC25nNHagRjJxYAjIphsAoD3gizWBWHI6v0BLjo5tw:1lKFF8:MFK8xniGAVzB6jiqvlEXThBQry3NHs7DfpENjI0DOHk	2021-03-25 09:56:22.93482+03
8f7ciwovqcj8ln73pss1q3bvjcbxm0v4	.eJxVjDsOwjAQBe_iGllZ8JeSnjNEu941DiBbipMKcXeIlALaNzPvpUZclzKuXeZxYnVWZlCH35EwPaRuhO9Yb02nVpd5Ir0peqddXxvL87K7fwcFe_nWAIIWA6HhYIzLnAeiBMFEFhvD0Qd0PkdH6E5g2Xohn220YHIESaDeHxo_OE4:1lOJhJ:RwetYsAEofdVs-TSApwF6dlZU97sHdklKIhgbi2uP88	2021-04-05 15:30:17.590734+03
5ssdvzyi9m0isy6py8c3a5hkc5op7lqd	.eJxVjMsOwiAQRf-FtSE8Cgwu3fsNZIBBqgaS0q6M_65NutDtPefcFwu4rTVsg5YwZ3Zmkp1-t4jpQW0H-Y7t1nnqbV3myHeFH3Twa8_0vBzu30HFUb81khVIQkwSdbFgQEmvbUIPGQ0IoYmgFHIahFTWoTFS58krrySlaB17fwDN-DcS:1lKiqz:70YoL19QuZ6OFDGOJ_puzWFmHYGFrWFolJnblNFnIww	2021-03-26 17:33:25.528041+03
e2rwpbl5ej57qu5ypx22smhjqww4dl29	.eJxVjMsOwiAQRf-FtSE8Cgwu3fsNZIBBqgaS0q6M_65NutDtPefcFwu4rTVsg5YwZ3Zmkp1-t4jpQW0H-Y7t1nnqbV3myHeFH3Twa8_0vBzu30HFUb81khVIQkwSdbFgQEmvbUIPGQ0IoYmgFHIahFTWoTFS58krrySlaB17fwDN-DcS:1lP6C2:QH_MtSczsueZgpkm1nKGVa3vmHIbAr-ZKamSssW_lPA	2021-04-07 19:17:14.627624+03
y7m61rvqngup0mdhq12bn2m36hx1177b	.eJxVjMsOwiAQRf-FtSEgr8Gle7-BDANI1UBS2pXx322TLnR7zzn3zQKuSw3ryHOYErswzU6_W0R65raD9MB275x6W-Yp8l3hBx381lN-XQ_376DiqFtNPsezBPAiWhKlRAnKEYGVWMAJp7RBJQ2AIyNRWQ1SC4N5UxJ55djnC9cxN1E:1lNJq9:19w6ScomgzfgY3VAJYJfPqtbB9hJAPoG5QjuC2RHEdM	2021-04-02 21:27:17.473611+03
ze9rmcqojm29cknfa6s6dqelook1i9dn	.eJxVjE0OwiAYBe_C2hApBcSle89Avj-kaiAp7cp4d23ShW7fzLyXSrAuJa1d5jSxOivr1eF3RKCH1I3wHeqtaWp1mSfUm6J32vW1sTwvu_t3UKCXb3205CGejHfCMTAA0BDDmC25nNHagRjJxYAjIphsAoD3gizWBWHI6v0BLjo5tw:1lNi5i:YSOuLq0f9NQwxl2J9O14Ic7MP7u4TnBtXlJpaALUgBY	2021-04-03 23:20:58.367041+03
lxbo7qg97vyvqr94fq5mv7ny01co8ctg	.eJxVjMsOwiAQRf-FtSE8Cgwu3fsNZIBBqgaS0q6M_65NutDtPefcFwu4rTVsg5YwZ3Zmkp1-t4jpQW0H-Y7t1nnqbV3myHeFH3Twa8_0vBzu30HFUb81khVIQkwSdbFgQEmvbUIPGQ0IoYmgFHIahFTWoTFS58krrySlaB17fwDN-DcS:1lIyNp:_fcG33i3avB-1B_172r-GpNAscqs6HDWkujclBMhTGk	2021-03-21 21:44:05.274346+03
tktse3bb704mq9zx5dht63dqdonvh7qi	.eJxVjMsOwiAQRf-FtSEgr8Gle7-BDANI1UBS2pXx322TLnR7zzn3zQKuSw3ryHOYErswzU6_W0R65raD9MB275x6W-Yp8l3hBx381lN-XQ_376DiqFtNPsezBPAiWhKlRAnKEYGVWMAJp7RBJQ2AIyNRWQ1SC4N5UxJ55djnC9cxN1E:1lItkV:arSqQ5of-f1wi2rv1xaOZ8jvfKK5zwZNi3PMC-M8seM	2021-03-21 16:47:11.80391+03
xu98zdb4fk9wxx2531azsd3irfz5jaam	.eJxVjMsOwiAQRf-FtSE8Cgwu3fsNZIBBqgaS0q6M_65NutDtPefcFwu4rTVsg5YwZ3Zmkp1-t4jpQW0H-Y7t1nnqbV3myHeFH3Twa8_0vBzu30HFUb81khVIQkwSdbFgQEmvbUIPGQ0IoYmgFHIahFTWoTFS58krrySlaB17fwDN-DcS:1lLMr6:nyzLEjn1eKVU47EigKE0MM-6B2GKdB2LRX8wenXhqFY	2021-03-28 12:16:12.814858+03
4dzi0izqbjrrkuige2bjlgy5qe989gu4	.eJxVjMsOwiAQRf-FtSE8Cgwu3fsNZIBBqgaS0q6M_65NutDtPefcFwu4rTVsg5YwZ3Zmkp1-t4jpQW0H-Y7t1nnqbV3myHeFH3Twa8_0vBzu30HFUb81khVIQkwSdbFgQEmvbUIPGQ0IoYmgFHIahFTWoTFS58krrySlaB17fwDN-DcS:1lRY02:kKIxues1rZ9crY1EPEE5sJeSbYerMBBm-91CdPaOsKg	2021-04-14 13:22:58.996971+03
n7qyiatwfewnfj2dxsjp9k7x49btfdeo	.eJxVjMsOwiAQRf-FtSE8Cgwu3fsNZIBBqgaS0q6M_65NutDtPefcFwu4rTVsg5YwZ3Zmkp1-t4jpQW0H-Y7t1nnqbV3myHeFH3Twa8_0vBzu30HFUb81khVIQkwSdbFgQEmvbUIPGQ0IoYmgFHIahFTWoTFS58krrySlaB17fwDN-DcS:1lPMya:o2MKJ0wFa8juvOmcDrqOV0GvgfPJ6L6TU8EZ-mNufsU	2021-04-08 13:12:28.055812+03
b906ukv9hr88yrrxwgpr9iobwtgddsi5	.eJxVjMsOwiAQRf-FtSE8Cgwu3fsNZIBBqgaS0q6M_65NutDtPefcFwu4rTVsg5YwZ3Zmkp1-t4jpQW0H-Y7t1nnqbV3myHeFH3Twa8_0vBzu30HFUb81khVIQkwSdbFgQEmvbUIPGQ0IoYmgFHIahFTWoTFS58krrySlaB17fwDN-DcS:1lSJdg:zwkQHqBTOnKQK_TsT4vQMYOwyf-2h7cZqYHZDJS2aW4	2021-04-16 16:15:04.237866+03
cvv2bam0nbxtftw0z3oojhwoa0piyxx6	.eJxVjDsOwjAQBe_iGlmJ119Kes5geddeHECOFCcV4u4QKQW0b2beS8S0rTVuvSxxyuIs9ChOvyMmepS2k3xP7TZLmtu6TCh3RR60y-ucy_NyuH8HNfX6rX0egnaGlc2ODQQgAKOMV4yGh8KkwLFN1pMG7ZmJnQtIiGEEcEGJ9wf2hDfN:1lPYMu:etFc450d89cge_HB-j3KQt-BktXMO8p-wnMgi0RLNHo	2021-04-09 01:22:20.324609+03
uto03jqvvlx5w29w1zu9z6hp6nenp7mi	.eJxVjMsOwiAQRf-FtSE8Cgwu3fsNZIBBqgaS0q6M_65NutDtPefcFwu4rTVsg5YwZ3Zmkp1-t4jpQW0H-Y7t1nnqbV3myHeFH3Twa8_0vBzu30HFUb81khVIQkwSdbFgQEmvbUIPGQ0IoYmgFHIahFTWoTFS58krrySlaB17fwDN-DcS:1lPIFw:Uc7-hPy5-eTqlLqM2_CYEB04WMJiniOdThxCEfIPdUo	2021-04-08 08:10:04.587057+03
mj53du0f04qhddfe0nir2f0o0y85fth3	.eJxVjMsOwiAQRf-FtSE8Cgwu3fsNZIBBqgaS0q6M_65NutDtPefcFwu4rTVsg5YwZ3Zmkp1-t4jpQW0H-Y7t1nnqbV3myHeFH3Twa8_0vBzu30HFUb81khVIQkwSdbFgQEmvbUIPGQ0IoYmgFHIahFTWoTFS58krrySlaB17fwDN-DcS:1lQjUe:kJ6f7TbAqCLUhEnhFkSOrqOKPPft0Q3bXSJ0PTxP4nU	2021-04-12 07:27:12.715647+03
k8b9eu91kjyfbeaa0c2ss7hwvck1sroy	.eJxVjMsOwiAQRf-FtSE8Cgwu3fsNZIBBqgaS0q6M_65NutDtPefcFwu4rTVsg5YwZ3Zmkp1-t4jpQW0H-Y7t1nnqbV3myHeFH3Twa8_0vBzu30HFUb81khVIQkwSdbFgQEmvbUIPGQ0IoYmgFHIahFTWoTFS58krrySlaB17fwDN-DcS:1lTjzp:xOYufK4qdb0XNLzfzoougvtcTVlf9ZG7Fv-wP5wEfL0	2021-04-20 14:35:49.83783+03
op3zt34xgebppl64gpsguqo68zt2kjt4	e30:1mg5We:lF7pw8YX7N1VBqqepY0BCiARCaEjQIa2IxIoBRpqJWw	2021-11-11 16:33:00.361452+03
2vgdp7l04iyvfzh6fof1tr493wbf0vix	.eJxVjMsOwiAQRf-FtSE8Cgwu3fsNZIBBqgaS0q6M_65NutDtPefcFwu4rTVsg5YwZ3Zmkp1-t4jpQW0H-Y7t1nnqbV3myHeFH3Twa8_0vBzu30HFUb81khVIQkwSdbFgQEmvbUIPGQ0IoYmgFHIahFTWoTFS58krrySlaB17fwDN-DcS:1lPppe:7QZfbnZ-FhhxapzWRY4U5lpmkjJ6KdSDLwdcFXrFlnE	2021-04-09 20:01:10.443658+03
76tltlj34qb8f0e8ilik1ruzenz3ip4q	.eJxVjDsOwyAQRO9CHSG-BlKm9xnQLrDBSYQlY1dR7h5bcpFounlv5s0ibGuNWy9LnDK7MqPY5bdESM_SDpIf0O4zT3Nblwn5ofCTdj7Oubxup_t3UKHXfa1LIq_JSx0ArBJG5AzkB23UHnLBWV9QoUwgrdWmCFRG2wERXSBS7PMF_8I30Q:1lPxPk:OllgertEZHx6W1xPeV1zLj_xG-YdZYVI7qFmBD4RmE0	2021-04-10 04:06:56.795087+03
i08pcnewm1nhynwuxzb06029lq462nks	.eJxVjDEOwjAMRe-SGUVEceuEkZ0zRHbskAJqpaadEHenlTrA-t97_20SrUtNa9M5DWIuBrw5_Y5M-anjTuRB432yeRqXeWC7K_agzd4m0df1cP8OKrW61SpYuAgIImEgwswavGfXBXai3GEE5yJBps1UhAhQEMChxj70Z_P5AjycOIg:1lQpG5:n5HN9gDyiDTj44V4VrBq_WWOzMRkcR1qzQJYlAcQP8Q	2021-04-12 13:36:33.572301+03
x7gxa01dfkq76iyxt14lu4nhcg0eivzt	.eJxVjMsOwiAQRf-FtSE8Cgwu3fsNZIBBqgaS0q6M_65NutDtPefcFwu4rTVsg5YwZ3Zmkp1-t4jpQW0H-Y7t1nnqbV3myHeFH3Twa8_0vBzu30HFUb81khVIQkwSdbFgQEmvbUIPGQ0IoYmgFHIahFTWoTFS58krrySlaB17fwDN-DcS:1lRnPk:WEOSRmJNw-7sW5Uq_reACPG0Dmi8GEChVkv9T1Yqt6g	2021-04-15 05:50:32.35973+03
gw48ubykvnf5w7efb7mikj2jvqc84jwx	.eJxVjMsOwiAQRf-FtSEgr8Gle7-BDANI1UBS2pXx322TLnR7zzn3zQKuSw3ryHOYErswzU6_W0R65raD9MB275x6W-Yp8l3hBx381lN-XQ_376DiqFtNPsezBPAiWhKlRAnKEYGVWMAJp7RBJQ2AIyNRWQ1SC4N5UxJ55djnC9cxN1E:1lQrzO:xPT472NbwrE253-HauXeTmYxrBQmbQbGYp7SPB2jXHI	2021-04-12 16:31:30.408797+03
vp2vpuq0ue1bxd3hg25jj4jynq1d60vk	.eJxVjMsOwiAQRf-FtSE8Cgwu3fsNZIBBqgaS0q6M_65NutDtPefcFwu4rTVsg5YwZ3Zmkp1-t4jpQW0H-Y7t1nnqbV3myHeFH3Twa8_0vBzu30HFUb81khVIQkwSdbFgQEmvbUIPGQ0IoYmgFHIahFTWoTFS58krrySlaB17fwDN-DcS:1lRw7y:4tfFWHVj0ER6WN8akVACKqnmRSjIBGOeHWWJbwXo-TM	2021-04-15 15:08:46.625887+03
r3gmfobag5hq82rlhmtfwcljxfg9bj56	.eJxVjMsOwiAQRf-FtSE8Cgwu3fsNZIBBqgaS0q6M_65NutDtPefcFwu4rTVsg5YwZ3Zmkp1-t4jpQW0H-Y7t1nnqbV3myHeFH3Twa8_0vBzu30HFUb81khVIQkwSdbFgQEmvbUIPGQ0IoYmgFHIahFTWoTFS58krrySlaB17fwDN-DcS:1lR6cB:iAc2cczMtREMq4VZkCuwB0j_8sSUyZTvBXQiK4VPed8	2021-04-13 08:08:31.465493+03
r0h5nxvuklihjm34093oiz7bwuviujgu	.eJxVjMsOwiAQRf-FtSE8Cgwu3fsNZIBBqgaS0q6M_65NutDtPefcFwu4rTVsg5YwZ3Zmkp1-t4jpQW0H-Y7t1nnqbV3myHeFH3Twa8_0vBzu30HFUb81khVIQkwSdbFgQEmvbUIPGQ0IoYmgFHIahFTWoTFS58krrySlaB17fwDN-DcS:1lQCXz:BiiCzC5oOI4-p2zTYau1xMuspk6NRgbaImFeTx_3tyE	2021-04-10 20:16:27.093522+03
xmxibvx7u68dn3m5vscn7w4tistxqh4e	.eJxVjMsOwiAQRf-FtSE8Cgwu3fsNZIBBqgaS0q6M_65NutDtPefcFwu4rTVsg5YwZ3Zmkp1-t4jpQW0H-Y7t1nnqbV3myHeFH3Twa8_0vBzu30HFUb81khVIQkwSdbFgQEmvbUIPGQ0IoYmgFHIahFTWoTFS58krrySlaB17fwDN-DcS:1lRw9s:D5VOjflX9L19BMo2TgEUfrj5HRgpwqizgsVrEqU14dg	2021-04-15 15:10:44.485066+03
1cxkm7h4g5asbmwm6hsugafmp1e0pb5g	.eJxVjMsOwiAQRf-FtSE8Cgwu3fsNZIBBqgaS0q6M_65NutDtPefcFwu4rTVsg5YwZ3Zmkp1-t4jpQW0H-Y7t1nnqbV3myHeFH3Twa8_0vBzu30HFUb81khVIQkwSdbFgQEmvbUIPGQ0IoYmgFHIahFTWoTFS58krrySlaB17fwDN-DcS:1lQTFH:5Ac9wgXSILfTafftSOBcPisKxzMSyl4OutvktFRYuSk	2021-04-11 14:06:15.105117+03
rm08j0vt1ykk0rdrb6ez7trldu2wi867	.eJxVjMsOwiAQRf-FtSE8Cgwu3fsNZIBBqgaS0q6M_65NutDtPefcFwu4rTVsg5YwZ3Zmkp1-t4jpQW0H-Y7t1nnqbV3myHeFH3Twa8_0vBzu30HFUb81khVIQkwSdbFgQEmvbUIPGQ0IoYmgFHIahFTWoTFS58krrySlaB17fwDN-DcS:1lRTyp:Ka-AmsOQGNa3vAnrLKOjPFSa7de-ZCFpwdBUO5k1rSk	2021-04-14 09:05:27.934654+03
8uz4tn7pks91ul76ekfkqog65inq4fgp	.eJxVjMsOwiAQRf-FtSE8Cgwu3fsNZIBBqgaS0q6M_65NutDtPefcFwu4rTVsg5YwZ3Zmkp1-t4jpQW0H-Y7t1nnqbV3myHeFH3Twa8_0vBzu30HFUb81khVIQkwSdbFgQEmvbUIPGQ0IoYmgFHIahFTWoTFS58krrySlaB17fwDN-DcS:1lTOrl:OhjqOsuR8aT47qeP9uhk_rx3SYwqu5TJe9-Kd74W39s	2021-04-19 16:02:05.454432+03
jkj0j08ajktzmphm68blykpa1l41snjd	.eJxVjMsOwiAQRf-FtSEgr8Gle7-BDANI1UBS2pXx322TLnR7zzn3zQKuSw3ryHOYErswzU6_W0R65raD9MB275x6W-Yp8l3hBx381lN-XQ_376DiqFtNPsezBPAiWhKlRAnKEYGVWMAJp7RBJQ2AIyNRWQ1SC4N5UxJ55djnC9cxN1E:1lTkwk:JpukRvXG51FOvUXo-Kd6EPBz7gnEFeFuSoy6znlFENk	2021-04-20 15:36:42.155694+03
oaxafefa7pnkt8n6h0h2mqauf3s6a7cv	.eJxVjMsOwiAQRf-FtSEgr8Gle7-BDANI1UBS2pXx322TLnR7zzn3zQKuSw3ryHOYErswzU6_W0R65raD9MB275x6W-Yp8l3hBx381lN-XQ_376DiqFtNPsezBPAiWhKlRAnKEYGVWMAJp7RBJQ2AIyNRWQ1SC4N5UxJ55djnC9cxN1E:1lTjK4:EkUd4sKK358oRRhGVS2YV65KzJZ_ncjI7fs-fzDeuMg	2021-04-20 13:52:40.22556+03
4pontzng0k03ydf1xdel1nq9q76c6x4e	.eJxVjMsOwiAQRf-FtSE8Cgwu3fsNZIBBqgaS0q6M_65NutDtPefcFwu4rTVsg5YwZ3Zmkp1-t4jpQW0H-Y7t1nnqbV3myHeFH3Twa8_0vBzu30HFUb81khVIQkwSdbFgQEmvbUIPGQ0IoYmgFHIahFTWoTFS58krrySlaB17fwDN-DcS:1lPlSV:5C5M0lnV7OcOxjMxsqfa1WEDooZP6QWBp2HJnBo0gfM	2021-04-09 15:20:59.384118+03
ew6hsdo78jfgz112tykchxqlzgmkvxpc	.eJxVjMsOwiAQRf-FtSE8Cgwu3fsNZIBBqgaS0q6M_65NutDtPefcFwu4rTVsg5YwZ3Zmkp1-t4jpQW0H-Y7t1nnqbV3myHeFH3Twa8_0vBzu30HFUb81khVIQkwSdbFgQEmvbUIPGQ0IoYmgFHIahFTWoTFS58krrySlaB17fwDN-DcS:1lToD9:iq0iRbeUCz5XKaHWgwvbfNeJ6YJHBnpxfgGnbzPNBXQ	2021-04-20 19:05:51.419646+03
q02cbqd99cl1q3cagovxhyhao3sd1ez7	.eJxVjMsOwiAQRf-FtSE8Cgwu3fsNZIBBqgaS0q6M_65NutDtPefcFwu4rTVsg5YwZ3Zmkp1-t4jpQW0H-Y7t1nnqbV3myHeFH3Twa8_0vBzu30HFUb81khVIQkwSdbFgQEmvbUIPGQ0IoYmgFHIahFTWoTFS58krrySlaB17fwDN-DcS:1lToPh:IgUbkGzC8QvzE1l_HKkBmAAST9bDVyf_ZIXnZ-j6DFU	2021-04-20 19:18:49.907248+03
wutnwlm7y2vx9pj7obxe0nxucitp6ybo	.eJxVjMsOwiAQRf-FtSE8Cgwu3fsNZIBBqgaS0q6M_65NutDtPefcFwu4rTVsg5YwZ3Zmkp1-t4jpQW0H-Y7t1nnqbV3myHeFH3Twa8_0vBzu30HFUb81khVIQkwSdbFgQEmvbUIPGQ0IoYmgFHIahFTWoTFS58krrySlaB17fwDN-DcS:1lUA65:rDwY8m7NVg4aT3RJ99wdzkKBImAIIz-RcPHQ4LIdekQ	2021-04-21 18:28:01.533102+03
6uptz19b0z5izca394hq8v90g2e9raj9	.eJxVjMsOwiAQRf-FtSE8Cgwu3fsNZIBBqgaS0q6M_65NutDtPefcFwu4rTVsg5YwZ3Zmkp1-t4jpQW0H-Y7t1nnqbV3myHeFH3Twa8_0vBzu30HFUb81khVIQkwSdbFgQEmvbUIPGQ0IoYmgFHIahFTWoTFS58krrySlaB17fwDN-DcS:1lUOdu:da3kgHdzs5OK_VdPKlzzU8MXFkLRZSPTyil-FQ_5MvM	2021-04-22 09:59:54.494506+03
rn51aylyt1guosci1sfxx3shwgg4culs	.eJxVjMsOwiAQRf-FtSE8Cgwu3fsNZIBBqgaS0q6M_65NutDtPefcFwu4rTVsg5YwZ3Zmkp1-t4jpQW0H-Y7t1nnqbV3myHeFH3Twa8_0vBzu30HFUb81khVIQkwSdbFgQEmvbUIPGQ0IoYmgFHIahFTWoTFS58krrySlaB17fwDN-DcS:1lUlod:Zn6eCJ5jYQK4sgGJT5kPFc9CDHiWN36IOeBCoGl8MC8	2021-04-23 10:44:31.459216+03
d1px9z8xgjz9wm8h3toiaih9ii3n6fx9	.eJxVjMsOwiAQRf-FtSE8Cgwu3fsNZIBBqgaS0q6M_65NutDtPefcFwu4rTVsg5YwZ3Zmkp1-t4jpQW0H-Y7t1nnqbV3myHeFH3Twa8_0vBzu30HFUb81khVIQkwSdbFgQEmvbUIPGQ0IoYmgFHIahFTWoTFS58krrySlaB17fwDN-DcS:1lUoJo:ElSTprpdbCDPURrF09PVTZcOIlG9N9oPK0e4xYL9kT0	2021-04-23 13:24:52.107567+03
0q14rnnrdnyzz3l90dngdqhf7ywf5tmj	.eJxVjDsOwyAQRO9CHSEWMIaU6X0GtHw2OIlAMnYV5e6xJRdJN5r3Zt7M47YWv_W8-DmxKwN2-e0CxmeuB0gPrPfGY6vrMgd-KPyknU8t5dftdP8OCvayry0JS1k6FUGTTINUzkBSQEY4GggpiDFosIYcigijoD2CIRsIszaBfb7cMTgR:1lUpM1:FS1ieyWVd79OFnrCOI6LDXSR0mUnfAeTQjIloxuCg6w	2021-04-23 14:31:13.824688+03
be3xsu2k4q060s7u9ay22n5qh2nhc1s1	.eJxVjDsOwyAQRO9CHSEWMIaU6X0GtHw2OIlAMnYV5e6xJRdJN5r3Zt7M47YWv_W8-DmxKwN2-e0CxmeuB0gPrPfGY6vrMgd-KPyknU8t5dftdP8OCvayry0JS1k6FUGTTINUzkBSQEY4GggpiDFosIYcigijoD2CIRsIszaBfb7cMTgR:1lUpN2:fEU8KH69PQe3QyJvVpiabm0KdV8-CGzx6YxCZCm67xk	2021-04-23 14:32:16.163125+03
k7epkushqa771a5rn6qj8gq0gjny6up2	.eJxVjDsOwyAQRO9CHSEWMIaU6X0GtHw2OIlAMnYV5e6xJRdJN5r3Zt7M47YWv_W8-DmxKwN2-e0CxmeuB0gPrPfGY6vrMgd-KPyknU8t5dftdP8OCvayry0JS1k6FUGTTINUzkBSQEY4GggpiDFosIYcigijoD2CIRsIszaBfb7cMTgR:1lUqOw:TZHuTjeXNWhGlBN_4xOZS8bXk9CJLs1onIl8y2k4Mck	2021-04-23 15:38:18.353511+03
uxrksdeosh1y6ejftwy53pki9y4ho0sg	.eJxVjDsOwyAQRO9CHSEWMIaU6X0GtHw2OIlAMnYV5e6xJRdJN5r3Zt7M47YWv_W8-DmxKwN2-e0CxmeuB0gPrPfGY6vrMgd-KPyknU8t5dftdP8OCvayry0JS1k6FUGTTINUzkBSQEY4GggpiDFosIYcigijoD2CIRsIszaBfb7cMTgR:1lV8cG:0fvJONLI7SoCl3RSxGtb9iJzr2XygAb1h8HJezyviSQ	2021-04-24 11:05:16.13295+03
3ms0cms73ed0eokj2enewoql5vai3x0d	.eJxVjDsOwyAQRO9CHSEWMIaU6X0GtHw2OIlAMnYV5e6xJRdJN5r3Zt7M47YWv_W8-DmxKwN2-e0CxmeuB0gPrPfGY6vrMgd-KPyknU8t5dftdP8OCvayry0JS1k6FUGTTINUzkBSQEY4GggpiDFosIYcigijoD2CIRsIszaBfb7cMTgR:1lV9E9:bqKfW94GqciuxG_YgBgHoXx0uQdDElI-yMJKK1ryHHo	2021-04-24 11:44:25.567667+03
lyp6cdb15czr994eopsqdcagahtth7ic	.eJxVjEEOwiAQRe_C2pACZQCX7j0DGYZBqoYmpV0Z765NutDtf-_9l4i4rTVunZc4ZXEWagBx-l0T0oPbjvId222WNLd1mZLcFXnQLq9z5uflcP8OKvb6rb3h5L0jIDR61GwNIQUcQTEYzTqoQpmJbbLOuQGoQMhJOzaYSRUQ7w884DkD:1lgYyA:ZBOgVQ47l6Omi68-ds8JCvdLRnkaAb3dHqfwGIzXFD0	2021-05-25 23:27:06.196585+03
8aif0w37f8j9pgsxgrpee8vh2dmhu1bu	.eJxVjDsKwzAQRO-iOgj91pZTpvcZzO5qiZwECSy7Crl7bHCRwFTz3sxbTbitedqaLNOc1FWFoC6_JSE_pRwkPbDcq-Za1mUmfSj6pE2PNcnrdrp_Bxlb3tfRIceOk0HPbuijj-yjhYR2AO5kDxrLCBAtChAFEQMgmKi31hGpzxcTUziy:1lV9HZ:J8C_9R2rFr0WAz-gOe2U1iYhRiXBX-QkqMtv2aoChus	2021-04-24 11:47:57.175394+03
oous4rizau91tc89iu2wfkmp3rtc2y64	.eJxVjDsOwjAQBe_iGln-rmNK-pzB2vUHB5AjxUmFuDuJlALamXnvzQJuaw1bz0uYErsyKRy7_FLC-MztUOmB7T7zOLd1mYgfCT9t5-Oc8ut2tn8HFXvd14CUQZO0pggNLoGzSUUggVYZQJ21KsV4AC3yoBI53LEnQ4M00jnPPl8fuTd7:1lglAk:tPrYC73xvMiPW_rLkllCmN4zJ2_eVfOIEYqRYlYRwVc	2021-05-26 12:28:54.236796+03
huuka7rqyx83e94t2x434u0muha5oy4h	.eJxVjDsOwyAQRO9CHSEWMIaU6X0GtHw2OIlAMnYV5e6xJRdJN5r3Zt7M47YWv_W8-DmxKwN2-e0CxmeuB0gPrPfGY6vrMgd-KPyknU8t5dftdP8OCvayry0JS1k6FUGTTINUzkBSQEY4GggpiDFosIYcigijoD2CIRsIszaBfb7cMTgR:1lVBCN:Ee9-OJ6VZV230ndMmnUZNma4aXaQ_HLTuERWsbmk8c8	2021-04-24 13:50:43.3282+03
2o0aw0c3l0brs04p1sd7whjmaaw4f27n	.eJxVjDsOwyAQRO9CHSEWMIaU6X0GtHw2OIlAMnYV5e6xJRdJN5r3Zt7M47YWv_W8-DmxKwN2-e0CxmeuB0gPrPfGY6vrMgd-KPyknU8t5dftdP8OCvayry0JS1k6FUGTTINUzkBSQEY4GggpiDFosIYcigijoD2CIRsIszaBfb7cMTgR:1lVBfq:WwDXkIGTjtkORspIkLt87p6nht15WVhMZilP8n8HFHs	2021-04-24 14:21:10.238053+03
7l0uheabgkbsn110om15c394w0m8dmm6	.eJxVjDsOwyAQRO9CHSEWMIaU6X0GtHw2OIlAMnYV5e6xJRdJN5r3Zt7M47YWv_W8-DmxKwN2-e0CxmeuB0gPrPfGY6vrMgd-KPyknU8t5dftdP8OCvayry0JS1k6FUGTTINUzkBSQEY4GggpiDFosIYcigijoD2CIRsIszaBfb7cMTgR:1lVC9M:M0mNFy2cqpAQQd4kS35Pe58z4T4KCwz6QmWpN665-WQ	2021-04-24 14:51:40.260721+03
8w6hhhfpe7zplu7ine40l7ttlrclfwz7	.eJxVjMsOwiAQRf-FtSFAebp07zcQYGakaiAp7cr479qkC93ec859sZi2tcZt4BJnYGemAzv9jjmVB7adwD21W-elt3WZM98VftDBrx3weTncv4OaRv3WoShwgQLZJMkbkIAGJqdcyWqyDskI4chbMDp7IYUVmFUhlaQAM2nH3h8UVjfi:1lVCHu:5vecQqMa8dZ_xwsTdfnbJ_cdeI4IcOeJ3KVw6VywouA	2021-04-24 15:00:30.226302+03
s285fi1df1e06yhr4w7ridtr90krlf94	.eJxVjDsKwzAQRO-iOgj91pZTpvcZzO5qiZwECSy7Crl7bHCRwFTz3sxbTbitedqaLNOc1FWFoC6_JSE_pRwkPbDcq-Za1mUmfSj6pE2PNcnrdrp_Bxlb3tfRIceOk0HPbuijj-yjhYR2AO5kDxrLCBAtChAFEQMgmKi31hGpzxcTUziy:1lVDAG:SxiAJo8Xy1nnr0I50cl9gHKulTPyFRXYRGFSMc0xoPo	2021-04-24 15:56:40.213745+03
682pyyd5fssddzzluna40dy6wxxe0u4a	.eJxVjDsOwyAQRO9CHSEWMIaU6X0GtHw2OIlAMnYV5e6xJRdJN5r3Zt7M47YWv_W8-DmxKwN2-e0CxmeuB0gPrPfGY6vrMgd-KPyknU8t5dftdP8OCvayry0JS1k6FUGTTINUzkBSQEY4GggpiDFosIYcigijoD2CIRsIszaBfb7cMTgR:1lVQsT:kbUSNFFdVZK1kpFCTTg88mNCUHwQrxkvhHQG-d0bAw4	2021-04-25 06:35:13.641229+03
o72qbwt9t787v7tbper7n1q7f7yreqx9	.eJxVjMEOgjAQRP-lZ9MshXaLR-98Q7Pbbi1qIKFwMv67kHDQ48x7M28VaFtL2KosYUzqqiyoy2_JFJ8yHSQ9aLrPOs7TuoysD0WftOphTvK6ne7fQaFa9rV4yA6cAwHLLOjJpx7ACZhoTBuRWkTK1mJGsp723DC6njtOnTRWfb78UDfU:1lVRUt:Is1ATMwF_UwFlclNQIc5BtMqJAklHuEEGeWhyMZ0AJE	2021-04-25 07:14:55.466495+03
go2jxuc8437aof3vf5tsvjqsf8yreuk4	.eJxVjDsOwyAQRO9CHSEWMIaU6X0GtHw2OIlAMnYV5e6xJRdJN5r3Zt7M47YWv_W8-DmxKwN2-e0CxmeuB0gPrPfGY6vrMgd-KPyknU8t5dftdP8OCvayry0JS1k6FUGTTINUzkBSQEY4GggpiDFosIYcigijoD2CIRsIszaBfb7cMTgR:1lVToX:WZhMN3bW_bDUQXACDMZi_qpJIAgFkFJq6p83aKyfLlE	2021-04-25 09:43:21.988939+03
ta8s9l8kpgicdfg8vgpj4225zg5cyl5j	.eJxVjDsOwyAQRO9CHSEWMIaU6X0GtHw2OIlAMnYV5e6xJRdJN5r3Zt7M47YWv_W8-DmxKwN2-e0CxmeuB0gPrPfGY6vrMgd-KPyknU8t5dftdP8OCvayry0JS1k6FUGTTINUzkBSQEY4GggpiDFosIYcigijoD2CIRsIszaBfb7cMTgR:1lVTp4:TyEavI8CEQOA2KRSS_Nd4ypiNx0_yakTEvDmmkKuR4I	2021-04-25 09:43:54.983412+03
t8sbiszga6a78m77nup3afz0632cphxv	.eJxVjDsKwzAQRO-iOgj91pZTpvcZzO5qiZwECSy7Crl7bHCRwFTz3sxbTbitedqaLNOc1FWFoC6_JSE_pRwkPbDcq-Za1mUmfSj6pE2PNcnrdrp_Bxlb3tfRIceOk0HPbuijj-yjhYR2AO5kDxrLCBAtChAFEQMgmKi31hGpzxcTUziy:1lVUEf:jD-IDTd8Ei5CbMLswdoc6EwTLlP5X533qrC-KNMeTuQ	2021-04-25 10:10:21.412579+03
49ekyh5qilzuijlfjb0t7bsqh840j2mq	.eJxVjDsOwyAQRO9CHSEWMIaU6X0GtHw2OIlAMnYV5e6xJRdJN5r3Zt7M47YWv_W8-DmxKwN2-e0CxmeuB0gPrPfGY6vrMgd-KPyknU8t5dftdP8OCvayry0JS1k6FUGTTINUzkBSQEY4GggpiDFosIYcigijoD2CIRsIszaBfb7cMTgR:1lVVjV:_pppvYJqWVtsHpW_l6r9ZWn3mdImJRLQYo4c49uGf2E	2021-04-25 11:46:17.88493+03
nh2bgolzboscfrbu54uyedi6cl8ue4zh	.eJxVjEEOwiAQRe_C2hCGYSC6dO8ZyABTqRqalHbVeHdt0oVu_3vvbyryutS4dpnjWNRFOVCn3zFxfkrbSXlwu086T22Zx6R3RR-069tU5HU93L-Dyr1-ayI8EzpMAgDFQBYp4okcJQbrMuQBTTIOANmjBA9obQDjB7TBOq_eH-M7Nok:1lVfS4:uym3oBFNpEYrYdxBueMZ_ep1DQB1IW36mZ10lc4QCR8	2021-04-25 22:08:56.889567+03
1hcxspphge5izblz6yy9hlizv4pvwfmk	.eJxVjMsOwiAQRf-FtSGMvF267zeQgQGpGkhKuzL-uzbpQrf3nHNfLOC21rCNvISZ2IVpYKffMWJ65LYTumO7dZ56W5c58l3hBx186pSf18P9O6g46rdOXienUIJ1EpTVYFCAQoFamVK8Nc4DGEelFDD2DElK7bwmIoU2GsHeH9cnNvY:1lVuYZ:TY40uocCXMqj7LenhJCy1lqBjtRKQA_SwMDSn8_DdtA	2021-04-26 14:16:39.216902+03
9i4hszkfm50ypv2lojch4uffnxs4it7j	.eJxVjEsOwjAMBe-SNYrc2Gkbluw5Q2UnDimgVOpnhbg7VOoCtm9m3ssMvK1l2BadhzGZs_FoTr-jcHxo3Um6c71NNk51nUexu2IPutjrlPR5Ody_g8JL-dbQKkiMCNxyR-wJAgFq34MQQhYKROhyQ6HN2TcSoYsuISZ14rEB8_4A8VU3VA:1lWXES:f3RQyfTUEZ8m9TosNJlXnPUSHXZ3YkP38BuGBqUriWM	2021-04-28 07:34:28.243807+03
8w0kt3xyqwtzcakz484dqf5dojmjdulf	.eJxVjMEOwiAQRP-FsyEguxQ8evcbCAuLVA1NSnsy_rtt0oNmbvPezFuEuC41rJ3nMGZxEYji9FtSTE9uO8mP2O6TTFNb5pHkrsiDdnmbMr-uh_t3UGOv2zoiAJLdokCRHsj5UjQkQqe8t-kM2SQwzjoekIEps2VTMrL2CCaJzxcCnzgc:1lWhst:6SLKXonOBnlofbHYDFFerCCaKW3Jjxlck8iDRGUEtW0	2021-04-28 18:56:55.109511+03
qmiaaplew99pj3njew0mhnuzrxlwpylu	.eJxVjDsOwyAQRO9CHSEWMIaU6X0GtHw2OIlAMnYV5e6xJRdJN5r3Zt7M47YWv_W8-DmxKwN2-e0CxmeuB0gPrPfGY6vrMgd-KPyknU8t5dftdP8OCvayry0JS1k6FUGTTINUzkBSQEY4GggpiDFosIYcigijoD2CIRsIszaBfb7cMTgR:1lWjI5:uymudOvAGiYs8GisTsbRv4sczX0tQzPFpjpTw5jlZ1Y	2021-04-28 20:27:01.203251+03
xxyiyfhpy6xhmp9g8cv3ilaxqorv47qj	.eJxVjDsOwyAQRO9CHSEWMIaU6X0GtHw2OIlAMnYV5e6xJRdJN5r3Zt7M47YWv_W8-DmxKwN2-e0CxmeuB0gPrPfGY6vrMgd-KPyknU8t5dftdP8OCvayry0JS1k6FUGTTINUzkBSQEY4GggpiDFosIYcigijoD2CIRsIszaBfb7cMTgR:1lWx5w:OAZ1L1rgr8YdZJZ1hwOx7unnOTanrScaPbC1iQ6IcFM	2021-04-29 11:11:24.996572+03
m6b27kt89b6hlh1oe4j30p2i7n3tdodn	.eJxVjDsOwyAQRO9CHSEWMIaU6X0GtHw2OIlAMnYV5e6xJRdJN5r3Zt7M47YWv_W8-DmxKwN2-e0CxmeuB0gPrPfGY6vrMgd-KPyknU8t5dftdP8OCvayry0JS1k6FUGTTINUzkBSQEY4GggpiDFosIYcigijoD2CIRsIszaBfb7cMTgR:1lWxww:UVC9lWPYPGLsOJnBUVJZ03RrOEv15eGbunIIbirLlQs	2021-04-29 12:06:10.626625+03
ettmqs4tv6ev7ffbmll6cj9q3ckbftzx	.eJxVjMsOwiAUBf-FtSGAPMSl-34DuQ-QqqFJaVfGf7dNutDtmZnzFgnWpaa15zmNLK7CG3H6HRHomdtO-AHtPkma2jKPKHdFHrTLYeL8uh3u30GFXrdalwioPLEim5UtugQdDKHN3kBxOiJziBd0BtmGTSQCIuXdGV2J3ovPFyXkOMA:1lYTSx:AlFWYmwbDncifChZ56rpEtYHKZ_PgE4dhnns9AVn0IY	2021-05-03 15:57:27.2064+03
49jcicp3y7iqu53lnba6ir892b6mv5pv	.eJxVjDsOwyAQRO9CHSEWMIaU6X0GtHw2OIlAMnYV5e6xJRdJN5r3Zt7M47YWv_W8-DmxKwN2-e0CxmeuB0gPrPfGY6vrMgd-KPyknU8t5dftdP8OCvayry0JS1k6FUGTTINUzkBSQEY4GggpiDFosIYcigijoD2CIRsIszaBfb7cMTgR:1lYlTU:jpSaCVrcaBJHsDQnjfUD0zFz_OnTBq8oEvrJ3j9TBpU	2021-05-04 11:11:12.178832+03
83972r1x2pmaira5w18s9smtxp7s0bs3	.eJxVjMsOwiAURP-FtSG8BHHpvt9ALtyLVA0kpV0Z_92SdKHLmXNm3izAtpawdVrCjOzKrGan3zJCelIdBB9Q742nVtdljnwo_KCdTw3pdTvcv4MCvexroJSVcoIQrJHKuWTx4kxOmZyQ1pOCEdVZoAcLe8pAYFKORmrtiX2-IrM4zA:1lYtL7:87SevmTYP6Jl7xF-Svgf9CcFRDBM87PDg8hI_B2Lt3U	2021-05-04 19:35:05.12113+03
kk6uxbx8jtpqhtkmpqda05ae13yxgbec	.eJxVjDsOwyAQRO9CHSEWMIaU6X0GtHw2OIlAMnYV5e6xJRdJN5r3Zt7M47YWv_W8-DmxKwN2-e0CxmeuB0gPrPfGY6vrMgd-KPyknU8t5dftdP8OCvayry0JS1k6FUGTTINUzkBSQEY4GggpiDFosIYcigijoD2CIRsIszaBfb7cMTgR:1lYuz3:IkcpHAVKlO1wNdUFeCquioL2SKMLVE4mWp77t9oCDbo	2021-05-04 21:20:25.359846+03
n3an9ki50a3f9ly1qntqnjd8lnldd4yp	.eJxVjDsOwjAQRO_iGlnE9sYbSnrOEK131ySAbCmfCnF3EikFNFPMezNv09O6DP0669SPYi6mDeb0Wybip5adyIPKvVquZZnGZHfFHnS2tyr6uh7u38FA87CtwXEMjUDUADmJgkvoM7F2wIDaxSxxS3ZtJI-YkclTc5YccsTUoPl8ASLVOMI:1lZuHO:yVSRL1v0jUbrayNCH8MJOmcgkJAB8JyPIFKo4F3k4D4	2021-05-07 14:47:26.417778+03
2kp5by1nv6nrrwtymqw4t29wjlj1hd5j	eyJjaXR5X2lkIjoyM30:1miuxJ:8yy6oV8G2VV6FiS6uX7kFgiPgj3VEaUwjWXXt7SW0tM	2021-11-19 11:52:13.863843+03
i9k85qh4bmabmjtt5qqahsldaagcgy9h	.eJxVjEEOwiAQRe_C2hAECoxL9z0DmSmDVA0kpV0Z765NutDtf-_9l4i4rSVunZc4J3ERzonT70g4PbjuJN2x3pqcWl2XmeSuyIN2ObbEz-vh_h0U7OVbE2n0ljiYRM4FFTQHZYhBB7A6IGVMxI7yMFgCAgB3zl6xMsDsrRXvDx23OFg:1laIwp:Mm5RnGor4gAZtFyqZ024eI2Wd-w9JMsAfXudiDiVZr4	2021-05-08 17:07:51.305021+03
6jja5kreav8631m06tshnv5f3pso2zel	.eJxVjDsOwyAQRO9CHSEWMIaU6X0GtHw2OIlAMnYV5e6xJRdJN5r3Zt7M47YWv_W8-DmxKwN2-e0CxmeuB0gPrPfGY6vrMgd-KPyknU8t5dftdP8OCvayry0JS1k6FUGTTINUzkBSQEY4GggpiDFosIYcigijoD2CIRsIszaBfb7cMTgR:1ladhp:uFBNEJhr3V8suLFUzUZHNSIdB-D6qrDkGUwGV0fjp4U	2021-05-09 15:17:45.425594+03
rtb9a9w1nb758qb33959ypegg6yahmjq	.eJxVjEsOwjAMBe-SNYoaJzUJS_Y9Q-XYDi2gVOpnhbg7VOoCtm9m3sv0tK1Dvy0696OYiwnm9Ltl4ofWHcid6m2yPNV1HrPdFXvQxXaT6PN6uH8HAy3DtwZxDoM610QmKdQCegLFHJQxJmZsxLdRktfssQTSBAU1Q8N0hhLN-wPrBjhe:1ladpn:35quSJUsPoFdw6jr2OftrE0VX70-XWMCQEUenkklV28	2021-05-09 15:25:59.469424+03
tptjfszxp9g19h601jie7jfm0lcq85mo	.eJxVjEsOwjAMBe-SNYoaJzUJS_Y9Q-XYDi2gVOpnhbg7VOoCtm9m3sv0tK1Dvy0696OYiwnm9Ltl4ofWHcid6m2yPNV1HrPdFXvQxXaT6PN6uH8HAy3DtwZxDoM610QmKdQCegLFHJQxJmZsxLdRktfssQTSBAU1Q8N0hhLN-wPrBjhe:1lasGq:w8h80BfVLHZSlX_ibfLv1qF9JmXfNCwCh487UY8zHSk	2021-05-10 06:50:52.084625+03
ceeegf7w7arbqbtto8xfpk50vq05kav2	.eJxVjDsOgzAQBe_iOrL8WRY2ZXrOYK1_MUlkJAxVlLsHJIqknZn33sLxtha3tbS4KYqrwEFcfqHn8Ez1MPHB9T7LMNd1mbw8EnnaJsc5ptftbP8OCreyrwfW3lMKRuveI_SAnTJZBYpR2R0CY6CcwFLHkJGyAUSbbQRSGgKJzxf6djdQ:1lazYp:Kd3Wa9XGNFu89wPtzcnUrbdPNpauHG84qYxnFSom3F4	2021-05-10 14:37:55.672898+03
u2kf17l8jgwfv5p7vstks9ztu8ort4vw	.eJxVjDsOwyAQRO9CHSEWMIaU6X0GtHw2OIlAMnYV5e6xJRdJN5r3Zt7M47YWv_W8-DmxKwN2-e0CxmeuB0gPrPfGY6vrMgd-KPyknU8t5dftdP8OCvayry0JS1k6FUGTTINUzkBSQEY4GggpiDFosIYcigijoD2CIRsIszaBfb7cMTgR:1lazl0:AE0KFFnM8Nf2f52xPAhUuqhL-DKfffrYxllAd_cUMXQ	2021-05-10 14:50:30.642477+03
2zz2qxucrsrucxyfv2rj12ci7mh3zyqv	.eJxVjDsOwyAQRO9CHSEWMIaU6X0GtHw2OIlAMnYV5e6xJRdJN5r3Zt7M47YWv_W8-DmxKwN2-e0CxmeuB0gPrPfGY6vrMgd-KPyknU8t5dftdP8OCvayry0JS1k6FUGTTINUzkBSQEY4GggpiDFosIYcigijoD2CIRsIszaBfb7cMTgR:1lbgzo:0Zsb-dajCMd5YnZ95qiH9igiCcEJD1pmKfzTNs8OdNY	2021-05-12 13:00:40.598842+03
xn8f0m1hqi8ftf590h0dezys43ywn73b	.eJxVjMEOwiAQRP-FsyEguxQ8evcbCAuLVA1NSnsy_rtt0oNmbvPezFuEuC41rJ3nMGZxEYji9FtSTE9uO8mP2O6TTFNb5pHkrsiDdnmbMr-uh_t3UGOv2zoiAJLdokCRHsj5UjQkQqe8t-kM2SQwzjoekIEps2VTMrL2CCaJzxcCnzgc:1lbkY7:MAl6q4qRD245B8oESf74Q6Yg0vwl1YBi1JwMQqpSJ7E	2021-05-12 16:48:19.235171+03
y43jhbnz0ibyd9p823vx6t3g34qxi6hm	.eJxVjEsOwjAMBe-SNYoaJzUJS_Y9Q-XYDi2gVOpnhbg7VOoCtm9m3sv0tK1Dvy0696OYiwnm9Ltl4ofWHcid6m2yPNV1HrPdFXvQxXaT6PN6uH8HAy3DtwZxDoM610QmKdQCegLFHJQxJmZsxLdRktfssQTSBAU1Q8N0hhLN-wPrBjhe:1lc6L2:8R54sotoUq-n8AvZRAU5lQfxdWGt2MdJi2Szn7TfieQ	2021-05-13 16:04:16.824558+03
otqbai8fydunyntitik8rjydq307lls0	.eJxVjEEOgjAURO_StWmgFsp36Z4zNNP2f4saSCisjHfXJiw0s5v3Zl7KY9-y3wuvfkrqojqjTr9lQHzwXEm6Y74tOi7ztk5BV0UftOhxSfy8Hu7fQUbJdd2JoVakicQ9QcDkJJmOWhbrYtsY4DzYxsIOZHsBEF0ggSN8I-r9ASp9ORI:1lc7vU:BBmSGWrVIB_B5tgP2Bon9YFZAWkIhpFFiZ0LPJ-EmgM	2021-05-13 17:46:00.516314+03
ua4p9ml9urazrn485k0q0tpeuhjopgo8	.eJxVjDsOwjAQRO_iGln-xD9K-pzBWu86OIAcKU4qxN1xpBRQzrw382YR9q3EveU1zsSuzBl2-S0T4DPXg9AD6n3huNRtnRM_FH7SxseF8ut2un8HBVrpayDrLQglVUCwSWEG0sKJ4K0y2mFKdlCaCL3x2kodptzNAScjU8_IPl8FKTfU:1lcBbH:bQBc0EmN5-VBo6wAPkg4iI3__qgaO6KFaLlMxbk_B7U	2021-05-13 21:41:23.520862+03
87ra7f44gg8qvdyhpyl1upao2hvzkxlo	.eJxVjDsOwyAQBe9CHaEF87FTpvcZ0LIswUkEkj9VlLtHSC6S9s3Me4uAx17CsfEaliSuYgRx-R0j0pNrJ-mB9d4ktbqvS5RdkSfd5NwSv26n-3dQcCu9VhZtzn4CIsUuKxsnTxrYkMo6J4MeBnKjAzQUGSxrMhoIaRpwiEZ8viGOOKs:1lcudL:2FBiVDgunAmPeqhr2Xt7QbgHiOk77TZ0pxErHveArko	2021-05-15 21:46:31.523953+03
3b21gc7egrt9w8vosz4x01mtsfn64b8u	.eJxVjM0OwiAQhN-FsyFA-RGP3n0GsuxupWogKe3J-O62SQ-auc33zbxFgnUpae08p4nERZyNOP2WGfDJdSf0gHpvEltd5inLXZEH7fLWiF_Xw_07KNDLttZIxtvAQUf0jpk9jnagbC1pC8a5ISoIW5wPMLIxnpX1QyaHUQV04vMFDvY4Cw:1lcvyD:v0ywtp75e1JmMF0CrZwDtamiN_vM5Ouc3krWLHzyf9s	2021-05-15 23:12:09.401255+03
h9b8156yv0nyyqa5xvgossca88c1ndnv	.eJxVjEEOwiAQRe_C2hDKlFJcuvcMZBgGqRpISrsy3l1JutDtf-_9l_C4b9nvjVe_RHEWM4jT7xiQHlw6iXcstyqplm1dguyKPGiT1xr5eTncv4OMLX9rhMgQWE2OFA4Ok9EGnR6tQVADOSBtrQpmIk6Bkppd0F0hYCY3knh_ABWtOIw:1ld6tw:b7i7-fdiaikMlRuPjKu-oDzy_6mf4tfUeeQctjlZzPo	2021-05-16 10:52:28.154867+03
6wy6j70buo47511dgm74ldhajjmk9h0z	.eJxVjMEOwiAQRP-FsyHAdgU8evcbyMKCVA1NSnsy_rtt0oPeJvPezFsEWpca1p7nMLK4CDeI028ZKT1z2wk_qN0nmaa2zGOUuyIP2uVt4vy6Hu7fQaVet3VE8IVY2WJM1uC2XMhCyugIAM-xDF4zetDoVByAUZVoWdtiDTmP4vMFHAM4Fw:1ldSq5:5MXl9k8VyO0P8bFzfmpIOVOBbExjn5w8iLYSzXL08P8	2021-05-17 10:17:57.746384+03
dz83lxaxsnbp8h2mjvooas43bib2crtp	.eJxVjEEOwiAQRe_C2hACBQaX7j0DGZhBqgaS0q6Md9cmXej2v_f-S0Tc1hq3wUucSZwFWHH6HRPmB7ed0B3brcvc27rMSe6KPOiQ1078vBzu30HFUb_1ZJKfNAM5zkZZ0hkCJvCmJEcaVMmMITiw4LUhpbJyRemSJk1cgkfx_gAPRjhM:1leCwq:UT01uFfgEl0bow3rBF9wBndwFLr9i6n6wWCFjncJi4Q	2021-05-19 11:32:00.098937+03
k1vtq1du1aqkd4ttev1nctcvqcmt5uds	.eJxVjLsOAiEUBf-F2hDeD0v7_QZy4YKsGkiW3cr474ZkC23PzJw3CXDsNRwjb2FFciWek8vvGCE9c5sEH9Dunabe9m2NdCr0pIMuHfPrdrp_BxVGnTUvnknUEmRkIilmi_C8gNJKO8F9AoyggUXrmHOSgUdjuMeouDHKZvL5AvnaN24:1leI9S:67ZjBFYTLZjP79i8Of2o3wNoVGxtJ1GPm3tX68N5Jp8	2021-05-19 17:05:22.643988+03
u30fqd8zsu7q7n6b38eilgzjxigwzx0s	.eJxVjDsOwyAQRO9CHSEWMIaU6X0GtHw2OIlAMnYV5e6xJRdJN5r3Zt7M47YWv_W8-DmxKwN2-e0CxmeuB0gPrPfGY6vrMgd-KPyknU8t5dftdP8OCvayry0JS1k6FUGTTINUzkBSQEY4GggpiDFosIYcigijoD2CIRsIszaBfb7cMTgR:1leLS9:7b2lGeqaqUMMh2TeYM552NEJWOy7ZuuCsUOGUfr24FM	2021-05-19 20:36:53.10261+03
gt17kxc9oi7mzvzu9i5cukishenmkhco	.eJxVjDsOwyAQRO9CHSEWMIaU6X0GtHw2OIlAMnYV5e6xJRdJN5r3Zt7M47YWv_W8-DmxKwN2-e0CxmeuB0gPrPfGY6vrMgd-KPyknU8t5dftdP8OCvayry0JS1k6FUGTTINUzkBSQEY4GggpiDFosIYcigijoD2CIRsIszaBfb7cMTgR:1leLaX:yndSZgTPbHgtyUW08lRUlTdBw66by8GWSh8bBIYJ9CY	2021-05-19 20:45:33.003568+03
6e1g6zrq499sz723z9b58v7isgepfn01	.eJxVjDsOwyAQRO9CHSEWMIaU6X0GtHw2OIlAMnYV5e6xJRdJN5r3Zt7M47YWv_W8-DmxKwN2-e0CxmeuB0gPrPfGY6vrMgd-KPyknU8t5dftdP8OCvayry0JS1k6FUGTTINUzkBSQEY4GggpiDFosIYcigijoD2CIRsIszaBfb7cMTgR:1leyNj:2r7D8ma5ebmo0KsIKRHTi5wOXC-OowUJ3f8XATvT56s	2021-05-21 14:10:55.352778+03
9i7dn8jlsqwtyjwowaw9qedyg46l0i5m	.eJxVjDsOwjAQRO_iGlkbsbuxKek5g7X-4QCypTipEHcnkVLAlPPezFs5WZfi1p5mN0V1UZbU6bf0Ep6p7iQ-pN6bDq0u8-T1ruiDdn1rMb2uh_t3UKSXbU3REA_IgbwZY8ZsgTAhBAgm5cGM-cycyJBli2C3gEcGhBy8FSH1-QLw0DdJ:1lfHim:cKgP4tMlKuukVXCff5V4VptVdC0fSh3YRHccFY6Zxho	2021-05-22 10:49:56.930736+03
y8prq4khqd615a0yjcxxpvdh4yawu4td	.eJxVjEEOwiAQRe_C2pApnTrg0n3P0AwDSNVAUtqV8e7apAvd_vfef6mJtzVPW4vLNAd1Ue6sTr-jZ3nEspNw53KrWmpZl9nrXdEHbXqsIT6vh_t3kLnlb01DB-IQiDqfyAFEBAcoaFgsM1mXCIUSGUkQevQ2GW8wOMMDmD6p9wfp_Td8:1lfNDY:QpTGIXFNKTgIxwRLSSNGV41BZG6okWR3KZySDyh_Nr4	2021-05-22 16:42:04.952088+03
0kiagp2re9klsj8zucmzq0wgusy1wajd	.eJxVjDsOwjAQBe_iGlmKcTY2JT1niPZnHEC2FCdVxN0hUgpo38y8zYy4Lnlcm87jJOZiYjCn35GQn1p2Ig8s92q5lmWeyO6KPWiztyr6uh7u30HGlr-1V4oqrB6GoQcgDshRRAMRxsQB4hk6ToLUp55JISZ1LgEgd853at4fVMU53Q:1lfZwq:F1OhrD17GcNaOWU2vHdKeh9Ucvb231YZKgiFBPTaEcw	2021-05-23 06:17:40.525397+03
tp3otyckrxk6esypr65ejkvcu1mvjbuc	.eJxVjEsOwjAMBe-SNYoaJzUJS_Y9Q-XYDi2gVOpnhbg7VOoCtm9m3sv0tK1Dvy0696OYiwnm9Ltl4ofWHcid6m2yPNV1HrPdFXvQxXaT6PN6uH8HAy3DtwZxDoM610QmKdQCegLFHJQxJmZsxLdRktfssQTSBAU1Q8N0hhLN-wPrBjhe:1lfao9:fIKiyh3pHVhQt5OP8i05cNo7fnCKx507Yb10edhBE3o	2021-05-23 07:12:45.793231+03
rto37jgx0wcd7l41z5r16pp8v2yk17l9	e30:1lmtIu:XbskruvM5NphAulhV3bS0WD2KvdRXAaDMkrIzI-Z3IA	2021-06-12 10:22:40.05912+03
lhh728rdjh942bq3ufoeyime07uecfub	.eJxVjE0OwiAYRO_C2hAQSotL956BfH9I1dCktCvj3W2TLnQ5897MWyVYl5LWJnMaWV1UjOr0WyLQU-pO-AH1Pmma6jKPqHdFH7Tp28Tyuh7u30GBVrZ1YO-EEYyBM6CzBEyYownEW-yChZ58FLaUpQPHzg7ojRczZCPO9-rzBUoMOTk:1lfiO2:V3IyGMr2yDa-dH3rtZrTzhvYWshSMeJZYY8JqkqRyHk	2021-05-23 15:18:18.642545+03
rsta5fpqh1lu94tlff3rrz26e0f15il0	.eJxVjEsOwjAMBe-SNYoaJzUJS_Y9Q-XYDi2gVOpnhbg7VOoCtm9m3sv0tK1Dvy0696OYiwnm9Ltl4ofWHcid6m2yPNV1HrPdFXvQxXaT6PN6uH8HAy3DtwZxDoM610QmKdQCegLFHJQxJmZsxLdRktfssQTSBAU1Q8N0hhLN-wPrBjhe:1lfw7t:7PqTcX30b_ybDOL5J8jfWLP_XXX9cSvePislViVce_0	2021-05-24 05:58:33.8945+03
f0ps0pf5tm2cz2ko83ahdcoamwbudb7w	.eJxVjEEOwiAQRe_C2pACZQCX7j0DGYZBqoYmpV0Z765NutDtf-_9l4i4rTVunZc4ZXEWagBx-l0T0oPbjvId222WNLd1mZLcFXnQLq9z5uflcP8OKvb6rb3h5L0jIDR61GwNIQUcQTEYzTqoQpmJbbLOuQGoQMhJOzaYSRUQ7w884DkD:1lgZ6C:LayEL1P5bm9xxhfHKIEdFLZ2p1Ki9SLY1SiZ4eRD0OY	2021-05-25 23:35:24.949605+03
6yhyxi8a59tkva97imbhy9dlnpk7iv5p	.eJxVjMsOgjAQAP-lZ9NsX1A8eucbyHZ3a1FDEwon478bEg56nZnMW024b2Xam6zTzOqqDDh1-aUJ6SnLofiBy71qqsu2zkkfiT5t02Nled3O9m9QsJVjPBjfE_YSje0GQ5DFhsihIzQOHHsIKREOSUy2AkDos3gOkSyIp6w-XyHNOKo:1lg6tt:vSGKlbLnyRmXRz01nIIwPHRAQIk4WhTmyBngw-cn3fE	2021-05-24 17:28:49.647592+03
cpi5yugvtw6679pgjx9qoc5nm75zdxu4	.eJxVjEsOwjAMBe-SNYoaJzUJS_Y9Q-XYDi2gVOpnhbg7VOoCtm9m3sv0tK1Dvy0696OYiwnm9Ltl4ofWHcid6m2yPNV1HrPdFXvQxXaT6PN6uH8HAy3DtwZxDoM610QmKdQCegLFHJQxJmZsxLdRktfssQTSBAU1Q8N0hhLN-wPrBjhe:1lgnIF:XKSAJZxrCChVnRQCmFHbESxeuGBBrwaZuj0e10VKjPI	2021-05-26 14:44:47.606422+03
9j96olaymal6l9f4b9b0ds3utyehla38	.eJxVjEsOwjAMBe-SNYoaJzUJS_Y9Q-XYDi2gVOpnhbg7VOoCtm9m3sv0tK1Dvy0696OYiwnm9Ltl4ofWHcid6m2yPNV1HrPdFXvQxXaT6PN6uH8HAy3DtwZxDoM610QmKdQCegLFHJQxJmZsxLdRktfssQTSBAU1Q8N0hhLN-wPrBjhe:1lgnSf:rYl0XNect3Zq5tIUcDAycj-xa0yNgKQZbDR_wvW036I	2021-05-26 14:55:33.931739+03
359kwqzsqxnd1gfwpr8jjo14szamgou7	.eJxVjM0OwiAQhN-FsyEFWX48evcZyLIsUjU0Ke3J-O62SQ86x_m-mbeIuC41rp3nOGZxEWow4vTbJqQntx3lB7b7JGlqyzwmuSvyoF3epsyv6-H-HVTsdVvTgIUpF-_gTBYcoCuupKCIbNGks-JAvhhFaDR7yA5oC5ANzIxefL5lgTn-:1lgGpo:QjI9fex7ccuokmstgUFSUEGLStwIbM7uuMUc0AZG7EU	2021-05-25 04:05:16.622657+03
62jpwnchmdnj7bynzjkckhoswjn34w7r	.eJxVjMEOwiAQRP-FsyG70hXw6N1vIMBupWpoUtqT8d-VpAe9Tea9mZcKcVtL2JosYWJ1VlYdfrsU80NqB3yP9TbrPNd1mZLuit5p09eZ5XnZ3b-DElv5rr1Dm40kSmD92JNHAAMnBmKEUY6UGQfjTCLkiCQo5Mh5GUQQonp_ANjLN5Y:1lgs9A:kulrzCB294tr3Z5XvjN8UagAOfetGI0jil7tFCJPeLA	2021-05-26 19:55:44.396671+03
evlwejlf05u720oge4znn7qoaf1h9tv4	.eJxVjEsOwjAMBe-SNYoaJzUJS_Y9Q-XYDi2gVOpnhbg7VOoCtm9m3sv0tK1Dvy0696OYiwnm9Ltl4ofWHcid6m2yPNV1HrPdFXvQxXaT6PN6uH8HAy3DtwZxDoM610QmKdQCegLFHJQxJmZsxLdRktfssQTSBAU1Q8N0hhLN-wPrBjhe:1lgLb3:a51-_xenKajBm2OR2QAnfGuo6KhL8cK7ZbW2EJGGClc	2021-05-25 09:10:21.087675+03
5bgtsktr59mvxvda274fku7hs2n34arr	eyJjaXR5X2lkIjoyM30:1mivbH:hBLvErTHwdeegvKPvX81H2d9CzMHomniIBAosfN-EGs	2021-11-19 12:33:31.461926+03
by90uxefkhsqj5fdr33w5phlp01w8dzu	.eJxVjEEOwiAQRe_C2hCmwDi4dN8zEGBAqoYmpV0Z765NutDtf-_9l_BhW6vfel78xOIiAECcftcY0iO3HfE9tNss09zWZYpyV-RBuxxnzs_r4f4d1NDrt8YzG0dMhWzRELUqFoZgB0DDlBltiZoiGAc6AwariCAhoELjtElKvD8LUjbr:1lhtCp:fDYtPbtG5J3FRPxZc7YeLYDriU3AQgPSR2oZ26IAVXs	2021-05-29 15:15:43.380298+03
6ya7ppd3ywmyeny9a8rp6utaeod7w0z8	.eJxVjEsOgjAUAO_StWmEvtKHS_ecoen7VFADCYWV8e7ahIVuZybzMjHt2xj3omucxFxM04A5_VJK_NC5Krmn-bZYXuZtncjWxB622GERfV6P9m8wpjLWsYoIIuWOsHfnFgI77tC5DKQCvTj2PnwLAE4BXUDFlnID6rkFEvP-ADlsOIU:1liANj:F2Z2K9jznUmMAYQs0Jyi15ZMK6m_pp0lAhUD8EGWo3o	2021-05-30 09:36:07.265237+03
9i8x6ju695nsxpg76vpdw74sgaw5g73l	.eJxVjMsOwiAQRf-FtSG8O7h07zeQgQGpGkhKuzL-uzbpQrf3nHNfLOC21rCNvISZ2JlJadnpd42YHrntiO7Ybp2n3tZljnxX-EEHv3bKz8vh_h1UHPVbq0lIYYrRWgvnMlkCbUWZUjQQlYpOGkDyAkDK7Kgoiw58huKjTaok9v4A_dU3sA:1liHab:UZtPeehH2w1wrwHACjEks2axDBddQaPc9O72HXdUBWk	2021-05-30 17:17:53.994875+03
az87vz3va2309xcxb9yk8sp2gibgfu8g	.eJxVjEEOgjAQRe_StWmAzrTo0j1naGamg0UNTSisjHdXEha6_e-9_zKRtjXHreoSp2Qupm2DOf2uTPLQeUfpTvOtWCnzukxsd8UetNqhJH1eD_fvIFPN3xq9OAUaIXhy6MZOCJApAQA2qCg9p4Z8UDkjBdYOvG8kKQOOPWtr3h88Pzjy:1liu37:sDPds0tJYvVVjyQpK8MVwV65j2in49J6Pidr_OrQ7R4	2021-06-01 10:21:53.354096+03
l1vn2xrhypjtrooicuu4ye7e2t4llgks	eyJjaXR5X2lkIjoyM30:1mjMLb:RBoKwCfYwss0qreMvfQjGxsT-Msj3ctbJw9Zu8ar1wM	2021-11-20 17:07:07.268631+03
ogr0llo8puo04dud0y2dkp4f8qm308ll	.eJxVjMEOwiAQRP-FsyGw3dLq0bvfQJZdkKqhSWlPxn-XJj3ocea9mbfytK3ZbzUufhJ1Udae1em3DcTPWHYkDyr3WfNc1mUKelf0Qau-zRJf18P9O8hUc1sjQGTXsXNMDlHE8sBo-tixEBA0BnboHWECTmNybIIEMzJjCxbU5ws63Di0:1lj0nv:yIac00gvlVc-FIdTZ3Mbss67oTEuw39SIbkJvTuNWTY	2021-06-01 17:34:39.953616+03
5nlt731fxvjbdnizqvk27136bmukpz0k	.eJxVjDsOwyAQRO9CHSEWMIaU6X0GtHw2OIlAMnYV5e6xJRdJN5r3Zt7M47YWv_W8-DmxKwN2-e0CxmeuB0gPrPfGY6vrMgd-KPyknU8t5dftdP8OCvayry0JS1k6FUGTTINUzkBSQEY4GggpiDFosIYcigijoD2CIRsIszaBfb7cMTgR:1ljP3x:pLP6paZngq8zBB5HteDFRIlswqH3Hui3Gck0ksE8ywo	2021-06-02 19:28:49.013499+03
qbybi51z3apwbtbxmy6bo5uo8ah4wxyb	.eJxVjM0OgjAQhN-lZ9PsblGoR-88Q9P9QVADCYWT8d2FhIMeZ75v5u1SXpc-rcXmNKi7OiRwp9-Wszxt3JE-8nifvEzjMg_sd8UftPh2UnvdDvfvoM-l39ZNBjGLWHcQLUCtpJGbikC7oCRcny9b4CiMZMjUWSURKTBoQIngPl8z6zhL:1ljbrH:J5ISme7foVFlR9DzFustxG0_5wIAXoVxyUCJHCxP3qk	2021-06-03 09:08:35.846738+03
oqp7uxobyqr2u7j33u1481rfcjc42qac	.eJxVjDsOwjAQBe_iGlnxZhM7lPQ5Q7Q_SADZUj4V4u4QKQW0b2beyw20reOwLTYPk7qzCxDc6XdlkoflHemd8q14KXmdJ_a74g-6-L6oPS-H-3cw0jJ-67YGBosKKk0nHOmKHIHEWgA0TKzIUFFqG6yTxI4SQIWB65BI0JJ7fwA3Jzgp:1ljgqe:XO6YJcK75rueQ9pzRzFJIklXW_kkbzX2cznj45nftcA	2021-06-03 14:28:16.045897+03
1un9i6mdfwawbk5cbczlfdk5nblkjuk7	.eJxVjEsOwjAMBe-SNYoaJzUJS_Y9Q-XYDi2gVOpnhbg7VOoCtm9m3sv0tK1Dvy0696OYiwnm9Ltl4ofWHcid6m2yPNV1HrPdFXvQxXaT6PN6uH8HAy3DtwZxDoM610QmKdQCegLFHJQxJmZsxLdRktfssQTSBAU1Q8N0hhLN-wPrBjhe:1lk3Jm:spDDuxcBmaltdzYfE3eRs4U5Qj1bWh_AQ4EXHJv1KdE	2021-06-04 14:27:50.376952+03
tqgnl3ty8pgzfupdaeuaazdpxtc5eec6	.eJxVjEsOwjAMBe-SNYoaJzUJS_Y9Q-XYDi2gVOpnhbg7VOoCtm9m3sv0tK1Dvy0696OYiwnm9Ltl4ofWHcid6m2yPNV1HrPdFXvQxXaT6PN6uH8HAy3DtwZxDoM610QmKdQCegLFHJQxJmZsxLdRktfssQTSBAU1Q8N0hhLN-wPrBjhe:1lk3jI:2B90l3QFo-tCFujfHM9wrdd90rTF-a2BBgWhblpmNE0	2021-06-04 14:54:12.357891+03
aiedzdcb0dhowjjev08f0ni767ntjud7	.eJxVjDsOwyAQRO9CHSEWMIaU6X0GtHw2OIlAMnYV5e6xJRdJN5r3Zt7M47YWv_W8-DmxKwN2-e0CxmeuB0gPrPfGY6vrMgd-KPyknU8t5dftdP8OCvayry0JS1k6FUGTTINUzkBSQEY4GggpiDFosIYcigijoD2CIRsIszaBfb7cMTgR:1lkPJ8:BKrvPhaq1AOgWesntJe64Y65T3J_Ou3wxl0vJCiigcM	2021-06-05 13:56:38.257068+03
jlqt0j4c7hjvz08w55z0t6uudzni3jpr	.eJxVjDkOwjAUBe_iGln4xyslPWeI_BdwANlSnFSIu0OkFNC-mXkvNeZ1KePaZR4nVidlwKnD74qZHlI3xPdcb01Tq8s8od4UvdOuL43led7dv4OSe_nWAAKDOXpCY2NyCV0GJLIZwDIMwgyEPooVTCmEqxUygV1y4EOEENX7AyO7N-U:1ll3Ie:6JCdDdnHMBGIvqC6zJ28MYy4a6rYbCXL4SgySn8yARk	2021-06-07 08:38:48.369421+03
89kqnhnq505su5wp99s97ii8iriuuni5	.eJxVjEsOwjAMBe-SNYoaJzUJS_Y9Q-XYDi2gVOpnhbg7VOoCtm9m3sv0tK1Dvy0696OYiwnm9Ltl4ofWHcid6m2yPNV1HrPdFXvQxXaT6PN6uH8HAy3DtwZxDoM610QmKdQCegLFHJQxJmZsxLdRktfssQTSBAU1Q8N0hhLN-wPrBjhe:1ll68U:4K-O9Srmnw3kNG9K9g6pwKeq7pqsR951Q6_8yBljgnk	2021-06-07 11:40:30.149581+03
dqaip4q9r4zjbnpsxxc8rv28o5to5vsz	.eJxVjDsOwyAQRO9CHSEWMIaU6X0GtHw2OIlAMnYV5e6xJRdJN5r3Zt7M47YWv_W8-DmxKwN2-e0CxmeuB0gPrPfGY6vrMgd-KPyknU8t5dftdP8OCvayry0JS1k6FUGTTINUzkBSQEY4GggpiDFosIYcigijoD2CIRsIszaBfb7cMTgR:1ll99O:RKFHMH5CsHNlc7Wh3E7l4tGt9bVWdQLTWHbivoJbqP4	2021-06-07 14:53:38.674126+03
7hyf5e4ym0y9r77wy8a8c02xxy6t28ug	.eJxVjrEOgzAQQ_8lcxVdIDlCx-58Q3THJYW2AonAVPXfm0gM7Wg_2_JbBTr2KRw5bmEWdVWmBXX5dZnGZ1wqkgct91WP67JvM-sa0SfNelglvm5n9m9gojyVNvWY-saDaxJbZ8S3XEXDYKzzIOiJLGDsiFFSKgzAiUNbHmHHVn2-BTE3Bw:1llCpf:ZzK_pNxIuH9J4QaNQCFPU0gGFdByc-41ex2NTpRAYqw	2021-06-07 18:49:31.832037+03
de9bp98otxwvvbvukwz7achb2498372m	.eJxVjMsOwiAQRf-FtSEUKQ-X7v0GMgMzUjWQlHZl_HfbpAvd3nPOfYsI61Li2mmOUxYXMeggTr8rQnpS3VF-QL03mVpd5gnlrsiDdnlrmV7Xw_07KNDLVgN5RhNGp5UGDmiZzmwoJYsjJ0PBknGU0Vr23udBZwMaMQW1icqB-HwBYpU5oQ:1llCrE:KKbxJq3MM_4utlf_BRxf17Pq1N81VkU9IkwlFtWYZ44	2021-06-07 18:51:08.028555+03
3zr5yam5gwcdc7z96a89pzdnxejdfi71	.eJxVjrEOgzAQQ_8lcxVdIDlCx-58Q3THJYW2AonAVPXfm0gM7Wg_2_JbBTr2KRw5bmEWdVWmBXX5dZnGZ1wqkgct91WP67JvM-sa0SfNelglvm5n9m9gojyVNvWY-saDaxJbZ8S3XEXDYKzzIOiJLGDsiFFSKgzAiUNbHmHHVn2-BTE3Bw:1llCrv:_sX2tbhLW9nlTqvX5Yc1REutGP6pK8eKSnEZjrA34c4	2021-06-07 18:51:51.804857+03
2hho7srhzc7wtr53ps3r5dyck4b7ndev	eyJjaXR5X2lkIjoyM30:1mhV9g:NFSHEal0C-B3DFydR21bvXukfT9d2ViRizigPLumjjE	2021-11-15 14:07:08.752038+03
whzjd5p6zyf47tc6laisb1k0k3upmz56	.eJxVjEsOwjAMBe-SNYoaJzUJS_Y9Q-XYDi2gVOpnhbg7VOoCtm9m3sv0tK1Dvy0696OYiwnm9Ltl4ofWHcid6m2yPNV1HrPdFXvQxXaT6PN6uH8HAy3DtwZxDoM610QmKdQCegLFHJQxJmZsxLdRktfssQTSBAU1Q8N0hhLN-wPrBjhe:1llDyR:1ms7H9w5WgebLb2s89dHwUKQFFpjBPSagSyokueTU1w	2021-06-07 20:02:39.165806+03
bt3pzaku94gx50bljzjc5g71np1hl9qt	.eJxVjDEOAiEQAP9CbQiwIGBp7xsIsIucGkiOu8r4d0NyhbYzk3mzEPethn3QGhZkFyY9sNMvTTE_qU2Fj9junefetnVJfCb8sIPfOtLrerR_gxpHnWNjsRQNwnmpUQulJBYSUWdlyZbofJLOSFWcyEAWAHUhqxA9aI_mzD5fH3836Q:1m8Iwv:JwfTdTXvlNMV2w3SRI9bzn4OyUeeSOmbozz_hOKSTo4	2021-08-10 12:00:29.362187+03
gehmoe48mcgt5ffivp3ys0g5fv43rftp	.eJxVjEEOwiAQRe_C2hAY6AAu3fcMBGZQqoYmpV0Z765NutDtf-_9l4hpW2vcelnixOIsQBtx-l1zokdpO-J7ardZ0tzWZcpyV-RBuxxnLs_L4f4d1NTrt8aCVw8hZcgWkR2aEgwZRjdk7wkJ0GqjrKXgHGggFRCcVswBaQhJvD8Ryjcu:1mTYYf:RpGAm8KqXWGV3DrRlmgSq-uPHGzHEM8U3z01sddNrGc	2021-10-08 02:55:17.359732+03
9fsqvvj4owew1tqsh947uer4cfg4jccl	.eJxVjEEOwiAQRe_C2hAGEFqX7nsGMmUGqRpISrsy3l1JutDte-__lwi4bznsjdewkLgIcEacfumM8cGlK7pjuVUZa9nWZZY9kYdtcqrEz-vR_h1kbPm7dqC10agwjfPgvCZndVRgzyOzojSycYnQArKm5DtX4BEhAUUVByfeHxzUOCc:1ltefn:3K9I4CzIUNEUi2LKL2Gb22-atbtlPaK8FHf4fKHe-XA	2021-07-01 02:10:15.991828+03
zsz5ljea37pfpwm6mgvs0nwjj2h7wb2m	.eJxVjkEOwiAQRe_C2hCHQgGX7nsGMgyDVA1NSrsy3l1JutDtfy8v_yUC7lsJe-M1zElcBIxWnH7XiPTg2lG6Y70tkpa6rXOUXZEHbXJaEj-vh_sXKNhKD3M22SjnvLeECgyDQwRFwDFrHb0FHemcR60GA0or9In4e4di0jSQeH8ALKs4Yg:1luZID:ovorALBtRdeMnLnQ87lFR4DSr0gfQsbxSVVpI70sNrw	2021-07-03 14:37:41.156101+03
05nve55mvv03loo65kk2hq35v0sixwfh	.eJxVjEsOwjAMBe-SNYoaJzUJS_Y9Q-XYDi2gVOpnhbg7VOoCtm9m3sv0tK1Dvy0696OYiwnm9Ltl4ofWHcid6m2yPNV1HrPdFXvQxXaT6PN6uH8HAy3DtwZxDoM610QmKdQCegLFHJQxJmZsxLdRktfssQTSBAU1Q8N0hhLN-wPrBjhe:1miDci:lp-tpIiw4UhjjveDIgulB8CCBoaShvIULpHVnoEK0hk	2021-11-17 13:36:04.721667+03
9diii9ctkj79o50cihhjs3v0zajhecca	eyJjaXR5X2lkIjoyM30:1mhVz3:JdN8ChCKDKABf-CKke5jWXosN6I2uBfVaQbEFErtMbA	2021-11-15 15:00:13.451968+03
k2iwgtk58f5sx2lfxe0cz7312ukuuj1v	.eJxVjMsOwiAQRf-FtSEMlEdduvcbyAwDUjU0Ke3K-O_apAvd3nPOfYmI21rj1vMSJxZnobUVp9-VMD1y2xHfsd1mmea2LhPJXZEH7fI6c35eDvfvoGKv3xq8s64YcGjIu-AJ9ahspuICpwxlAMw2lUCWKDAo8GGAxEab0aFGJd4fKJQ4MQ:1miwQE:Jn6wiVyjR6JMyl-rhELi1qAcexQyyAnORUxdzAB0LyM	2021-11-19 13:26:10.313416+03
ngjwpvextuya6u46ckwme4yo0n5uqoz0	eyJjaXR5X2lkIjoyM30:1mjMbM:yLLK1jq1npAW7R2eFBCO_C0TeD6XYjFyOqswLtLnd-k	2021-11-20 17:23:24.754165+03
2961w2ibt6v0wt3emjdj1vky037adhi1	eyJjaXR5X2lkIjoyM30:1mhpvG:K7v061CD_rftIar5Jw_BV9coexMhpXiUSvWaXAigfqQ	2021-11-16 12:17:38.86821+03
5ajej83lakxnu4m2rvi0o2kxl8ysg72q	.eJxVjDkOwjAUBe_iGlle8r1Q0nMG63vDBmRLcVIgxN0hKE3amXnvTUJdXq5GcuYn4nBdiltHmv-ECKHIgXoMj9Q2Fe_Ybp2G3pa5eroldLeDXntMz8veHg4KjvJbe5ayFFkpBJQmRWusB8akBmmB84zKTslKBCtAm8ARM0MtJ8gxK2SGfL7HTjun:1mk9L7:l_QxTpvKBIlABgqZsEwvAURB4Wx7-FUUl_ZsgYaJS_A	2021-11-22 21:25:53.007334+03
a3qnumqu46m8s4uxehh426zdznlfb0wl	eyJjaXR5X2lkIjoyM30:1mlCXK:PWQnL3GSTquafG-xBKLfD6Nkjnb_AKdJjFRbMah5mYc	2021-11-25 19:02:50.83383+03
3tzbiq3lvqnoygrstl4d2wx0gu3nuek4	eyJjaXR5X2lkIjoyM30:1mlyi6:dcGZuZaFwVG539wxGY0uQRA3s23_Q458MxBb5ncDoys	2021-11-27 22:29:10.18453+03
6w4f7ytympdho8ovi0ugqo5wu85vrneq	eyJjaXR5X2lkIjoxfQ:1mmZAI:KojoGknOg0ego4IsHcdR5aBOUX2jkAVVLUvMB7I5BHk	2021-11-29 13:24:42.274087+03
teglt0vdwdm5eauty8vfbta9eg7faxsq	eyJjaXR5X2lkIjoyM30:1mnHOt:VDOd4bGxV3OF7PC4tGPcrpHZdHWusYWUu_PwOpe-Afo	2021-12-01 12:38:43.524024+03
cntbsnrbhdp3n0l3i73qp15fijqchtd2	.eJxVjEEOgjAQRe_StWmoLdJx6Z4zkJnOjEVNSSisjHcXEha6_P-9vLcZcF3ysFaZh5HN1Th_NqfflzA9peyIH1juk01TWeaR7K7Yg1bbTyyv2-H-BTLWvIcFfBdbUMcXpkAeu8Z17DWQQogCxKAa4kbiNj2BCrcOJWnbJA_m8wU25zjs:1llN89:TiMg4e1RoVuvNhZ6K7Yp5VbGAMb4QIieGUu1FHsJy_I	2021-06-08 05:49:17.274063+03
vm3n9bj2tpoxao4lc3abuposgtngj345	eyJjaXR5X2lkIjoyM30:1miFjj:NI1vUFVPz_86XrCzefX-QvuNoTaxO2d9oxLfiYLumaE	2021-11-17 15:51:27.289287+03
ep313f7koppusgvor713f0uawjlv1q46	.eJxVjDEOwjAMRe-SGUUuTuqUkZ0zRE5sSAGlUtNOiLtDpQ6w_vfef5nI61Li2nSOo5iT6QKZw--aOD-0bkjuXG-TzVNd5jHZTbE7bfYyiT7Pu_t3ULiVb-1pQFT0JH0IBL0LwSevWfHo1HFHDAwIACJ50F4gkaIwuXxFDymY9wcNATfe:1m9ICI:cgsC4isNSrQdpQ8_pfE4LMLT-l6qF7RlGIN49XTgiS8	2021-08-13 05:24:26.925631+03
60dr4t5crivdg72hco7dnopclv4xygje	eyJjaXR5X2lkIjoyM30:1miwTN:1_3aA00irpecIiWKNtseHHl8OuHQyQygZiverKJ0oT8	2021-11-19 13:29:25.836942+03
0vzj456yerrlflku0shn3clllu9onmjj	.eJxVjEsOwjAMBe-SNYoaJzUJS_Y9Q-XYDi2gVOpnhbg7VOoCtm9m3sv0tK1Dvy0696OYiwnm9Ltl4ofWHcid6m2yPNV1HrPdFXvQxXaT6PN6uH8HAy3DtwZxDoM610QmKdQCegLFHJQxJmZsxLdRktfssQTSBAU1Q8N0hhLN-wPrBjhe:1mGCjt:Msk7SgC301TeTPs3KtOPnn36IJxza0hhqrFW0E0ACgI	2021-09-01 06:59:41.226869+03
ms3w0wdh0b05un49fzray1t8a2llfm4h	.eJxVjEsOwjAMBe-SNYqCa-XDkj1nqBzboQWUSk27qrg7VOoCtm9m3mZ6WpehX5vO_SjmYs4-mtPvmomfWnckD6r3yfJUl3nMdlfsQZu9TaKv6-H-HQzUhm-NmpEcxxSdAgVW9uogMUFWECyYuq4DclIkAGaEwtnFJL5g8CEU8_4ATDg40Q:1lw0TR:J7hQSBYFhRaQ-weLBd--C3E86FILV1uP7I8CuaCARdU	2021-07-07 13:51:13.428204+03
cvu5rwj55i0cx2mxhlkk8y7wz9mffm3g	eyJjaXR5X2lkIjoyM30:1mjNGR:mNSTjCOj8vjmFRfhM-Nt2OlU4NhPSYMHiF9z6tIPNMM	2021-11-20 18:05:51.706358+03
ylak3tf8l9q8b5il9f6nq81s6zg7bdy2	.eJxVjE0OwiAYBe_C2pDyLy7d9wzkAx5SNTQp7cp4d23ShW7fzLwXC7StNWwdS5gyuzApNDv9rpHSA21H-U7tNvM0t3WZIt8VftDOxznjeT3cv4NKvX5rG7NRqsALYWwpVBy8x2AgfFJwWklBBG3doAuciQpCpnwu0UJqFcHeHzwXONM:1mUiw5:RRGZGvDfyxFJQ4_H0bFXSKusMo7InohrTPrvkkKu1Mo	2021-10-11 08:12:17.763378+03
u6h2zipmhgj1gudebkffvbo1xa9i43ct	.eJxVjDsOwjAQRO_iGln-rW0o6TmDtd7dkABKpDipEHcnkVJAN5r3Zt6q4Lr0ZW0yl4HVRdnk1em3rUhPGXfEDxzvk6ZpXOah6l3RB236NrG8rof7d9Bj67e1ceEcDWfy4ij45DqA6jNjZNMlTLkjIGcBwSBhCFuwsWbxEk0FBvX5AiGsOCw:1lybZk:KnVWkohr00AVJdutg9zOvZ-pGYCM50-cUrlh2Wcz6fM	2021-07-14 17:52:28.405938+03
d5syxbfa2sx70ysfnddlkyay3bf805ww	eyJjaXR5X2lkIjoyM30:1mkIdv:HSc7xOAsx_-Fuxda8MhFewau5GQEgP9g5LNWMnSVJ5k	2021-11-23 07:21:55.314994+03
tuii99yzx0t9rlatzquzx81z3wizqn62	.eJxVjEEOwiAQRe_C2hAECoxL9z0DmSmDVA0kpV0Z765NutDtf-_9l4i4rSVunZc4J3ERzonT70g4PbjuJN2x3pqcWl2XmeSuyIN2ObbEz-vh_h0U7OVbE2n0ljiYRM4FFTQHZYhBB7A6IGVMxI7yMFgCAgB3zl6xMsDsrRXvDx23OFg:1mewXC:orSOgazviCC7mSTc21EAHS_VMFl6ngj1xaX8eRebVwg	2021-11-08 12:44:50.243992+03
q5hhiqlw418w76q3p1hik7945004bvkp	.eJxVjDEOwjAMRe-SGUUuTuqUkZ0zRE5sSAGlUtNOiLtDpQ6w_vfef5nI61Li2nSOo5iT6QKZw--aOD-0bkjuXG-TzVNd5jHZTbE7bfYyiT7Pu_t3ULiVb-1pQFT0JH0IBL0LwSevWfHo1HFHDAwIACJ50F4gkaIwuXxFDymY9wcNATfe:1m4q1R:ng7ZYN4dM3JMetAvgO07aqudMh7oJz95QQc2EPKZnxU	2021-07-31 22:30:49.56969+03
qx1thtysvea2tkzeq8ssu33m1wlfvg0f	eyJjaXR5X2lkIjoyM30:1mgJFM:7HVsT7oUIFuCuoHgIL6aI1xkiO7qLgLZ1m3tfQysu5c	2021-11-12 07:12:04.846247+03
f2k08syvl8fugfmqruo78l3r8d8pwxff	eyJjaXR5X2lkIjoyM30:1mhWSv:uqB1ZbhXXMLBuFrScZfUouhMGNqjLM0fRD00bzGdjT8	2021-11-15 15:31:05.446967+03
erea3xp1qzg8gefknotas55rs7lpyura	.eJxVjMsOwiAQRf-FtSFAGR4u3fsNZIaHVA0kpV0Z_12bdKHbe865LxZwW2vYRl7CnNiZSefY6XcljI_cdpTu2G6dx97WZSa-K_ygg197ys_L4f4dVBz1W1tBIKxUkdCYCYwXRVuaslY-g_WYisNC2k-EiqwxkiBrcOB0guQ0sfcHHnk38g:1m6KC1:_SZzCm4kyAfR4iK0mHTSbciHp70R7j-TSiJxnklMBSU	2021-08-05 00:55:53.170321+03
opytqrf7l9xgvnmkkmn7amdgtlf0a9eq	eyJjaXR5X2lkIjoyM30:1mhq2H:J_-o1ABWGbgQe6aBt6f751TBUwSLZyIvNXYtMljTYho	2021-11-16 12:24:53.715973+03
08k5vcfj5woyz3vvdo74arl5whrg897z	.eJxVjDsKwzAQRO-iOgj91pZTpvcZzO5qiZwECSy7Crl7bHCRwFTz3sxbTbitedqaLNOc1FWFoC6_JSE_pRwkPbDcq-Za1mUmfSj6pE2PNcnrdrp_Bxlb3tfRIceOk0HPbuijj-yjhYR2AO5kDxrLCBAtChAFEQMgmKi31hGpzxcTUziy:1m6Rkl:PvjOl65nVWWlWD9oC_F427h4Iez1LDZ9FNk0uj1GNns	2021-08-05 09:00:15.926632+03
h8njvha3wpwjquhcxqnw6fnl3apwht4i	eyJjaXR5X2lkIjoyM30:1mlCZO:J9iT5h3fQCAuKA0gFYyrzPGLRYWhkhy5V-Xdj3i0RsU	2021-11-25 19:04:58.462309+03
4wq892kh1opb87v7muvt5vwpqesib111	eyJjaXR5X2lkIjoyM30:1mm0A3:VJn1oFXU6KrIFZyqGcCHrpL4AX-0tuNgPnM0NLmNsGI	2021-11-28 00:02:07.070821+03
d5kqbgbtyplnxc7yojxjuijdeg2irooo	eyJjaXR5X2lkIjoyM30:1mmZ8e:-JNLoax4XIia1vWoWpPoKuH9A8juzzf7evCwbUuv0ss	2021-11-29 13:23:00.290291+03
za4idcha71zx5fqb4t8rtod6ocuyehl8	eyJjaXR5X2lkIjoyM30:1mnIgx:hnuCFvx5MROfmcQHswte28I0foMhC_MVbDv5HprlFv4	2021-12-01 14:01:27.779093+03
ptbi6pvk6x7vbdpescf1wc2ytd9g1r6q	.eJxVjMsOwiAQRf-FtSG8BZfu-w1kgBmpGkhKuzL-uzbpQrf3nHNfLMK21rgNXOJc2IVJrdnpd02QH9h2VO7Qbp3n3tZlTnxX-EEHn3rB5_Vw_w4qjPqtFTrvKQcjpXFGWK9kMSYE5R0VYcESnjUJn4MtElTW2rtESWKySKCIvT8GODgX:1llRmL:3FbMAXQBFPAlt-bTMJ30awh4qtJnRe-liG8o6TtRUtE	2021-06-08 10:47:05.455391+03
ae7eottvlgn15qdpp7phs6fr8dvd7ovu	eyJjaXR5X2lkIjoyM30:1miGMh:t7b4tieef1szwSM02UCKC2f9nOy0DO4wx0ltXOdqNP8	2021-11-17 16:31:43.122763+03
d82zf4uhiba0ted2c5xqsccq7hvbnzwp	.eJxVjM0OwiAQhN-FsyFdF1jw6N1nIMtPpWogKe3J-O62SQ96mmS-b-YtPK9L8WvPs5-SuAjQKE6_beD4zHVH6cH13mRsdZmnIHdFHrTLW0v5dT3cv4PCvWxrRnLO2ORgNAnjlhCAFSJqyCkwMzoCR4PRDAREaojB0uiUJVR4Fp8vF903JQ:1lqy43:I1n3VZGR34G5WaDtkzY9l4_iy2X4utvtcU8KJg3xpgg	2021-06-23 16:16:11.715098+03
8nam34wuffitcvx3g46cctb63eqtcqd4	eyJjaXR5X2lkIjoyM30:1miwZo:tdt6tG5sgZNv1e9nlTf0-EUQgqOvWrUvGxeCm-lMXx8	2021-11-19 13:36:04.18761+03
z1sp579byxnvreteial14czent1cq9r2	eyJjaXR5X2lkIjoxfQ:1lswfo:v4tAggditB-hMNJeSIc8e3bTM8elUtxY4r2FVNHt4Yc	2021-06-29 03:11:20.513225+03
nrxvfo3cf4fd93sfbw67sxj19ogff7l8	.eJxVjDsOwyAQRO9CHSEWMIaU6X0GtHw2OIlAMnYV5e6xJRdJN5r3Zt7M47YWv_W8-DmxKwN2-e0CxmeuB0gPrPfGY6vrMgd-KPyknU8t5dftdP8OCvayry0JS1k6FUGTTINUzkBSQEY4GggpiDFosIYcigijoD2CIRsIszaBfb7cMTgR:1lwpnn:Qmbi9u09mNJvUY0WKEvAcARNU4hQBk8g_yS14yxJK6c	2021-07-09 20:39:39.08242+03
lhyjagbj98qqgkh1k30jr4gy7u7f5mt7	.eJxVjEEOwiAQRe_C2hAGxgIu3fcMZBhAqoYmpV0Z765NutDtf-_9lwi0rTVsPS9hSuIiwKM4_a6R-JHbjtKd2m2WPLd1maLcFXnQLsc55ef1cP8OKvX6rQ1E9vZcLDnAXPSAnCn56LTlgpyYAFkrYMtRGWuQoGStECgNBowT7w9HQTiE:1mAH7F:HKTOqXfx9by9c4mN_nRjLD_1gghGB44CDlGKF8gjpfI	2021-08-15 22:27:17.354326+03
d8tird4d8tvuq3rilm06nhcldv56p0b6	.eJxVjEsOwjAMBe-SNYoaJzUJS_Y9Q-XYDi2gVOpnhbg7VOoCtm9m3sv0tK1Dvy0696OYiwnm9Ltl4ofWHcid6m2yPNV1HrPdFXvQxXaT6PN6uH8HAy3DtwZxDoM610QmKdQCegLFHJQxJmZsxLdRktfssQTSBAU1Q8N0hhLN-wPrBjhe:1lypA5:bQxB6mWPPCWcw05MS3jbADKct9K-5NqYFqTrIw5wgGM	2021-07-15 08:22:53.596235+03
o967txjz8ps1mom7di1ighnmot4kc0wx	eyJjaXR5X2lkIjoyM30:1mjNVN:W54pZuVB2jq6GK0BgC2xmQP_eiW6FOTs3LE4g4W8pjY	2021-11-20 18:21:17.25208+03
uju5x0e6mzx12nuyo6upevncl2zp7u5l	.eJxVjEEOwiAQRe_C2hDGCgWX7j0DmRkGqRpISrsy3l2bdKHb_977LxVxXUpcu8xxSuqswDt1-F0J-SF1Q-mO9dY0t7rME-lN0Tvt-tqSPC-7-3dQsJdvLQwWyLAzbNALkxWDDigFRBjFGT_6BJK8SMbBExOEHOwAJ3LumK16fwBYkjki:1m4rqu:ADb6Ryhhq_gsmTMvLx-m1kT-tpu_l0sBn4htHDRIMVA	2021-08-01 00:28:04.122049+03
4ki49q987lclhg5sbuo87ky27dmtlglu	.eJxVjDsOwyAQBe9CHSEwn4WU6X0GBOw6OIlAMnYV5e6xJRdJ-2bmvVmI21rC1mkJM7Irkx7Y5XdNMT-pHggfsd4bz62uy5z4ofCTdj42pNftdP8OSuxlrzVlgaAJ0DkbtZEZnIxSTAYzeQAF5AclwRpUalAIk9DJpd201ruU2ecLJeQ3yA:1mHkqt:rYpaRUx6hiZe8PUbJI5csrp1nIlD5smLEvDwx-syGxw	2021-09-05 13:37:19.895815+03
sozvo4bsk1y8puq0d1ryyh03er5cxdm7	.eJxVjDEOwjAMRe-SGUUuTuqUkZ0zRE5sSAGlUtNOiLtDpQ6w_vfef5nI61Li2nSOo5iT6QKZw--aOD-0bkjuXG-TzVNd5jHZTbE7bfYyiT7Pu_t3ULiVb-1pQFT0JH0IBL0LwSevWfHo1HFHDAwIACJ50F4gkaIwuXxFDymY9wcNATfe:1m60PJ:yLicc1atLYYaDeiD5PRTXFFtJxu7AjPBbp-X6q7LZ60	2021-08-04 03:48:17.099982+03
0bf9yh8nw1whte18pmwir4ylf1t8tdd4	eyJjaXR5X2lkIjoyM30:1mkJ2D:znrzmlPCmnMRrTWa6JyZKaosgXQSltDIHC7SP8ME1iM	2021-11-23 07:47:01.163052+03
joy5qn7mljtzdbjqoogzv9q15j6pzzol	.eJxVjDsOwyAQRO9CHSEWMIaU6X0GtHw2OIlAMnYV5e6xJRdJN5r3Zt7M47YWv_W8-DmxKwN2-e0CxmeuB0gPrPfGY6vrMgd-KPyknU8t5dftdP8OCvayry0JS1k6FUGTTINUzkBSQEY4GggpiDFosIYcigijoD2CIRsIszaBfb7cMTgR:1m6U9q:QUgizE-OezAzptY1uSQdhL180OHc5JYWL5Rl9JkO6ig	2021-08-05 11:34:18.610001+03
9uyphyobfhcd5o7dt8qqpptsrzmkp27y	eyJjaXR5X2lkIjoyM30:1mlDGx:edvAQBYXActxh-jjUmtxZPtMP6jeoJKxthkPr3RXiBM	2021-11-25 19:49:59.989977+03
qwkj01pspqikna6wxixfus14s5vqg62e	.eJxVjDsOwjAQBe_iGlnx36Gk5wzWeteLAyiW4qRC3B0ipYD2zcx7iQTbWtPWy5ImEmehlROn3zUDPsq8I7rDfGsS27wuU5a7Ig_a5bVReV4O9--gQq_femC0qJCZiQC9Ui5aDzkY8n4cxyEyRoJgsnXW58hW2wAadDDBI0MR7w9PVzjX:1mVmu1:penaHImFYY-Ch2KB7ZispfquY3EIhvVZalZZ8tkOXiE	2021-10-14 06:38:33.486457+03
k2u9nayj3e9oxpmc99jlxrikl8mzcb2q	eyJjaXR5X2lkIjoyM30:1mm9Y7:72tqhoP7UTnQkiEoUB0Se3SbvscS2sOvuf0RJ85eslU	2021-11-28 10:03:35.861718+03
0807v66yocklbya466vxuvu02y64thyp	eyJjaXR5X2lkIjoyM30:1mmZfe:smBBooEffiMsl0_XQWSbGQf4-y9QBbu3xpuBItJCVKc	2021-11-29 13:57:06.96256+03
h6n4la51bajjqjm3ttrm7kgluuvxtvob	.eJxVjEEOwiAUBe_C2hDglxZcuvcM5AMPqZo2Ke3KeHdt0oVu38y8lwi8rTVsDUsYszgLY7w4_a6R0wPTjvKdp9ss0zytyxjlrsiDNnmdM56Xw_07qNzqtwYGFVVh2xsLl6x2xcOwA1GXNLKKFH3pMHjrSlJkizIEsoSiVQ8W7w9CPTie:1mnJKq:O_E3LatH0qPHfZxR6mdibVSb6Tld2qRLXlaichRoH_g	2021-12-01 14:42:40.716993+03
upky1gd43ntypf9bbgmrst0f3b99h6by	eyJjaXR5X2lkIjoyM30:1mhcri:zinRp0O3UAh4CFAjTyb7t9ZyzPKhxCAOijLxUZ_NjM4	2021-11-15 22:21:06.954963+03
m9bp2rpyxezdheyry0v37uhrimw8ul14	eyJjaXR5X2lkIjoyM30:1mhqru:Bw_mGe8niD7l26_uoL2WR0OQU1hw4Fd9kQwBLPU9LYM	2021-11-16 13:18:14.1914+03
g6mfu4h441c6lrnsz78ld594ja0fxzpq	.eJxVjDsOwyAQRO9CHSEWMIaU6X0GtHw2OIlAMnYV5e6xJRdJN5r3Zt7M47YWv_W8-DmxKwN2-e0CxmeuB0gPrPfGY6vrMgd-KPyknU8t5dftdP8OCvayry0JS1k6FUGTTINUzkBSQEY4GggpiDFosIYcigijoD2CIRsIszaBfb7cMTgR:1llUtI:uL4c0yKv62SAZOx_djkm_KkkwcPjSxaC1iR0BUunesE	2021-06-08 14:06:28.920237+03
lzwbg360cx0oquwqsgavchb6r6indpn6	.eJxVjEsOwjAMBe-SNYoaJzUJS_Y9Q-XYDi2gVOpnhbg7VOoCtm9m3sv0tK1Dvy0696OYiwnm9Ltl4ofWHcid6m2yPNV1HrPdFXvQxXaT6PN6uH8HAy3DtwZxDoM610QmKdQCegLFHJQxJmZsxLdRktfssQTSBAU1Q8N0hhLN-wPrBjhe:1mAQao:c0glbA0S3i-vkHZ0X5gVmH5wA1_tFUfL9VePcpnXQY4	2021-08-16 08:34:26.769447+03
24ykhd80vdnm83m1ra1p7nmbxfbk0xha	eyJjaXR5X2lkIjoxfQ:1lt1tf:A83u5zWY0bUq5aXwIqeObo5MHvKTM81zg0Wsyo9Zx4U	2021-06-29 08:45:59.117925+03
hjbfd9i3x9sa1bnraegfb9bc0f72n3a9	.eJxVjEsOwjAMBe-SNYoaJzUJS_Y9Q-XYDi2gVOpnhbg7VOoCtm9m3sv0tK1Dvy0696OYiwnm9Ltl4ofWHcid6m2yPNV1HrPdFXvQxXaT6PN6uH8HAy3DtwZxDoM610QmKdQCegLFHJQxJmZsxLdRktfssQTSBAU1Q8N0hhLN-wPrBjhe:1ltZ0U:R4h69LKPOkDTAxXLt8L-fH979RyCkrb3sKDVjQrR-8A	2021-06-30 20:07:14.541708+03
d5xrrze21ea2rfus6xloobaziy36u5ch	.eJxVjEEOwiAQRe_C2hAIFBiX7j0DGZhBqgaS0q6Md9cmXej2v_f-S0Tc1hq3wUucSZyFhiBOv2vC_OC2I7pju3WZe1uXOcldkQcd8tqJn5fD_TuoOOq3NpC0Q8IQlAEAB9Z7cgaUhVI8WFOA9KSL48lhJibLlGwGXdArHUC8PxqMOBU:1mHykh:kL6gV94Ry1dSuiQySdgoMkJ-dtTZBNyzpWGrJRMS_KM	2021-09-06 04:27:51.349089+03
mwlm5rs1p43yswl1kez07jej3ny086c7	.eJxVjjsOwyAQRO9CHSEW8zEp0_sMCFg2OImwZOwqyt2DJRdJO-_NaN7Mh30rfm959TOyKwPj2OU3jSE9cz0QPkK9LzwtdVvnyA-Fn7TxacH8up3u30AJrfS2kYgUiQRhguisstIMSjiEsceggQQMDgQK6B-SVmOUzmZtFCGZlNjnCzssOEY:1lwrDk:W2ceUjvDEqOhHkkks0CJcqL41Z8TjlDEQ6j_O1W-nOo	2021-07-09 22:10:32.715383+03
h4evkyrt0ww2yoyw2edk6rwisfp0cklw	.eJxVjMsOwiAQRf-FtSHCQAGX7vsNZIYZpGrapI-V8d-1SRe6veec-1IZt7XlbZE5D6wuygSnTr8rYXnIuCO-43ibdJnGdR5I74o-6KL7ieV5Pdy_g4ZL-9apSuxqNN6xnCVZQKESfRccETBzFyyQlZoAomUIFIMrkrAGQPDRqPcHQ2M4iw:1lzEL8:TWEqJGfBfkRSG8ORguCEqWkMma8Ju9G1_B4Uu90YGQI	2021-07-16 11:15:58.161339+03
jct1mdaekqekxq5wa0iwuxtmy0hmkzyt	.eJxVjMsOwiAQRf-FtSEUGB4u3fsNBJhRqgaS0q6M_y5NutDtOefeNwtxW0vYOi1hRnZmcjLs9EtTzE-qu8JHrPfGc6vrMie-J_ywnV8b0utytH8HJfYy1pCSVehpAhDSWAItotZeGFDZIVpnExI4UsqS9Dc9GDqEEUpIzmv2-QIYMzfT:1mWA5f:LdI-EBQWfbZVp9H3M40-oDENP45N7mwfoC_EqVCXyzs	2021-10-15 07:24:07.724782+03
8zu8glsnzxuvu6qmipsnkzw27os3sf5d	.eJxVjEsOwjAMBe-SNYoaJzUJS_Y9Q-XYDi2gVOpnhbg7VOoCtm9m3sv0tK1Dvy0696OYiwnm9Ltl4ofWHcid6m2yPNV1HrPdFXvQxXaT6PN6uH8HAy3DtwZxDoM610QmKdQCegLFHJQxJmZsxLdRktfssQTSBAU1Q8N0hhLN-wPrBjhe:1m548Q:f1FWVZ-BLWX6SSPSW4GQSp7DUtDmHo8IEW4NFabj1yo	2021-08-01 13:34:58.266523+03
xhq773mroyp97z7xpxj1lmytm5gs5wvl	eyJjaXR5X2lkIjoyM30:1mf1Pc:C1o8Cak8CcOTeGnk7C0qEhaG3v79sCpO8U2vEVk7DgI	2021-11-08 17:57:20.427841+03
3soae2xv64dv2isaxah08xp8pwezloze	.eJxVjDsOwjAQBe_iGlnexJ81JT1nsNb2LgmgWMqnQtwdIqWA9s3Me6lE2zqkbeE5jVWdFWBUp981U3nwtKN6p-nWdGnTOo9Z74o-6KKvrfLzcrh_BwMtw7f2jqUPkosVZ4Aj9tZxhBIMAnYoCIJRLATGrlLtKlgrnnwJYrwEUO8PKbM4BQ:1m660n:flmh9wW4HTNYCzSbe4zkAx82MHIPFgGc1wGyJ4A5BbA	2021-08-04 09:47:21.693487+03
8wm5iqvgn5p460pebmji030pjx8kmwds	.eJxVjEEOwiAQRe_C2hCGIqBL956BzDCDVE2blHZhjHfXmm66fe_9_1a5n1-pZ3W23UElXOaalibTHylrO7WjhPkhw6r4jsNt1Hkc5qknvSZ6s01fR5bnZWt3BxVb_a3FWM8UMhMGyGIMHkMkdhk8IgmQcQ7YRkMF6QTFewCy3MUgAYIr6vMFHuw8yA:1mgNWJ:TCz5dQ14L2Ct95wBghizc2hMKmhRup3VEUsFJo9ID2E	2021-11-12 11:45:51.535965+03
8i92evjc9lf6cwby8vuz9japr5ojiicg	eyJjaXR5X2lkIjoyM30:1mhneT:3JlgTR50ZEoourZ2eIkVIMFDGxCDvfAXqBcXfA86Rl4	2021-11-16 09:52:09.541078+03
b43v5xinzfdephnigx921uv439e34su5	eyJjaXR5X2lkIjoyM30:1mhsrx:KvT3UBJm8FqiH-yCGHL_wPLSSji9-uy2VBYC0cq0efs	2021-11-16 15:26:25.107792+03
aq7pzwty4a23ov8fcsadl4pshjyco42h	.eJxVjEEOwiAQRe_C2hAGkBaX7j0DmRlAqgaS0q6Md7dNutDte-__twi4LiWsPc1hiuIiwIM4_VJCfqa6q_jAem-SW13mieSeyMN2eWsxva5H-3dQsJdt7chlxkHjmcA6JkVoRu2BbIpZOQ8YRz1YxRqyZ68gZxs3BN4k44jF5ws-1DiN:1m73xB:GgW3a-kQqnzoPAUvOqmfIKR7qk8eo-wyFYoONEMk0X0	2021-08-07 01:47:37.249688+03
qm385jdeza5rfsowcnpfebcc2cm12dda	eyJjaXR5X2lkIjoyM30:1miGhw:ZgdKd_ztuT59JfpK7QDq6dWkigfplgXh7pzT75VXQ3o	2021-11-17 16:53:40.485851+03
2ui2aq5czwk51zuvhbhpkhle7bj0z136	eyJjaXR5X2lkIjoyM30:1miwio:Zn1sBDBS74BaGDyARAeo4gE1iv5Hd4p5volr2MzeQ68	2021-11-19 13:45:22.087+03
0iq9qwa0xnc1ijjjg1bxudstwymfhs9r	eyJjaXR5X2lkIjoyM30:1mjPFw:fbdsW1sRxpQcIbZ6eVtc8NRTRUdax0b3FuvZWVtlONM	2021-11-20 20:13:28.072317+03
bf88aemktsdpjtdn4kveplslyhrbvw82	eyJjaXR5X2lkIjoyM30:1mkJ5q:umGQiI3oHtT5TkSePGhy-BPuWbIn79Mc8Oe1own5Rs8	2021-11-23 07:50:46.728747+03
bwto9ct8zf8noxqzxurtydigcx11iiea	eyJjaXR5X2lkIjoyM30:1mlM7Z:06Z4rluBvQuEmv8dLNv8HjW88dE5kclDtAx3rSx89yI	2021-11-26 05:16:53.7871+03
69ahivk5ymfh2wuy2muw01prqemyo2e1	eyJjaXR5X2lkIjoyM30:1mm9kN:cPZ6xUqNq2AJEyl05njs545CvhVSIfo4VNxDXpAnq_0	2021-11-28 10:16:15.159734+03
u0mk59ourtbmkcbmtswmnyp9xyzd5uuc	eyJjaXR5X2lkIjoyM30:1mmcAS:LFrHI9YCj46sQ_KmCEZHEygYstRL-mWAzugZwJWrB44	2021-11-29 16:37:04.507201+03
7bcxcyf0h37w7kuzvyycf7q039qzct67	.eJxVjEEOwiAQRe_C2hAECoxL9z0DmSmDVA0kpV0Z765NutDtf-_9l4i4rSVunZc4J3ERzonT70g4PbjuJN2x3pqcWl2XmeSuyIN2ObbEz-vh_h0U7OVbE2n0ljiYRM4FFTQHZYhBB7A6IGVMxI7yMFgCAgB3zl6xMsDsrRXvDx23OFg:1llUul:ohNfbIrk4vwRa24rT5XK-i8bqvyV_kmMn6SE7FRrKtc	2021-06-08 14:07:59.858987+03
47auiwlfqdrppo7e84mz823rvfau8dw7	eyJjaXR5X2lkIjoyM30:1miIxM:r3MYGQ6Bg8N5gLcn3NDu4IC5FvW1EdhJ_iKM9QP9pu4	2021-11-17 19:17:44.824024+03
dksoa6nxld4fgtakymiktlm5fipd2ya2	.eJxVjMEOwiAQRP-FsyG70hXw6N1vIMBupWpoUtqT8d-VpAe9Tea9mZcKcVtL2JosYWJ1VlYdfrsU80NqB3yP9TbrPNd1mZLuit5p09eZ5XnZ3b-DElv5rr1Dm40kSmD92JNHAAMnBmKEUY6UGQfjTCLkiCQo5Mh5GUQQonp_ANjLN5Y:1mBqjG:HYAcgcOi6hiWbICMUmDKTPtB5ecgEbifxeqLnOO55vo	2021-08-20 06:41:02.56814+03
wr044266hzk6j5tof22rt1kpoe9dtz84	eyJjaXR5X2lkIjoxNX0:1lt7yq:OJwVPDuTeFR_z0Qjv4hNEi2AVcV1X4FcYJNS4gyFJQY	2021-06-29 15:15:44.787215+03
2hhik1bfq15w1nbufj15bpl4y2ii5st3	eyJjaXR5X2lkIjoyM30:1miwqG:FoSgmvhwJi-bjHZfo8gaE-VJTlRVoT-6i2_HVgCtyDA	2021-11-19 13:53:04.679674+03
6yn2hf88thhl7ik9mxhgheg6mkxkode9	.eJxVjEsOwjAMBe-SNYqCa-XDkj1nqBzboQWUSk27qrg7VOoCtm9m3mZ6WpehX5vO_SjmYs4-mtPvmomfWnckD6r3yfJUl3nMdlfsQZu9TaKv6-H-HQzUhm-NmpEcxxSdAgVW9uogMUFWECyYuq4DclIkAGaEwtnFJL5g8CEU8_4ATDg40Q:1lx0l8:TiKDQf-Q_L85vlSfP21y4CkttpmZB3_Z06rIACtMkkw	2021-07-10 08:21:38.971225+03
2b1j3xplywk5krp25u1ml6qlci5yx3u3	eyJjaXR5X2lkIjoyM30:1mjPTr:X4LIs0oD3eoEF9c-zbW6tiYlikIh8Xd4iHB13dTW74o	2021-11-20 20:27:51.68244+03
g4609qnxb1uix27xfatqnxl4608vqxn4	.eJxVjMsOwiAQRf-FtSFFmIG6dN9vIAwzlaqBpI-V8d-1SRe6veec-1IxbWuJ2yJznFhdlPGgTr8rpfyQuiO-p3prOre6zhPpXdEHXfTQWJ7Xw_07KGkp35pMxoACIXTINoOFEceMvYCgJPbsz4aAxAcH7IQ9WJSeKXTOUZdJvT86Tzi5:1lzRDk:Ce_qJ3bz89Ji6vU7YO1DcfI-mr1TSfkaYJLZWh0vKg0	2021-07-17 01:01:12.470473+03
azoo9w48ysdv2td0ym51m5yo2r201bqe	.eJxVjMsOwiAQRf-FtSGMdHi4dN9vIAMDUjU0Ke3K-O_apAvd3nPOfYlA21rD1vMSJhYXAd6L0-8aKT1y2xHfqd1mmea2LlOUuyIP2uU4c35eD_fvoFKv39obFxGxeMtsCNRQmMmWzNEok8DanLQiNVgPxWltKJ-RsCRA7cERivcHP004Tg:1mI2Jl:N3guDBXzO6Aw0DY_PqqznWK56TWDhomp2caxFA0mR-Y	2021-09-06 08:16:17.813239+03
xzx964ph1gom5rxcj23to9evmth30zol	.eJxVjMEOwiAQRP-FsyG70hXw6N1vIMBupWpoUtqT8d-VpAe9Tea9mZcKcVtL2JosYWJ1VlYdfrsU80NqB3yP9TbrPNd1mZLuit5p09eZ5XnZ3b-DElv5rr1Dm40kSmD92JNHAAMnBmKEUY6UGQfjTCLkiCQo5Mh5GUQQonp_ANjLN5Y:1m5KRz:S7lTWJMYP2YRIlw5UNjaRVKFTXK7mcorqYOY9bSoqUU	2021-08-02 07:00:15.158314+03
gxnagarjoayayhvb788wc4i9kcwqhmdl	eyJjaXR5X2lkIjoyM30:1mkJbU:HkyIlyfVJ4PZ5PSSh062AC0l33C3HkdLw_oimmZa-fU	2021-11-23 08:23:28.206307+03
ot60pztrlih4db3wx73q9vshfdlj1y9i	.eJxVjMsOwiAQRf-FtSG8QZfu-w0EmBmpGkhKuzL-uzbpQrf3nHNfLKZtrXEbuMQZ2IUp6dnpd82pPLDtCO6p3Tovva3LnPmu8IMOPnXA5_Vw_w5qGvVbO5FdkuQ9qaC1gnRGTyUHbw2BC1KB1YXIItpgtA7BCiIDCsFrICnY-wM0nTiE:1mWDi0:7KRlYeGTQhcBynIngoleItnaWw2E1ZLvZjHZvt3h6xM	2021-10-15 11:15:56.456727+03
pafqgerwxk48ie11xqewor4y37gl0zar	.eJxVjEEOwiAQRe_C2hAoLcy4dO8ZyMwAUjVtUtqV8e7apAvd_vfef6lI21rj1vISx6TOyqJRp9-VSR552lG603SbtczTuoysd0UftOnrnPLzcrh_B5Va_daeJDknxJbBhSDQAQJYHoI3iD3Z7GAw1uSuuMKEROB95wWpL1iE1fsDJJ84SA:1m6C9Q:tng4zxMUFDo1K8_jKkEQQJESCx98BrjJdNm2uB6gjrY	2021-08-04 16:20:40.802705+03
5dxf3as0kif4ru8haetw26tvkc236klb	eyJjaXR5X2lkIjoyM30:1mf1Si:jMWbY-pR1QDGSvmLfPN1D0a8sJNR7uPeoaGjTo9Xk_o	2021-11-08 18:00:32.347288+03
7mtbzhd8ny2ezfq5u1yzpbn63kcwmdxt	eyJjaXR5X2lkIjoyM30:1mgNYU:fCdW-cVggIG_OQQQbLUjyjtUcBictnGivMjtAMLsooE	2021-11-12 11:48:06.095323+03
jk5b9im81pavk7uf64v51o15pjgugo3x	.eJxVjEEOwiAQRe_C2hAGaGRcuvcMZIYBqRqalHZlvLtt0oVu_3vvv1Wkdalx7XmOo6iLArTq9LsypWduO5IHtfuk09SWeWS9K_qgXd8mya_r4f4dVOp1qxMnNALBsWOANKAJPjOwZ3K-OGeEHBaRchZk8Gi9YbIoFsLmD159vj8ROEw:1m7GiA:Fp9vseGeVCzUANXFHRcJ-nC6WKGgI_xJszfgWFANY4M	2021-08-07 15:24:58.260448+03
moj0fn1cqa593uxhi96fc1i07i0y3u1u	eyJjaXR5X2lkIjoyM30:1mhruo:i3zj0LmLzMmOmo9FxP0PCnMPIgCz8U6_5nDSuI6_wsU	2021-11-16 14:25:18.709897+03
dkft9ms50w3dd1p85u094xupjy7eudnn	.eJxVjMsOwiAQRf-FtSEMb1y69xvIAINUDU1KuzL-uzbpQrf3nHNfLOK2trgNWuJU2JlJ6dnpd02YH9R3VO7YbzPPc1-XKfFd4Qcd_DoXel4O9--g4Wjf2gctsw4glK_VJKOyEERWp4q-egigwWpLDmwhWRCxZBcMCAClQWXH3h8aqjel:1mlNQt:WqUuiGuKVGgL7HYh4TOTk0mKt2NcVjhzWWZE4mv4F24	2021-11-26 06:40:55.065745+03
y3jygj0uzkbrijuyvlfxft0vawerptj8	eyJjaXR5X2lkIjoyM30:1mmA6t:rJxy9j8WTIeqwzKdXT-n9uoPzDPCuTIAF50VBnHepmg	2021-11-28 10:39:31.395307+03
xtdvilb27189v21p9yv441fhsr4gkdl5	eyJjaXR5X2lkIjoyM30:1mmctv:shP-hiJtSwftjrOg-EyuxFkc2Fk3NUUIxIIfOl35CFs	2021-11-29 17:24:03.638183+03
mrizwlirdvjbkobuc9tgomw06uhy9hff	eyJjaXR5X2lkIjoyM30:1mnubN:VYPIYK-Gh_9tVwURDkDDvbRLyr-5ppdNDnEEadboheo	2021-12-03 06:30:13.052683+03
xinptx88ebw0aff2av09l6u3zljx4hk5	.eJxVjDEOwyAQBP9CHSHA2EDK9H4DOu4gOIlAMnYV5e_Bkouk2WJndt_Mw75lv7e4-oXYlclBs8tvGwCfsRyIHlDulWMt27oEfij8pI3PleLrdrp_Bxla7mslFQikBBidQEQ5aUxGDRBGK2EcqKcyFDubrHDWJVJG9y5okygI9vkCSwU43g:1llZI6:EOQnuA3kcrZi74ciWzdiZaUSY6gGRz2e39O6MoPCgss	2021-06-08 18:48:22.247364+03
p0ox8cw0hamkrchyb9o00prd4k7b5vnb	eyJjaXR5X2lkIjoyM30:1miJTq:zct6FVYrnpw4LGenHlHs1dBF5qkxBwcv-ooQSZevwt4	2021-11-17 19:51:18.15814+03
8m14a9hfhq7tmfmdx1mxov474dxe5qn2	.eJxVjMEOwiAQRP-FsyG70hXw6N1vIMBupWpoUtqT8d-VpAe9Tea9mZcKcVtL2JosYWJ1VlYdfrsU80NqB3yP9TbrPNd1mZLuit5p09eZ5XnZ3b-DElv5rr1Dm40kSmD92JNHAAMnBmKEUY6UGQfjTCLkiCQo5Mh5GUQQonp_ANjLN5Y:1mC1H4:wLcfQwI4ygpdthRCKZrW3aGqpPclohC4s8Dmld--dE0	2021-08-20 17:56:38.99837+03
slrvcg2tbo9q29agmhvhk4njyswnep9w	eyJjaXR5X2lkIjoyM30:1miycb:kPqYqpnpYzIWCkoipeGdHYpZiMi94CwOwhBkDNFFDMo	2021-11-19 15:47:05.185158+03
mxf77i7k30cijhncngzsmgpzdlixinmt	eyJjaXR5X2lkIjoyM30:1mjQXD:tUBT7sDX6WpontA1PwRzwRFcUo0n1SP0Z__LnxO8koI	2021-11-20 21:35:23.311831+03
8os4onjse8rrark2oll33s45t97frdn7	eyJjaXR5X2lkIjoyM30:1mkJxi:RLHo1r2IF9_KD5A7_XlKkBUpn5YvfZQgPEpllPMSO54	2021-11-23 08:46:26.765432+03
eght2sxysm33xecgp4qtevp0sd3eoxc8	eyJjaXR5X2lkIjoxMn0:1ltC59:yf0dpJ_6_fk8VTttijeIbFkHQVSyHyybzaIJE2k-qok	2021-06-29 19:38:31.954235+03
4qw0qxn9nnpax3eupsiibjvvsrb71w7b	.eJxVjMsOwiAQRf-FtSG8QZfu-w0EmBmpGkhKuzL-uzbpQrf3nHNfLKZtrXEbuMQZ2IUp6dnpd82pPLDtCO6p3Tovva3LnPmu8IMOPnXA5_Vw_w5qGvVbO5FdkuQ9qaC1gnRGTyUHbw2BC1KB1YXIItpgtA7BCiIDCsFrICnY-wM0nTiE:1mWGvx:UMrO7nVAdF8FzrvBiwg73T-eA4h5EifGU0oTmaeTxIY	2021-10-15 14:42:33.745025+03
jv7xbw436693n7lk64lo7jop7vi2mb0q	eyJjaXR5X2lkIjoyM30:1mfIWz:cPseNp8CO62CBXGZquyc_VORFIyKDRd7qGex0i04-cg	2021-11-09 12:14:05.497262+03
q1wtdxda1m0ue1ginkrpkq9ba605jjcb	eyJjaXR5X2lkIjoyM30:1mgNg9:Izeia6IqT29fv2zu07QoWF9VJMsQiFE-oYBkywxxgeY	2021-11-12 11:56:01.750275+03
rvrxk6nhleqaymr6al3jyv6fmjiy6oyn	eyJjaXR5X2lkIjoyM30:1mlPlB:092feBXzkG6p2ezekKYCOLaODITQX11tkwVnbD_7FIc	2021-11-26 09:10:01.965534+03
f63qzh39hivv6myx5njsszvu83af2f8e	eyJjaXR5X2lkIjoyM30:1mmANT:EJDhT130ROYBe6tByqYx68sCuQiHW1Jtl35WQyjb1o8	2021-11-28 10:56:39.120802+03
ngrtihpdj56s0yzjvo5nzjx24nf47oc7	eyJjaXR5X2lkIjoyM30:1mmcxa:eWufTzbrgLhJcCA-odarGb9irn3Mj4EMQgpU9aVJ-gQ	2021-11-29 17:27:50.227271+03
elij8ezxoy407kip1tslski0mpmjzlwv	eyJjaXR5X2lkIjoyM30:1mnzbM:S3UPlFG3ipiOzy3jmcKspgTj6OjhlWHcTfEId-y-zdU	2021-12-03 11:50:32.300108+03
j3uwldvkc3i9yqoj0fk8gbws3lwp1xm1	eyJjaXR5X2lkIjoyM30:1miW3p:IGb3vfsv2xpDGtfxZcgFJpJ7YRFzUhpLwjkiF0Obqa4	2021-11-18 09:17:17.347334+03
egflp618n9wzphhejvytbk638ljyjmbx	.eJxVjMsOwiAQRf-FtSE8pgy4dO83EBhAqgaS0q6M_65NutDtPefcF_NhW6vfRl78nNiZST2x0-8aAz1y21G6h3brnHpblznyXeEHHfzaU35eDvfvoIZRvzUqigBgncOIZIwiYUhoTCGHIi264oSRdtJgE1LJYJwuSpECBEwxs_cHFnE3yw:1llksT:zuQxdEqjhEkxlJ7wL2-AqSMWrzZQp1Vgv-5ZgzbruqU	2021-06-09 07:10:41.486407+03
hnj0yh8h0ujqlq6e5089fccuxrlsw8x0	.eJxVjEEOwiAQRe_C2hAECoxL9z0DmSmDVA0kpV0Z765NutDtf-_9l4i4rSVunZc4J3ERzonT70g4PbjuJN2x3pqcWl2XmeSuyIN2ObbEz-vh_h0U7OVbE2n0ljiYRM4FFTQHZYhBB7A6IGVMxI7yMFgCAgB3zl6xMsDsrRXvDx23OFg:1mCGEj:ITveThO8fIXDYpC3-_BYnBAvtxyhtOdD0FmW07fLkeo	2021-08-21 09:55:13.574914+03
t5xf9tfu4oo98esop979r2uoe9ayklv7	eyJjaXR5X2lkIjoyMn0:1ltVip:2piERotlL8m1liL6TVrVa9zbyNky2sgFRzu_LgjXFb4	2021-06-30 16:36:47.969448+03
2u8xh3e6v2x93i0pmqu9yuisrljgyvan	.eJxVjMEOgjAQRP-lZ9MsLWxbj975hmaXbi1qIKFwMv67kHDQ0yTz3sxbRdrWErcqSxyTuioDoC6_LdPwlOlA6UHTfdbDPK3LyPpQ9Emr7uckr9vp_h0UqmVfI3IOJJxa71vK4IKgdB0QQ7CYDWYPhpmMdbYBv4cH1wSx6DBk69XnCyk_N1o:1mIWYF:2MRyHggbK4QtaOk8prDFpWsAfyo4Ny1S3AqZ5vWO0g0	2021-09-07 16:33:15.564556+03
yji1uymcszwgy8g7t1xmsc16im4zepgg	.eJxVjs0OwiAQhN-FsyFsSyl49N5nIMvPCmrapNCDMb671PSgt8nMN5N5MYtbTXYrcbU5sDMDdvr1HPp7nPcg3HC-Ltwvc12z4zvCj7TwaQnxcTnYv4GEJbW2JqEpdqb3IKkLQ9cbBaEHUsLQQEhOjE6CVmRQeBgFNQmKtCOMUrk26nN9fj_C-wOT9DvR:1ltXHM:XTuKAGU4LkmEakbzKtFFe35OzEcOPXfEK7wFP4FbmfQ	2021-06-30 18:16:32.592582+03
9gyl3zui93ofho8bdqevbb2n5ypvzpza	eyJjaXR5X2lkIjoyM30:1miz18:J7dhFbq4M5wTbUJxqTjllIXOgRFjMXxicdUuGg12vnc	2021-11-19 16:12:26.747942+03
r55g0mmst40rea1ipvvx0q6dmdvl3ap4	.eJxVjEsOwjAMBe-SNYoaJzUJS_Y9Q-XYDi2gVOpnhbg7VOoCtm9m3sv0tK1Dvy0696OYiwnm9Ltl4ofWHcid6m2yPNV1HrPdFXvQxXaT6PN6uH8HAy3DtwZxDoM610QmKdQCegLFHJQxJmZsxLdRktfssQTSBAU1Q8N0hhLN-wPrBjhe:1mWLwY:Zy1jCgj2y6okhzfkRHwBx0JJNZclxhD9C_ZKkQYT9sA	2021-10-15 20:03:30.366937+03
gw3if4b9w8dxdt3ni6zv006gopyxqzns	.eJxVzMEOwiAQBNB_4WwISymIR-9-A9kurFQNJKU9Gf_dkvSg15k38xYBtzWHraUlzFFcBDgrTr_phPRMpVfxgeVeJdWyLvMkO5FH2-StxvS6HvbvIGPLfe09GGPcWQ9WR8AR_UhIZA2QZ2Z0xnvUwJjAcFRqAFao9C7tzpz4fAEmpThb:1m04w7:9LqgmXWr_9xRBnciF0yoBQInzLZVvOEXfhW9VlhHU94	2021-07-18 19:25:39.559079+03
uy4o1mhk1hjy5j00a7xrznvbv7rnm8u3	eyJjaXR5X2lkIjoyM30:1mjS9l:Hd-ykufQH77sA8DkrkkGBy1mfe3zlGvIDZTSjJvZcPo	2021-11-20 23:19:17.129057+03
gs4402oppzjyc6vgs0ogm0agglj0d3jm	eyJjaXR5X2lkIjoxfQ:1mg1l9:N3k1vPf67QwknMYgbzj4udgfUTxw1mLMfXueqbHmbIw	2021-11-11 12:31:43.18853+03
8hzwx4mdz1z8idfeavp1xovarmx776sp	eyJjaXR5X2lkIjoyM30:1mkLVS:4-Udp-giUuC4P78JF7F37rZVApmNbOmBQ0h_utDMXSQ	2021-11-23 10:25:22.08249+03
zcyz5o93x6knefub2eiqa0fumbdwoqxv	eyJjaXR5X2lkIjoxfQ:1mgVoC:demA8KBIITd29s1tv3karCfqV6IIymvtQ0Ok3pIt1Fk	2021-11-12 20:36:52.078501+03
30342uj6816b00cq5ixxwpd2yciwke34	eyJjaXR5X2lkIjoyM30:1mhukg:qm10a3cbobUfzAGMsZ77VE70fQuWK86af8ZXdThyar0	2021-11-16 17:27:02.970287+03
gzcc7dhu6fmv6yvvajpc2skd5ot5g3cj	eyJjaXR5X2lkIjoyM30:1mlQi7:QjS890lLVSfbyuvQx0GsJ-w8I1hU__2kgl4CmB4myf8	2021-11-26 10:10:55.732986+03
zxg80iccy4z6uhjjafucbgxjb9k4owcc	eyJjaXR5X2lkIjoyM30:1mmBZV:3VOenMiZRa_Y0bxhFE8RqyaVDhepYEEF35t6lWIC4Ko	2021-11-28 12:13:09.511605+03
8peofgodmegcr2gcbq6haa24g4mtu040	eyJjaXR5X2lkIjoyM30:1mmeuG:5peDWWythe-xLlkEEx5v2KbIMJ_qE3uQarHBrhOGapQ	2021-11-29 19:32:32.986378+03
q5089x86goznz6r3cdiucfb58tpa6z3x	eyJjaXR5X2lkIjoyM30:1mo5fN:-3xTG69e00_KjW7upNJr0m77OBKkE8unxOTJ6oN2GI4	2021-12-03 18:19:05.05188+03
6fy4hq6aluhn2jaa763fpvep7agf9o37	eyJjaXR5X2lkIjoyM30:1miWDL:Edeejax0evEycM-MQqaD6vEIQdpAHi9Hx_n0myxvKpk	2021-11-18 09:27:07.657563+03
xr0nm6gik4ej5tgv05njwaymheuubb4m	.eJxVjEEOwiAQRe_C2hCgQwWX7j0DmYFBqgaS0q6Md7dNutDte-__twi4LiWsnecwJXER2oI4_VLC-OS6q_TAem8ytrrME8k9kYft8tYSv65H-3dQsJdtbTDmhEBDZKI4gjIeDKjBQ2ZtDbFNhtCTB-1gPCuXHfjMmKLhDSnx-QJJYDiS:1lrjqi:fRibl5ab6Fxroi_2hI5szDg95arYvyBKYLBu04YEqmQ	2021-06-25 19:17:36.21395+03
yb4f50zclpv6zovkjhrk2rxll73qpopl	.eJxVjDsOwjAQRO_iGllr4vhDSc8ZLK-9iwPIluKkQtydREoBxTTz3sxbhLguJayd5jBlcRHKj-L022JMT6o7yo9Y702mVpd5Qrkr8qBd3lqm1_Vw_w5K7GVbk3bJAG7xVrsMBIpUHFkRZgSFyH7ARJ7PDJGdthodmYEMWGKXlPh8AUwCOS0:1mCGNG:XFE5StwVOFEoYtIcHvW_RbHVKVdM4WBS0RTuFOq2ruA	2021-08-21 10:04:02.990744+03
ad1vvith9zgfvtbqdgsdxewpu1cvvbox	eyJjaXR5X2lkIjoyM30:1mizpH:0yIew4jEN0u1NnlZgbzcuMtPFR_PzhK_O9VP_XfZAMk	2021-11-19 17:04:15.498474+03
oanfjxbyc9tj48x8sigqwq21hf2is001	.eJxVjMsOgjAUBf-la9O0t4VSl-79BnJfCGpKQmFl_HclYaHbMzPnZXrc1rHfqi79JOZswHlz-l0J-aFlR3LHcpstz2VdJrK7Yg9a7XUWfV4O9-9gxDp-ay85sADHCImjDx1lJgAMbVByPmGDHTIEH4coDUgzQEouE6k4bWNn3h8ivTge:1mImR3:raM5zcH5MGxdUleE9Qkln4luc4sZuZ2aaHGfO3MdBrM	2021-09-08 09:30:53.295297+03
dsu3mzgc22iijbf80p1ukily7ho5b47d	.eJxVzMEOwiAQBNB_4WwISymIR-9-A9kurFQNJKU9Gf_dkvSg15k38xYBtzWHraUlzFFcBDgrTr_phPRMpVfxgeVeJdWyLvMkO5FH2-StxvS6HvbvIGPLfe09GGPcWQ9WR8AR_UhIZA2QZ2Z0xnvUwJjAcFRqAFao9C7tzpz4fAEmpThb:1m04wX:RdE8SJBCTgZh4W7qWNZ_CioTVULEq0haKYMep4d1bls	2021-07-18 19:26:05.262309+03
izh8c5yhq240ah5aa4ytodmu2rgfu3qs	eyJjaXR5X2lkIjoyM30:1mjY82:sxJogxmfxTLggsuGRemzHNy1fflZbX7iFJDk0HVGvto	2021-11-21 05:41:54.074458+03
0fyqga0ql8bf0kp67aemv5qjo654c73k	.eJxVjEEOwiAQRe_C2hAY6AAu3fcMBGZQqoYmpV0Z765NutDtf-_9l4hpW2vcelnixOIsQBtx-l1zokdpO-J7ardZ0tzWZcpyV-RBuxxnLs_L4f4d1NTrt8aCVw8hZcgWkR2aEgwZRjdk7wkJ0GqjrKXgHGggFRCcVswBaQhJvD8Ryjcu:1mXvlI:QC-WtNVWlwkUWuoovMqzXa1V5e2Cd0dshxjyq44rJoU	2021-10-20 04:30:24.426827+03
niqso9cddxfgnhgk68uy2kf2azq1rwui	eyJjaXR5X2lkIjoyM30:1mfKFR:Tj8FZnfF_ubCGlk5IynqdJuZL8uPKupYaXWdgGJCE0M	2021-11-09 14:04:05.704909+03
qeq7vjeobx4xbpx1j09ru213tfe9lfga	eyJjaXR5X2lkIjoyM30:1mgXCK:I64GoDO7_GuqODq0o3K0kMREI4UyD7SjzZWFoYYcTqI	2021-11-12 22:05:52.427626+03
cbygy3064yhuyqq3rkdpio4ne96lrk9o	eyJjaXR5X2lkIjoyM30:1mi7Gg:IGbva-Oi05sqeHVcPtL8ryM0bWVEF8XvVzv55_znsX8	2021-11-17 06:48:54.774337+03
icyuo2m4ery9hrnq2z6pg1nboe4skpo9	eyJjaXR5X2lkIjoyM30:1mkLby:OwDn1JVOc2WY15QiTgDJDYzmPuRfW26c97EKYpYMYrk	2021-11-23 10:32:06.15389+03
yyhgfxxt01vh3dg1xndh0si36kbjl88e	eyJjaXR5X2lkIjoyM30:1mlQyM:wIJBUPh9c3sp7W4x2KY6zd-Px5XS9OTys5n5suWo4Lw	2021-11-26 10:27:42.091737+03
ymlskhdohpn6nwnqbopl4zba07x1ij3o	eyJjaXR5X2lkIjoyM30:1mmBpo:Dc6Aq7iVi4UMZV2avIsXwovPWN0eEK8bb8jxj1z3p0U	2021-11-28 12:30:00.923597+03
9mn5mix2fziymei36hjsc1076iffuf1w	eyJjaXR5X2lkIjoyM30:1mmf3I:IUJZYQyrFgU23lrVaqWYvhzlUaIAN-brBNzFItKPRvk	2021-11-29 19:41:52.354022+03
jjvmj6on7pkazfkjqv15hhlekixzq60g	eyJjaXR5X2lkIjoyM30:1mo8LN:OVSHh7pPLXnxnOoRVge-MN5VymN5ZXHVWwlkuW00ZWk	2021-12-03 21:10:37.551996+03
njbcwpas8w3n0m7wb6rr097neumw0bip	eyJjaXR5X2lkIjoyM30:1miWIF:L5GN9Q4HDlLHqnjpbdEVzNz1hJz3_L_3MIK60zLufhI	2021-11-18 09:32:11.455204+03
14r857qlz2r6htvwpcu43gb65dqwfs86	.eJxVjEEOwiAQRe_C2hBAxjIu3XsGMgyDVA1NSrsy3l2bdKHb_977LxVpXWpcu8xxzOqsLIA6_K6J-CFtQ_lO7TZpntoyj0lvit5p19cpy_Oyu38HlXr91iWbZD0U4lRSdiiDJfReiuPgwBiHVjKIgAVEX1wY-BRKwiOyADpW7w9PDjiz:1lry4m:khkaFMjxmNg_7WvFG63Kt0xNhjgGe3_d8D3DMSu7Go4	2021-06-26 10:29:04.391033+03
pa2f1fqwazrtrjxxwlkqym9ajh8820lb	.eJxVjDsOwyAQRO9CHSEWMIaU6X0GtHw2OIlAMnYV5e6xJRdJN5r3Zt7M47YWv_W8-DmxKwN2-e0CxmeuB0gPrPfGY6vrMgd-KPyknU8t5dftdP8OCvayry0JS1k6FUGTTINUzkBSQEY4GggpiDFosIYcigijoD2CIRsIszaBfb7cMTgR:1mCeku:byYwj1Tzm_x3cUcgmAZaBz192iCBCPk8X-uIgKy-vMU	2021-08-22 12:06:04.843751+03
ex045qn2ob05il9hlwegacpgvmwgrvxk	eyJjaXR5X2lkIjoxfQ:1miXgr:XRNBcaDuBm2J-8LBmWYp5qEVp9Dn47skzf7u5_iyhcA	2021-11-18 11:01:41.213479+03
9ls60xnuselll24elzfy2tb5djodlmh9	.eJxVjEEOgjAQRe_StWkYOi3VpXvP0ExnpoIaSCisjHcXEha6_e-9_zaJ1qVPa9U5DWIuBjowp981Ez913JE8aLxPlqdxmYdsd8UetNrbJPq6Hu7fQU-13-qGpHWORIHYYdACXgN3pDm6CNCgF0_lXLAFHzYNBWPIHebIJbKi-XwBRSM48w:1lxXAQ:Gle_2nWL7x6-G8C_D5es_eHDqM_UTP_4QPgZ_hEMSBg	2021-07-11 18:57:54.456885+03
q6ihr9vzlke38t13o0d799bovkral186	eyJjaXR5X2lkIjoyM30:1mj0Zp:yKSCGSVq55YKuz-Cn6ilUPrsYSVKKtyqqL_xtDpPQ68	2021-11-19 17:52:21.244594+03
oll6e8igwtr04yj7c33phc53h0izdfjb	.eJxVjEEOwiAQRe_C2pACxSku3fcMZAZmbNVAUtqV8e7apAvd_vfef6mI2zrFrfES56wuynZWnX5XwvTgsqN8x3KrOtWyLjPpXdEHbXqsmZ_Xw_07mLBN31ps9q4_D2ZwiSwzDk4EpSPuPJAHhxyCBwNsyKfQWyGEHpJAkJC9Ve8POwY4rw:1mIuZM:UX4EL0jaBlVDvvbqtTRHhswizh-AclI64gtacYLyng8	2021-09-08 18:12:00.550689+03
glr43iuswt94la42vy2ohf0tkxhvgpo3	eyJjaXR5X2lkIjoyM30:1mjYDv:wy7ahqSiIlRjqyEpTIlIw4fmJT-IxP4q0ovRuAxKu8k	2021-11-21 05:47:59.645654+03
xocbynuoc8zuoeu41ebqa53j2chue4qo	.eJxVjEEOwiAQRe_C2hCggQGX7j0DgZlBqgaS0q6Md9cmXej2v_f-S8S0rTVug5c4kzgLo704_a454YPbjuie2q1L7G1d5ix3RR50yGsnfl4O9--gplG_NQMZpzRCQQV5IuvYM1gAReiDQk2FTILATDQFZJ5YofXeFG2U80m8P0TtONw:1mYC80:EW0KqV8mysv0SSHNc6G2VRhToxh_RWqIGxKUxRDGZ_I	2021-10-20 21:58:56.49804+03
ewulf07u7u2ylzyda6znfbu527kbo9n2	eyJjaXR5X2lkIjoyM30:1mkLp6:pz26g0jPdgSFLiCkCbS6JeLI07GSjVxN7GZkFajv5C0	2021-11-23 10:45:40.526068+03
6uu11hsqtlqls1nr58l63kx2n0dmfzbg	eyJjaXR5X2lkIjoyM30:1mlS9L:u0I16WRT077C4ioq4QJ_ZoSdEu_DpAT2Sz_AjY1iDv8	2021-11-26 11:43:07.851548+03
jz7sp2hz2bm64982gpuqtjyuz11gpf2h	eyJjaXR5X2lkIjoyM30:1mggQy:IPmW1jtwUjY--TvPExkyhXxrO2m6BedW3Dqx9XOHw9U	2021-11-13 07:57:36.885112+03
o39eywoll33x0r8diynegupi1rk8mzpg	eyJjaXR5X2lkIjoyM30:1mmgP2:LgcIk-wWyWu9YSgnhaAdnpsEuaN_xhXlidv2jA7maQw	2021-11-29 21:08:24.081042+03
9zijh0x9kmtizyh5t07crrityuvz9oyy	eyJjaXR5X2lkIjoyM30:1mi7hp:d-PWh9sEoEMUwa9wc0MftMsl37cFCk1ZxQFFLui_XkQ	2021-11-17 07:16:57.588997+03
ue5qlfoko70u7u4xy8lxym29f5m88zso	eyJjaXR5X2lkIjoyM30:1moHFF:eqJFqt6P9iFyW3GgbsZfZ6exkhkiO3FndzMG3eP9zgc	2021-12-04 06:40:53.729689+03
tp1l33rsve2qkevvziww8dqx9vtq1o7g	eyJjaXR5X2lkIjoyM30:1miWlH:udub1T6Ol4u0LOUjLDG-eYl5wToBvThVUQAwrTlh-QU	2021-11-18 10:02:11.634025+03
4gztron2ivlw47gs8ov5dd12t1tv16a3	eyJjaXR5X2lkIjoyM30:1mj5WE:U3FotaUCK5qLg_q2ma0EMY6q98T0BahIXDB1PjZWVtg	2021-11-19 23:08:58.060234+03
sq9ur6vcoakimwhojkq3jiq5ygnxi5vq	.eJxVjUEOwiAURO_C2hCg9AMu3fcM5MMHqRpISrsy3t026UK3897MvJnHbS1-62nxM7ErkyOwy28aMD5TPRA9sN4bj62uyxz4ofCTdj41Sq_b6f4NFOxlbyuhh0wxSEHZEpr9SAw5k7VyyE6hs2BHbQiUCUqDUGCDk8pI4wAjRPb5Ah8mN10:1lsDob:d6iTl2uynzU2rGhHV2wi1C30d1a0MONevthxKgFlsU8	2021-06-27 03:17:25.070963+03
j6jv43hl8bcdl315dyxw78t28uiqntl0	.eJxVjDsOwjAQBe_iGln-rddLSc8ZorXj4ACypTipEHeHSCmgfTPzXmLgbS3D1vMyzKM4C01enH7XyOmR647GO9dbk6nVdZmj3BV50C6vbczPy-H-HRTu5VsnRQSOUINizClYExgRDLnojPImIgTFzhBMxmpPOuUccQJvERAUifcH8fA2eg:1mDFLl:_c7rU-WKKzxA4YgEO7Iu_9O7Ca2z9Uwe6Cnvr2DBC3c	2021-08-24 03:10:33.72486+03
yll736nh8qim64wek4dkrb4aip2ylwud	.eJxVjEEOwiAQRe_C2pCBKQIu3fcMzTAwUjVtUtqV8e7apAvd_vfef6mBtrUOWyvLMGZ1UcZbdfpdE_GjTDvKd5pus-Z5Wpcx6V3RB226n3N5Xg_376BSq986hLMNYJhYYifsHUQBmyx6iIHA5VicYcjQQZKChVEiEAZBDOglq_cHHKc4DQ:1lxirh:GvuM1aQ1NkmP1ERlCzngyKMwS617Gb71zOkzJSIME6k	2021-07-12 07:27:21.066825+03
dtdpxd1vn3cwqqn6peyg52zukhrrriia	eyJjaXR5X2lkIjoyM30:1mjYQN:2BPhKlpUj6pC6lcJfXSUoem1Qnm8cJTEwJTLarsTdKo	2021-11-21 06:00:51.92277+03
nz57x6hpb0eq610kzwwosf9q1dxaljyf	.eJxVjMsOwiAQRf-FtSFlQKAu3fcbmhlmkKqBpI-V8d-1SRe6veec-1IjbmsZt0XmcWJ1UdBZdfpdCdND6o74jvXWdGp1nSfSu6IPuuihsTyvh_t3UHAp39oGgN6zk8zZmxi8swREwkC9kRQ6TDZg7xznIMZEOXvxXUwMDkx0pN4fLzY4PQ:1mJNhQ:89WnmcdmXX_BE7tP0wDRHyjX-8wIgOtnO9fgjRBVPEQ	2021-09-10 01:18:16.749374+03
2r8kn4gmyxufnijw61bwfnfgxdc8obu4	.eJxVjEsOwiAUAO_C2hD-tC7d9wzkPR5I1UBS2pXx7oakC93OTObNAhx7CUdPW1iJXZn0nl1-KUJ8pjoUPaDeG4-t7tuKfCT8tJ0vjdLrdrZ_gwK9jLGOqJ0CYdyUMkQ5O6vAZoHCm6gAkYwU6GcdtVGSHJJCSxm9T1MiwT5fMWo4rw:1m0Jwi:j4prZS32rnM5KBDl1LK0diWMaBavmgVO4qyHHLVULzQ	2021-07-19 11:27:16.838327+03
dmrozjzxs73q90ngop1y01zjroosbr7d	.eJxVjM0OwiAQhN-FsyFu-Vnw6N1nIMsCUjUlKe3J-O62SQ-azGm-b-YtAq1LDWvPcxiTuIhhQHH6bSPxM087Sg-a7k1ym5Z5jHJX5EG7vLWUX9fD_Tuo1Ou2Jm_QOoNJJ-aBPNroIUdAzwW2RF2SNhwVsMbCZ6UQjQMw2pEG68TnCzaVN-s:1mkRyS:id4fnhX-X2d3N_UiLJW2pe8K80-_UEg_WE7stBSRzH4	2021-11-23 17:19:44.136484+03
920ugqb6pda8maoo7cgrc6v4t2gozkux	.eJxVjEEOwiAQRe_C2pDpYKHj0n3PQAYGpGpoUtqV8e7apAvd_vfefynP21r81tLiJ1EXhR2p0-8aOD5S3ZHcud5mHee6LlPQu6IP2vQ4S3peD_fvoHAr3xpy7ogFEmUMEaDvMxocgAgGh4wZ7ZmYnBEKJhJHQ9aCDZCDE4mg3h8jSzgO:1mYd56:SXJVg7ZOb-KW79MBdp7hTK9CQ6GiG2EU9hOzagg06Qk	2021-10-22 02:45:44.259754+03
713z3ign9hw0srek45ugrbambq6nsh3a	eyJjaXR5X2lkIjoyM30:1mfaAV:nIORHTzpju0iVakY3z_UVJ9Ji6i5_xNmHX2P9OD9sJo	2021-11-10 07:04:03.140835+03
97a7iyi196n7f2omkdradpqe1ijc79vl	eyJjaXR5X2lkIjoyM30:1mgi1k:3qcpSKuWlH4T9pVDiRdYVmsT0-pepGaVngJhXme1XNE	2021-11-13 09:39:40.747208+03
v4wwwrbwxjrv8569fwe8nbm57fgf1yyu	eyJjaXR5X2lkIjoyM30:1mi7ra:WNCU01r5ZAIkhv7NY8lp48bPrSpGwWf3qWwqN95nBcE	2021-11-17 07:27:02.885664+03
nmzgepvyk5pigob94lbg1p321det0rmu	eyJjaXR5X2lkIjoyM30:1mlSGZ:ZYAfEdIBGvnpdHT-Vcgk03bATwKRfqKq29fP5ZkymaY	2021-11-26 11:50:35.781592+03
uiixhsw9q2vcse3mkmbg3f0pwbgzityr	eyJjaXR5X2lkIjoyM30:1mmCKs:CrsSf6eL4BFuT53ATRxhWC59AO1OWrQctLmpoaI_YYc	2021-11-28 13:02:06.43953+03
imiyrazd45q4gzpnjb50358ppptdtqx5	eyJjaXR5X2lkIjoyM30:1mmqZy:cnFYsmYN2xaEaL5aizCuIkU3eJssE9lnHM5kJPQxKOg	2021-11-30 08:00:22.336634+03
fv4n069y0sbuai6d0o7q80pt617h5v1k	eyJjaXR5X2lkIjoyM30:1moLkB:oJuFqQU8FSWEM9kXw3JGXkLIw93fQonezaTCbfPWMVM	2021-12-04 11:29:07.650477+03
lper470yrgs7hf8axc1pruhb9ocn7hpw	eyJjaXR5X2lkIjoyM30:1miXHS:PehRD-hdVDU9C3WJn7kU_oP9PfbDv1hPwK5EY00TVzg	2021-11-18 10:35:26.976545+03
cg2o72n2xg8opc4hskj1hrdkg8fdwlk6	.eJxVjDsOwjAQBe_iGln-rb2hpM8ZrLXX4ABypDipEHeHSCmgfTPzXiLStta49bLEicVZaAji9Lsmyo_SdsR3ardZ5rmty5TkrsiDdjnOXJ6Xw_07qNTrt1ZasYXhimSKy8YheDJKB5MAOSRECIUtKQcAPnnn0GL2nL0BPxibxPsDA_029g:1lsLW5:CLlNDxixuaJdCUSuGemSxgyOmr6lZ3QrTMz81mAkOx8	2021-06-27 11:30:49.795796+03
pd4cpa32jf0nwj37yzcqkp6shhui0um9	.eJxVjEsOwjAMBe-SNYoaJzUJS_Y9Q-XYDi2gVOpnhbg7VOoCtm9m3sv0tK1Dvy0696OYiwnm9Ltl4ofWHcid6m2yPNV1HrPdFXvQxXaT6PN6uH8HAy3DtwZxDoM610QmKdQCegLFHJQxJmZsxLdRktfssQTSBAU1Q8N0hhLN-wPrBjhe:1mLLFw:gAei-oX3WXyg7_TobWgGwJbIVV6njmwbM_WOZ8-P_sA	2021-09-15 11:06:00.265236+03
qzbndf8gfdgiwxgxbcapbefs7g8npimw	e30:1ma97P:VP-xZy9DKdDr9SP2C8oLl16J-3Ero2tF33wUxwMSjeY	2021-10-26 07:10:23.003535+03
4zn0j5uqv6vjtt5q1vosj8n0x5ej0whb	.eJxVjDsOwyAQRO9CHSEWMIaU6X0GtHw2OIlAMnYV5e6xJRdJN5r3Zt7M47YWv_W8-DmxKwN2-e0CxmeuB0gPrPfGY6vrMgd-KPyknU8t5dftdP8OCvayry0JS1k6FUGTTINUzkBSQEY4GggpiDFosIYcigijoD2CIRsIszaBfb7cMTgR:1lxp7E:99tIcp1q96l-5aFbCDBAXVYPG_Z_IILda08tL7OIOZ0	2021-07-12 14:07:48.348206+03
cfepaho6ep5dr929q678hidg1gi7j7bw	eyJjaXR5X2lkIjoyM30:1mjAty:WrdFpjzkDNpWPgSK-uEy-69xGOQn3GG8HudaLrnxY7M	2021-11-20 04:53:50.683584+03
to890sy88azzxmy568369s6agf4k4f6z	.eJxVjEEOwiAQRe_C2hBmilBcuu8ZyMCAVA1NSrsy3l1JutDVT_57eS_had-K31ta_cziIsCO4vT7BoqPVDviO9XbIuNSt3UOsivyoE1OC6fn9XD_AoVa6WHQaiDM4HTI1piACoEDI0JSZAAdwNlk-q4eso3DiM7GpBl1ALZavD8FTTcx:1m0U52:ulvnyf4jR_F6kYeCjR2CNQMF30MubaCGdeRKHshvq48	2021-07-19 22:16:32.463868+03
zj6i9fqf42lwxnkc2de83gbg26jw1se3	eyJjaXR5X2lkIjoyM30:1mgiO9:jrXy2JKKby1Vedu-oIFmLGxcBDei9pq5gnNPtfw9x5w	2021-11-13 10:02:49.028077+03
lni5vvl3cpa1zegsuwgpw00z8bc7p8rw	eyJjaXR5X2lkIjoyM30:1mi9d2:zBFAFjZ6TrHnzMzmbPXQuijAqxUfVCU8up8FNO8QSqo	2021-11-17 09:20:08.651419+03
83nw2uh1j3b858tjuobtz7us800i112v	eyJjaXR5X2lkIjoyM30:1mjZxi:SyT9baVvuLxEJzQtFnr4IuaHZLlSLG6BcRJwYiGKvxg	2021-11-21 07:39:22.822759+03
wb3v1se0r4x31rbrreuszwftkgze17i3	eyJjaXR5X2lkIjoyM30:1mkSRY:kQUxILFaAvwdTfRBaWRNMCuhBCsftC7yESfz2nMbooQ	2021-11-23 17:49:48.877034+03
jthglbrif4ueajdgm0my5fz95063u1sv	eyJjaXR5X2lkIjoyM30:1mlSL3:O0BbPFzRBZuYoKv8v82_GR-f23WrtouwooXXxlBtiXE	2021-11-26 11:55:13.204022+03
00v4rms1kf241p84a75lln16oywjx55p	eyJjaXR5X2lkIjoyM30:1mmFlS:0DC5_thoecUx9YtMSgO3h53oKUTXZ8A8mmJtb1qSjJ0	2021-11-28 16:41:46.257476+03
zbe71yp45s78nkdaan7vbpxpzi0xr80g	eyJjaXR5X2lkIjoyM30:1mnJjj:2rG0MqtSPc2rBElhTz2jNbcUfJT1wBsetalSRrj_COU	2021-12-01 15:08:23.147834+03
15oatkg0ntxh0wbvv88xo8l2sfq6fy25	eyJjaXR5X2lkIjoyM30:1moMzD:TodwKvljvs73K_wT6VUULb9vpLpet6wNnKF8AWr5XFE	2021-12-04 12:48:43.357081+03
mmadcx5zloh11b79qpj50j0wm6wgwcpz	eyJjaXR5X2lkIjoyM30:1miYAM:-1EMvYy_Nhux0Jn_lDdIE6YjPdqtMftIm0GfQZRtCmI	2021-11-18 11:32:10.091503+03
dde0eq3pztsj9stk0rbsew2wcpzinxcc	.eJxVjEEOgkAMRe8yazNpKeMUl-45A2lniqAGEgZWxrsrCQvd_vfef7lOtnXotmJLN2Z3cRjYnX5XlfSwaUf5LtNt9mme1mVUvyv-oMW3c7bn9XD_DgYpw7euJCFRw5m1VoUIBA0yASHEyJqxr00AKVcCFKwJjCx9iOeU1EzUvT8KyDfz:1lsLfg:wI4Y1bn-r6IGO706LMYJefZqpnAvgcNepF8T_RWldKY	2021-06-27 11:40:44.784801+03
ue6t33eofu4kxnb48jnwuphnkbafemay	.eJxVjDsOwyAQRO9CHSEWMIaU6X0GtHw2OIlAMnYV5e6xJRdJN5r3Zt7M47YWv_W8-DmxKwN2-e0CxmeuB0gPrPfGY6vrMgd-KPyknU8t5dftdP8OCvayry0JS1k6FUGTTINUzkBSQEY4GggpiDFosIYcigijoD2CIRsIszaBfb7cMTgR:1mLkVR:61EUhl60lEB2Xr2BXupkf6cVJjHAhGKGAQxX3oLYUAk	2021-09-16 14:03:41.049716+03
t8z0uk11l4wh60ad66tw3xzbdqmu4yxn	eyJjaXR5X2lkIjoyM30:1mjCl1:KeNZmv7bEq6wHF2n_FcaOL0RPoPpVQMEJQ94bcdnKlA	2021-11-20 06:52:43.654047+03
t9xnv9dg3dowvxgmexehmaqq2nks0fya	.eJxVjDsOwyAQRO9CHSEWMIaU6X0GtHw2OIlAMnYV5e6xJRdJN5r3Zt7M47YWv_W8-DmxKwN2-e0CxmeuB0gPrPfGY6vrMgd-KPyknU8t5dftdP8OCvayry0JS1k6FUGTTINUzkBSQEY4GggpiDFosIYcigijoD2CIRsIszaBfb7cMTgR:1m0nEh:vNgzt_seMIMu-GYLUOr7JjVjGq0GhXy9Yw_rvATvFcs	2021-07-20 18:43:47.303264+03
cxcuyq6b5e7r0v86jrjzqpegf25y4uc4	.eJxVjEsOwjAMBe-SNYoaJzUJS_Y9Q-XYDi2gVOpnhbg7VOoCtm9m3sv0tK1Dvy0696OYiwnm9Ltl4ofWHcid6m2yPNV1HrPdFXvQxXaT6PN6uH8HAy3DtwZxDoM610QmKdQCegLFHJQxJmZsxLdRktfssQTSBAU1Q8N0hhLN-wPrBjhe:1mcKeI:tBbPJ1PvqVlDwcBYdeR_VLgzA99vNxsAzpKD5ctA5iI	2021-11-01 07:53:22.923811+03
sqediztvkpnpuko05rffdhixrej559bt	eyJjaXR5X2lkIjoyM30:1mjagc:dgDHin5R86JRFkKjjmZ_oEI6zlkxfS3UBFhbtM9PnVE	2021-11-21 08:25:46.84097+03
2ezt1bjluewibwpdmk7chex6uhojxl5p	eyJjaXR5X2lkIjoyM30:1mgiXQ:wVcmIyYTpjwmFlg_QIAU8zZM42hZrp3FQQh9uGLUWbs	2021-11-13 10:12:24.62357+03
5nt4bml3j21fr8e8lyajcao2zc1uapbk	.eJxVjDsOwyAQRO9CHSHWxhhSpvcZ0PLZQBKBZOwiinL32JEbd6M3b-bDfF7eNgd2hQuzuC7Jri3Of8KAnZhD_4xlL8IDy71yX8syZ8d3hR9t41MN8XU73NNBwpa2tSahKXam9yCpC0PXGwWhB1LC0EBIToxOglZkUHgYBW0RFGlHGKVy7PsDekQ70Q:1mkNaY:5MK3_YJisPR7Wr63lYH4Lap8NoyaSUPPlSRPHooJdX0	2021-11-23 12:38:46.04108+03
0bwgshoiso1i4zmyo4wnhc8f5e9qd35c	eyJjaXR5X2lkIjoyM30:1mkgAm:iQRT81P_tYqc16vpuNyWWQ5kIPxI4J5HOK1Hmf3x6QE	2021-11-24 08:29:24.158858+03
hrcu2zwptvv6wlm3o0d6n5fkdlctidqn	eyJjaXR5X2lkIjoyM30:1mlTOj:lnwWQXMR6RG-oh7ERAvyniPzEP-mqBH73eyrkMOH6PU	2021-11-26 13:03:05.619913+03
imu1keyzm4xykirjlk9igtcd3el3xjnp	eyJjaXR5X2lkIjoyM30:1mmFrl:_zWJ4GfbYL7e8OoGLwg1oG4L5F18OYtiUBl5q_W7Jn0	2021-11-28 16:48:17.886763+03
tdeq1ag4v9itlrrk4o6b6hm257d91o7e	eyJjaXR5X2lkIjoyM30:1mms5L:i-SnEH6Q7Bq_r0_4nizj7-JdVzAYXBxW9POXzhT7XJE	2021-11-30 09:36:51.285938+03
oevqybxc9utx51st9ig700o1w7zo96vk	eyJjaXR5X2lkIjoyM30:1moTEa:_ifClFUmylWogJLIS-cHoToKKKggxtjAmnAaaBBFkl0	2021-12-04 19:29:00.780347+03
yjbu9n6ozut8godjsptu47qbsmx45ppr	eyJjaXR5X2lkIjoyM30:1miYMS:P-06bM2E9Dgkv_ftnBsCe60z-iGswWjY3-h2kFzmNfI	2021-11-18 11:44:40.772327+03
9nnvxao6u5z0zt207mmr9eer7hpxh0j5	.eJxVjEsOwjAMBe-SNYoaJzUJS_Y9Q-XYDi2gVOpnhbg7VOoCtm9m3sv0tK1Dvy0696OYiwnm9Ltl4ofWHcid6m2yPNV1HrPdFXvQxXaT6PN6uH8HAy3DtwZxDoM610QmKdQCegLFHJQxJmZsxLdRktfssQTSBAU1Q8N0hhLN-wPrBjhe:1lsRQn:dhkB_5Sz1jVRXGnvmtLasNug6uHA4AozEZt-tY30i1I	2021-06-27 17:49:45.771491+03
0jwbeckhuwt7935ekma40nanmk9yqnww	eyJjaXR5X2lkIjoyM30:1mjDt1:ZJHywwAN9e8Tk4wxb6moRSJAq5RzFUWp4xyZxtg0TP4	2021-11-20 08:05:03.760188+03
6e0vwv3rxdreymbgd6gnfc3vfdx8x494	eyJjaXR5X2lkIjoyM30:1mjbSh:26zno5vwPVyRPkOfVBsjxIsNzZWYi-8pok5cqlzS-do	2021-11-21 09:15:27.054158+03
gdlr26ec1rhzgse80nzgx3rma809hgwv	.eJxVjEEOwiAQRe_C2hAY6AAu3fcMBGZQqoYmpV0Z765NutDtf-_9l4hpW2vcelnixOIsQBtx-l1zokdpO-J7ardZ0tzWZcpyV-RBuxxnLs_L4f4d1NTrt8aCVw8hZcgWkR2aEgwZRjdk7wkJ0GqjrKXgHGggFRCcVswBaQhJvD8Ryjcu:1mcNfK:kCc_kM0cxUyIWXgVHr_BuceHaeLurxQ67QHTISyVGeQ	2021-11-01 11:06:38.846833+03
02etgo4wqiawxhav1yecbswmea01yygv	.eJxVjEEOwiAQRe_C2pABZKAu3fcMZBhAqoYmpV0Z765NutDtf-_9lwi0rTVsPS9hSuIilBvE6XeNxI_cdpTu1G6z5LmtyxTlrsiDdjnOKT-vh_t3UKnXb41lALReac0UETIX9NkXADbsjNalaGWQAVQ6o6MSnQVrUBlNEZJh8f4AIV43ww:1m0sij:KRZUZxeyDOjxiG5nmZmBQ7Zyfua_m_tZPQpIaYNgAkI	2021-07-21 00:35:09.049912+03
gfg6yuvbeowsigjh85uoxmsne7buew54	eyJjaXR5X2lkIjoyM30:1mkgWo:375abrXpdWgkAhpHZdnmug79U1PdKZ2NdYSdu-VnMz4	2021-11-24 08:52:10.676308+03
zgxq3hq61fhs3l2rabnd3zeisyrkiea5	eyJjaXR5X2lkIjoyM30:1mlTfF:7QB17a4VXv9fFl02Ut-tSGF6dhSKGLoWP5KboahPEso	2021-11-26 13:20:09.92559+03
6bdhvmo43endys0ynkd0ay6zt7wzc899	eyJjaXR5X2lkIjoyM30:1mmFy4:LbsTvvC5L6JDTKJi48sCH5cd8SqfLB7qo9KpSDfzvxk	2021-11-28 16:54:48.94824+03
e2v8qwfah6etms0ih3jhvm70oz4ajpd4	eyJjaXR5X2lkIjoyM30:1mgk3L:6TBgJSbLK2d_sa2b_Hx3Qv5lTLqaI03ztsY9vt_g6lc	2021-11-13 11:49:27.117024+03
2vxm1mqoe8b9vfv8njojsxmt7hylyhg8	eyJjaXR5X2lkIjoyM30:1mmsAc:XMcDgWIlfSI8q3-P-tZOLriaq2e1lErqTBVz3C-vvRk	2021-11-30 09:42:18.144387+03
qakzogimawxta13sc3sc5mmm2shpfyqi	.eJxVjEsOwiAABe_C2hD-oEv3PQPhAZWqgaS0K-PdlaQL3b6ZeS_iw74Vv_e8-iWRCxFMkdPvihAfuQ6U7qHeGo2tbusCOhR60E6nlvLzerh_ByX0MmqlAPBs7TkqK6KbHZwNMrIMzSQcTJqVkAnyq1kujAY0j8IaaOkEeX8AQXo4WQ:1mMnsu:gJL9fkP21s4bHoTxXzokTDqMoHhU3uq4O7FM10uITl4	2021-09-19 11:52:16.673139+03
rauhv6jbjmo8kex9kchqb9fwol65u82j	.eJxVjEEOwiAQRe_C2hCgdACX7j1DMzCDVA0kpV0Z765NutDtf-_9l5hwW8u0dV6mmcRZ6DGI0-8aMT247ojuWG9NplbXZY5yV-RBu7w24uflcP8OCvbyrUMEJmscJY9kvA1OOQuAehwsJ4Wec1agIzvwxsGQkwU_DtFqyhCiEu8PK0Y39Q:1lsiSD:gX_BzFUcJM1LM0QUTpelLel10lXbiG7X1YQp-72gohk	2021-06-28 12:00:21.939811+03
fpwjmta2kuew7x6hobbw125j0joqh164	.eJxVjEEOwiAQRe_C2hAECoxL9z0DmSmDVA0kpV0Z765NutDtf-_9l4i4rSVunZc4J3ERzonT70g4PbjuJN2x3pqcWl2XmeSuyIN2ObbEz-vh_h0U7OVbE2n0ljiYRM4FFTQHZYhBB7A6IGVMxI7yMFgCAgB3zl6xMsDsrRXvDx23OFg:1mcNiV:TGxsmf2m5PIqqlz1uM5YSfTcnL0D4o6fMtxm4Ei7os4	2021-11-01 11:09:55.164202+03
wvbyqapjhkuc8ixcu5le3h5vjbjwutph	.eJxVjEEOwiAQRe_C2hDsFASX7j0DGZgZqRpISrsy3l2bdKHb_977LxVxXUpcO89xInVWR2_U4XdNmB9cN0R3rLemc6vLPCW9KXqnXV8b8fOyu38HBXv51ikwOMzCltOYQAza7E_OD6MHm1EcOyIWj1YGABLOHNgbMSEQoFj1_gBmiTnW:1m138o:aLBf93ncxFxQkPL5eTNqGXWvCqMvr-iMaC4t4vK82UU	2021-07-21 11:42:46.493817+03
hgfhx9uph07nijl2ys530t4giqbnihcc	eyJjaXR5X2lkIjoxfQ:1miZY2:QyPLgnoLjXzOSTJOAkaPenmKi5kD5tBFq__98VnSA-Q	2021-11-18 13:00:42.667469+03
7d7py2f5zv7p1nx5bt612sx0kpm198ug	.eJxVjEsOwjAMBe-SNYoaJzUJS_Y9Q-XYDi2gVOpnhbg7VOoCtm9m3sv0tK1Dvy0696OYiwnm9Ltl4ofWHcid6m2yPNV1HrPdFXvQxXaT6PN6uH8HAy3DtwZxDoM610QmKdQCegLFHJQxJmZsxLdRktfssQTSBAU1Q8N0hhLN-wPrBjhe:1mgkvz:2oNnjvOVIZ-qwSd5UZe8NuZU4soihZ5NQrhR7z1Rgak	2021-11-13 12:45:55.540123+03
8vdr9hgpc5voqmcswy85dx0cvajwhjpi	eyJjaXR5X2lkIjoyM30:1mjFcH:SKrlpxrsAoT0rAF2v0GYOFMscZAMrsVE_iA4qF4bq9U	2021-11-20 09:55:53.007326+03
703dfhcsr5e8d1ycbk9xgjofcua02twb	eyJjaXR5X2lkIjoyM30:1mjdn7:HpDDcv_U89Mg3HKCLgspt_RxBLSlOU2-Ux-Wy-E3Ml0	2021-11-21 11:44:41.732606+03
bv4ntb9kb4hf0k1auwh4vb1g2wy4y4u5	eyJjaXR5X2lkIjoyM30:1mkieb:B9RSFO_5AmESEK-hfem5csRxufR6miRdRLGHrdURw_o	2021-11-24 11:08:21.20583+03
bnolpltttg8a0oo63w5oyjmmo05xv9l5	eyJjaXR5X2lkIjoyM30:1mlZ6h:h3ECJ7lwJ0ZQP44N9lFIw7BP6zEVoEA_-aOPUMBfnJk	2021-11-26 19:08:51.23888+03
t2lqj7vwzm1jygsboda6fd9ss3caonic	eyJjaXR5X2lkIjoyM30:1mmGCr:9df6tc6xzU6cWP_E9yn2ikgYEx417LnwjZbJ1X-IVso	2021-11-28 17:10:05.865551+03
f8soq3e15fr15f6kv4paeeuppsvm0ivr	eyJjaXR5X2lkIjoyM30:1mmv9R:j7j_UWpqOGAxqnRUZDnVWfnuOvFQpp6fWF4udOx7PJs	2021-11-30 12:53:17.670649+03
zm68dv0agtlkff41tjlksf3oi63jvs56	.eJxVjEEOwiAQRe_C2pApSAsu3XsGMsMMUjU0Ke3KeHfbpAvd_vfef6uI61Li2mSOI6uL6npQp9-VMD2l7ogfWO-TTlNd5pH0ruiDNn2bWF7Xw_07KNjKVhODAAtSzoC9DUSSzuKSYYs-GwlIFKx1bMR3NABZgC1x7AfvjCP1-QJ35Dlw:1lsnw5:dgEmMV5GjaujvceGJ3N8e1_Cl5Od-r8NhUKzNTYrIyE	2021-06-28 17:51:33.280936+03
hyk7hw1l5pit5e0a2x3n50tauzo9ilkc	eyJjaXR5X2lkIjoxfQ:1lvfrO:DZ-PJhfRyZV5OZHgag5PzSa5IXUoUHZXxQ6g0V1E98s	2021-07-06 15:50:34.234654+03
bt73nogqogqbk4eweyh2p7g4sybuazwm	.eJxVjMsOwiAQRf-FtSFAh5dL934DgWGQqoGktCvjv2uTLnR7zzn3xULc1hq2QUuYMzszJTQ7_a4p4oPajvI9tlvn2Nu6zInvCj_o4Nee6Xk53L-DGkf91hOVrHEyCYSXXpKTlqy1howDDWCFMlkZQKcdoipUoCTlHRo7KUgS2fsDEXw3lw:1mO4RZ:Wn-uPoJ2g71aAXK-67lZ05MvClz4-0XvT2InU7Yelu4	2021-09-22 23:45:17.594121+03
b5zsw2s54twks8phn8harrb676zwhmh1	.eJxVjDsOwjAQBe_iGlm24y8lPWew1rsLDiBHipMKcXcSKQW0b2beW2RYl5rXznMeSZyFjlqcftcC-OS2I3pAu08Sp7bMY5G7Ig_a5XUifl0O9--gQq9bHQd0Q2AyltAoLMFzTB4LBZ-iSyGAYYOQlLFs4y1RIA1KoSubW8CKzxcxzTin:1m1pDH:oAYhuv8h6bmcov3hNiT8vyvwSuNGxew-iiCh_jojZI8	2021-07-23 15:02:35.428683+03
dfc59o1n2uugb26d1me00afylbmcrv6z	.eJxVjEEOwiAQRe_C2hA6hQ64dO8ZyMCAVA0kpV0Z765NutDtf-_9l_C0rcVvPS1-ZnEWAEqcftdA8ZHqjvhO9dZkbHVd5iB3RR60y2vj9Lwc7t9BoV6-tbE8qIhITFo7q8OY8mgmCw4pK6My2zCAQQCMDnWOLjpgAhVIscFJvD8bxjff:1mcZwj:R9Iw4bAlgwb_y0W1V6dA-aksHw_WUizljhu6sZgvJ4Q	2021-11-02 00:13:25.344565+03
rd7bondwzlqd0lfpdjvdto6m5fvn482r	eyJjaXR5X2lkIjoyM30:1miZYn:MlGewPGetzpWUhNYkrx0o8TzEl0Rw8SehrwmK5-fQY0	2021-11-18 13:01:29.318696+03
wnrwmu83n7t722thjeyfvchfysuzt9xi	e30:1mgkxM:qDhPJ0jniEFE9llGxWfqSNTGYJ7q6cCTflIiDxMH6ec	2021-11-13 12:47:20.614967+03
95sp824ofdakngmdb45jk0m97m4tok0w	eyJjaXR5X2lkIjoyM30:1mjHJC:JvQcZVZc-zjXMZpQrO9DHXwA-MPRSh1viYYdg2JzGpg	2021-11-20 11:44:18.533613+03
18mdwd7a1s7binrt511f69b3rsha98jb	eyJjaXR5X2lkIjoyM30:1mjero:tjnfpPptsKaQev9b1J5ObPvzYvqqgU8l4sUIt1koTtQ	2021-11-21 12:53:36.178598+03
qseyy06ryb1niz6x6u9jr5ka79ex0tgp	eyJjaXR5X2lkIjoyM30:1mkjC6:AxLqpT-0_kD-Hc2mBQxg5-E9ZC8fkPsecM-MU31tBdg	2021-11-24 11:42:58.918357+03
pv29uyzyyf7soiwv7jtrvj14rftgvvhy	eyJjaXR5X2lkIjoyM30:1mlnap:O9G2YLUCrntYn8jIJnUxmX9fbXoDq4kTdXQ8b_ZrdhA	2021-11-27 10:36:55.878392+03
atksnxxfq4as7213qylxtj5r4as6xis2	eyJjaXR5X2lkIjoyM30:1mmHTW:1tIKUVUq1MwWrYuhOfUkZ9Bl6Z5A4v-Wryi2fb8ND7U	2021-11-28 18:31:22.184684+03
0oenexl0ohlb8vs998sb1a681f10hfag	eyJjaXR5X2lkIjoyM30:1mmxVy:ipm4mqsX_vulkJhiUSH10Wv3rVdnH6ydD79mD5Yu9yg	2021-11-30 15:24:42.45965+03
4mzjmvdccazjavapm09hys5d0qbi8ndx	.eJxVjEEOwiAQRe_C2pApSAsu3XsGMsMMUjU0Ke3KeHfbpAvd_vfef6uI61Li2mSOI6uL6npQp9-VMD2l7ogfWO-TTlNd5pH0ruiDNn2bWF7Xw_07KNjKVhODAAtSzoC9DUSSzuKSYYs-GwlIFKx1bMR3NABZgC1x7AfvjCP1-QJ35Dlw:1lso1r:1CM-oNqMaIGwSkOM9khVQPsjpP_BTcOAOIU09rIqsLk	2021-06-28 17:57:31.606073+03
81a9sxhw06nku25imn3tvhcpmx7nlkou	.eJxVjDsOwyAQBe9CHaHlt-CU6X0GBAsOTiKQjF1FuXuE5CJp38y8N_Ph2Is_et78mtiVSUB2-V1joGeuA6VHqPfGqdV9WyMfCj9p53NL-XU73b-DEnoZtZJJqqjJRSPAaUeYnQFUGJWeVDJaBrKAaCcglGrBRYAGEAFsNoTs8wUCLDbZ:1mQATX:qqBxPBcvP5DS41nMqtafIkXD-bK1Fmwhz3oqy_HzUCM	2021-09-28 18:35:59.811085+03
uszoxrgvg26bmbyh5jd95u8113yq0tye	eyJjaXR5X2lkIjoxfQ:1ltY4X:4HAJaudkWqITutU41UaqsuPPVw6Rk6LhNYxpy9sNGP8	2021-06-30 19:07:21.095391+03
2zak6rfbzlqisr3fv07ta2m1aqkdw3s2	eyJjaXR5X2lkIjoyM30:1miZea:yYjRGe0sA69kBGG2ZVUvPAc-mTWImTnfnKAACCRpjFI	2021-11-18 13:07:28.522582+03
jogsex8hjnw578ou9t1s066v5wnapu0r	.eJxVjEEOwiAQRe_C2pApnTrg0n3P0AwDSNVAUtqV8e7apAvd_vfef6mJtzVPW4vLNAd1Ue6sTr-jZ3nEspNw53KrWmpZl9nrXdEHbXqsIT6vh_t3kLnlb01DB-IQiDqfyAFEBAcoaFgsM1mXCIUSGUkQevQ2GW8wOMMDmD6p9wfp_Td8:1m1uyU:ZNy7VpOL39RHJH6P14cFiAasMbGvOzoEq4KRh8N18Xc	2021-07-23 21:11:42.709393+03
nqf622f5f5d8lx8x6xe27rh3uwlpjgc9	eyJjaXR5X2lkIjoyM30:1mjHLV:tm1TkDeq3cMV8vTCDmga6SY26dAoFFgm7uXC9evI62M	2021-11-20 11:46:41.153565+03
luw64l9cpgw6ogw22orihp5oab3aga4d	.eJxVjEEOwiAQRe_C2hCYAgWX7j0DmWGmUjVtUtqV8e7apAvd_vfef6mM21rz1mTJI6uzArDq9LsSlodMO-I7TrdZl3lal5H0ruiDNn2dWZ6Xw_07qNjqtyZmB0QGO58w4lBABoi9E8beUJHQDcIeAlpvOgrJQbLoTbRJfO8KqfcHVjY4uQ:1mdNnN:b6-yxUHAii774l3sZ3IgotERKpMWjK-bCk5X8kmlC2E	2021-11-04 05:27:05.433347+03
5gnwcx2wa26hty33hq6kgxlnhek0qpv9	eyJjaXR5X2lkIjoyM30:1mjfGR:pyz1kUB6IbZBr990y72bupl8obKfxDEVLJkgQwlKx3k	2021-11-21 13:19:03.3884+03
q064iw3wvph1ou43fcxjevrkwj9d0xlc	eyJjaXR5X2lkIjoyM30:1mkl70:4PuXh691tEZZe_aoiZKm2wm-7faO4YHotRL7Fbq8gE8	2021-11-24 13:45:50.405466+03
xm014dtd4m0zk2aj4mv0ohklyem3mfjt	eyJjaXR5X2lkIjoyM30:1mlnzh:nQgz-IprT0dxxfZ1CyxCtNTGSG9NNcngtXapBM_kBP4	2021-11-27 11:02:37.322444+03
zlgcnb2blwu9mdphj3ncjjnv6pf37wm4	eyJjaXR5X2lkIjoyM30:1mmHmq:e-hT8HIQxf_kYbye8LT0xjzvFOECg3b1ib0rA2lInr0	2021-11-28 18:51:20.057103+03
56dtm5swoevfpaux5z6k1rnckztzo769	eyJjaXR5X2lkIjoyM30:1mmxZy:zd_S1ANF2CG6ztcbV_HkADApsAMQlGbX2UyzRniYmRE	2021-11-30 15:28:50.16563+03
oxoxq7603shls1jfe6akemf13fzv0wcd	.eJxVjEsOwjAMBe-SNYoaJzUJS_Y9Q-XYDi2gVOpnhbg7VOoCtm9m3sv0tK1Dvy0696OYiwnm9Ltl4ofWHcid6m2yPNV1HrPdFXvQxXaT6PN6uH8HAy3DtwZxDoM610QmKdQCegLFHJQxJmZsxLdRktfssQTSBAU1Q8N0hhLN-wPrBjhe:1mgkxi:OkTgWiIq7tstrVscQa29x_jxxGjKH6LX5VdN4DlI7qw	2021-11-13 12:47:42.743714+03
x155cknr0ozq7i29zjoqpmdwivgi0ceo	eyJjaXR5X2lkIjoyM30:1mibxP:O4d8dkFg3FT5HLWvhHWysrISS6IpMJWaUqmCEt980_8	2021-11-18 15:35:03.145983+03
89hlooof65fztfr12zhdiqrkmqxacn92	.eJxVjEsOwjAMBe-SNYriJk4blux7hsqxDS2gROpnhbg7VOoCtm9m3ssMtK3jsC06D5OYs4EI5vS7ZuKHlh3JncqtWq5lnadsd8UedLF9FX1eDvfvYKRl_NYNKogkBLpmVgVMiJjYQUcpeQmRQ2ZWR8Ezs2sjNp1D8hpzC52QeX8APFc4kQ:1lst15:Evbeks6svkuXWDW6lsjTrNOseIbDcwTM6QpJSzve90o	2021-06-28 23:17:03.332139+03
uj5a2g7clvz93arvyoa0znayh6kojtmk	.eJxVjEsOwjAMBe-SNYoaJzUJS_Y9Q-XYDi2gVOpnhbg7VOoCtm9m3sv0tK1Dvy0696OYiwnm9Ltl4ofWHcid6m2yPNV1HrPdFXvQxXaT6PN6uH8HAy3DtwZxDoM610QmKdQCegLFHJQxJmZsxLdRktfssQTSBAU1Q8N0hhLN-wPrBjhe:1mQhjZ:mXkpTmV3PqLRTJrVLh4odj0rQ-Cdgvh5_IDHzAu0F_4	2021-09-30 06:06:45.402136+03
kkdzm30lqbzk2oncl74lhnllt40l95lk	eyJjaXR5X2lkIjoyM30:1mjIfX:JlHWYUhiUCAHUr71mbL6U1_GNhDwkFk7AhSSddcwZIM	2021-11-20 13:11:27.689482+03
g85p0vdnne131lq15qim3xlr5988xwgl	.eJxVjEsOwjAMBe-SNYoaJzUJS_Y9Q-XYDi2gVOpnhbg7VOoCtm9m3sv0tK1Dvy0696OYiwnm9Ltl4ofWHcid6m2yPNV1HrPdFXvQxXaT6PN6uH8HAy3DtwZxDoM610QmKdQCegLFHJQxJmZsxLdRktfssQTSBAU1Q8N0hhLN-wPrBjhe:1m269k:7XC78D9ranI1AzMd_Q86RgSEHTImeN4LPZanDmhDsLo	2021-07-24 09:08:04.107191+03
5td6gdumxovp0v49umhynb9v5s7go8p7	.eJxVjEEOwiAQRe_C2hCYAgWX7j0DmWGmUjVtUtqV8e7apAvd_vfef6mM21rz1mTJI6uzArDq9LsSlodMO-I7TrdZl3lal5H0ruiDNn2dWZ6Xw_07qNjqtyZmB0QGO58w4lBABoi9E8beUJHQDcIeAlpvOgrJQbLoTbRJfO8KqfcHVjY4uQ:1mdWOa:twXADbp-g6DG34737fXATr2O_jI4991WfJbVWlLx3SE	2021-11-04 14:38:04.645475+03
sc556x6tjjr6vwonum686xu6njau3vlg	eyJjaXR5X2lkIjoyM30:1mfnzK:_ltHMVY2pdKnVXL6oMQYT7guZdbOZpeNqBUYi1JwLFk	2021-11-10 21:49:26.61959+03
qubi5sts0f0p487g2633xi7msbtsiia7	eyJjaXR5X2lkIjoyM30:1mh16W:WFafzNVoNfLxw_KnreI_5WsXKEo64HFfDA90McnmrDI	2021-11-14 06:01:52.747658+03
cir81hrxig1papd7gk9jqeq760rz557m	eyJjaXR5X2lkIjoyM30:1mjiyv:ov9fZt3Ib0sbfVdg8A5p8tSAao3ttneTu6KVwD0j72s	2021-11-21 17:17:13.280943+03
e226hu21q5vx32g9z3zo7cnhd6tf32s3	eyJjaXR5X2lkIjoyM30:1ml4F9:3vMOgEiNvBM07z6bN_EC_ma_a5FTsVjhbgyMoCdmojk	2021-11-25 10:11:31.208107+03
rl2ea738ixw4kfge3lqutd5ygamagj5k	eyJjaXR5X2lkIjoyM30:1mlocv:WLLp7INsYmmnNiYHrdrqWtV8bYJ_0KXRPPfWCvsXIOQ	2021-11-27 11:43:09.899881+03
3itg5icd9z8i3pdx1cxjx3ki5taqdeyj	eyJjaXR5X2lkIjoyM30:1mmHzg:6PUZ631rxAakLG6dmZerBHii_U0ABxmhhLZjmZcPjGQ	2021-11-28 19:04:36.038618+03
6o94km9lx2pmu3ei5uqlw1ntq15oh6js	eyJjaXR5X2lkIjoyM30:1mmxoi:jVKWJtrFUVMXTAVnRhr7muKSYwwqiWLr71QbTDdEgIM	2021-11-30 15:44:04.608332+03
51gzrmo6zkd2wq6i9d0osy186f94kqug	eyJjaXR5X2lkIjoyM30:1micUa:2iU6EOE87p616eQVARn8RQRh_2KTlM1_ztV97uuEE-w	2021-11-18 16:09:20.335698+03
gqkv9k9cjqunzsevfnxwqyjlzuw5d2lc	.eJxVjEEOwiAQAP_C2ZB2t1Dw6N03kGUXpGpoUtqT8e-mpge9zkzmpQJtawlbS0uYRJ0VdKM6_dJI_Eh1V3Kneps1z3Vdpqj3RB-26ess6Xk52r9BoVa-4wzEHgSJ0JmURxuJyAsOHnvwJjEaQTuwzxnREDF2vWOXLSQLVr0_PNU4Zg:1mSC7Z:gWlQA56UilMYxB3bJU5TRTV51J1AAIgwZBGxNLcaDZk	2021-10-04 08:45:41.55948+03
7lp5hvlq64qp9q0ivk9gehvxz0id4816	eyJjaXR5X2lkIjoyM30:1mforj:GHilhB4YbfKEJ2tmYpMe2HCCoV_ImxnJbf696xbBn48	2021-11-10 22:45:39.481414+03
y23jwnmidpo0jw2bysc1rkhz1fjfrwur	.eJxVjMsOgjAUBf-la9OU0oZbl-79BnJfFdSUhMKK-O9CwkK3Z2bOZnpcl6Ffq879KOZqGvDm8rsS8kvLgeSJ5TFZnsoyj2QPxZ602vsk-r6d7t_BgHXYa9cSRBe8BE2cMzasFKjDGFGiilfo2kSRgbz6zIoOGkzgWPLupM58vlO7OVw:1m28tt:pH_33ZF84IRDmLto-in9uq5Mgq1A7Bh_CY4PE82nUj4	2021-07-24 12:03:53.162506+03
h4rfr3a4ga4qg2vt8pxd1364ax14rom2	eyJjaXR5X2lkIjoyM30:1mh2Sz:hcf2QogxXywn9SymOk1SWUV9cl7yj-RjndInKobMrec	2021-11-14 07:29:09.229467+03
eibwytb6rivrq7t4x6302pb2rmp18t3f	eyJjaXR5X2lkIjoyM30:1mjIuS:z5krJuSaxDhLUEnBVSkO4v-6_fgMh0Fql4zsL_j_XyE	2021-11-20 13:26:52.050664+03
92yz6zx2zo2mvn4p5bpiygr9ifbskhcv	eyJjaXR5X2lkIjoyM30:1mjkKX:ftKtMswU0zHvxa0yxAwvjwqKW0daUDkO9UCdyXH_i8M	2021-11-21 18:43:37.71929+03
f7njy124a9lnk65asxtdklim8kglusui	eyJjaXR5X2lkIjoyM30:1ml4ME:Qw8Hj2HFCmfz31QHIBOYL2ujulg8_vjr3gNPQ7Oslos	2021-11-25 10:18:50.371423+03
ehhf0320glxhwuw17yv6o3hkfxp5cvbv	eyJjaXR5X2lkIjoyM30:1mlrYc:NvmEOgLW67xlIHwYRejsgBJjLbJboLCvXdh9ZnulhQY	2021-11-27 14:50:54.646566+03
b8jejhrjl0kapjw0axupakuy8b8aeast	eyJjaXR5X2lkIjoyM30:1mmTdD:p-0WxNjsK27bsiZcRm4w-PsMUjumFLLIZDrp00cfpwI	2021-11-29 07:30:11.109154+03
6canmoqfmbwdif9nhpqgo6fiho5p9bzf	eyJjaXR5X2lkIjoyM30:1mmyEX:8jRBSHSSIM3fIyWf_5_T8MfF3_ZyZnzOdKApR452Ayk	2021-11-30 16:10:45.069523+03
pfrietdyyo195k46s408hf7rfmtefz2h	eyJjaXR5X2lkIjoyM30:1mie32:uvGxYYUsu0-4me0dg__c2UrNmju5sXgNGj25c55DdPo	2021-11-18 17:49:00.15328+03
vkz7zhk1hnt8r0gqibfz0ppzs5cqg0yy	eyJjaXR5X2lkIjoyM30:1mjJ1k:7IGlxn_IhwOs4kdMIxAYMMW62mv5-ul27zmjTD3H-j4	2021-11-20 13:34:24.212661+03
d2g8enorzdao1rtrwc5swn1c5z45pybh	.eJxVjDsOwjAQBe_iGlkrf7JrSnrOYHm9BgeQI8VJFXF3iJQC2jczb1MxrUuNay9zHEWdlQFSp9-VU36WtiN5pHafdJ7aMo-sd0UftOvrJOV1Ody_g5p6_daIIB4CJwqAiRHZMIEtLtgbcuAg3mQrbihEgwEozhvyLOhtdjlk9f4AGZ43vw:1mSObZ:BW1X0BCZUqvd3RECcUMgKZz09aLjwwlKV1VQb_JuVf4	2021-10-04 22:05:29.571576+03
wbd06g8hx6mcs4y5jb4t3esv3lappdnv	eyJjaXR5X2lkIjoyfQ:1ltdR7:cnj11G0PnJ6I7tc81-l9i-pvJYeCUM8VE86ZNDwnOXg	2021-07-01 00:51:01.626326+03
hcef3td9375xdrd4w3hfyifzfmmg1wbr	.eJxVjDsOwyAQRO9CHSEWMIaU6X0GtHw2OIlAMnYV5e6xJRdJN5r3Zt7M47YWv_W8-DmxKwN2-e0CxmeuB0gPrPfGY6vrMgd-KPyknU8t5dftdP8OCvayry0JS1k6FUGTTINUzkBSQEY4GggpiDFosIYcigijoD2CIRsIszaBfb7cMTgR:1m2A9G:oBNQRh_bjRS4YkFH1c25_yUNqCXB4MXLt5lvLw6ejNs	2021-07-24 13:23:50.718017+03
yz4o5g1ujlodvhd7lkih3h6urq2y5tb8	eyJjaXR5X2lkIjoyM30:1mfuwA:DBUFua3B36U7yV9mQe3xv9F_K6t5B3jiRavxFYmp26E	2021-11-11 05:14:38.696058+03
ntzqd1bag7djfv9ruuxc5wnvgx0wypoz	eyJjaXR5X2lkIjoyM30:1mh81I:gMvuTM_hqPPWZ3SNtInCxwDmUvjiIjzttgkf3k3wdc8	2021-11-14 13:24:56.812911+03
3kwv50z9zfd62mxdgt1qidkn3pbqt1l6	eyJjaXR5X2lkIjoyM30:1mjwMc:qfsIwoWTD07jzFFkPtyh3tM6ArQaK41qDZsDMRv9myY	2021-11-22 07:34:34.133419+03
3k6bek263vh0aynjin3m47egi1904blf	eyJjaXR5X2lkIjoyM30:1ml4i3:xlLrLZuyBg_kbdMxqVW0Qez5dZ53FdGLoTcChR8yuLc	2021-11-25 10:41:23.564704+03
6qs5k3gkx4tyhzt1c2luhh3m26p2gquj	eyJjaXR5X2lkIjoyM30:1mlrew:9E-xrxlgn8_Qaj9kIHj71dpc3H0sADcqbC4R7V2NWww	2021-11-27 14:57:26.710596+03
348hk7r4mthyju0zoshktvdkkrmi78i5	.eJxVjEsOwjAMBe-SNYoaJzUJS_Y9Q-XYDi2gVOpnhbg7VOoCtm9m3sv0tK1Dvy0696OYiwnm9Ltl4ofWHcid6m2yPNV1HrPdFXvQxXaT6PN6uH8HAy3DtwZxDoM610QmKdQCegLFHJQxJmZsxLdRktfssQTSBAU1Q8N0hhLN-wPrBjhe:1mmV7z:QBRZkI0aJcwpPWuH1f933HGjeXD_cZjbF2VJUPk-LP8	2021-11-29 09:06:03.713491+03
t0jjbyuzho250xc67yh0sjux426itsso	eyJjaXR5X2lkIjoyM30:1mmzsu:mx6g_YKI49_aejoE3d26Gk_DSP1eF4yTYO5xV98HmrA	2021-11-30 17:56:32.161252+03
7f01eaz1i6876j0qwuxaz4jc9pmk3p0f	eyJjaXR5X2lkIjoyM30:1miebJ:3XQFlNk7dQ2VcqswncEE3nnneM0_vci9pOpHobMHqH0	2021-11-18 18:24:25.65444+03
na9bkdxbtynopcne0sz2aurzpt24avps	eyJjaXR5X2lkIjoyM30:1mjJGY:C5XGzvdBj6NKl19neGfRlfkw9j2mECH0hxAW9A_fNqQ	2021-11-20 13:49:42.983429+03
cguokt0bdxke3ptc4xiefdvriyt6zdyo	.eJxVjEEOwiAURO_C2pBC4QMu3fcM5PMBqRqalHZlvLs06UKXM-_NvJnHfSt-b2n1c2RXJgfHLr9tQHqmeqD4wHpfOC11W-fAD4WftPFpiel1O92_g4Kt9HU3SSDASEpI0CNIkaOLIANk7bJJDrS2SgGlRGbo2UrCjNIEALLEPl8xtjiE:1mSZJX:Usuz_p_cQEl9EWb3-IWthkEEIr5gemjcMZX0j1VVlOM	2021-10-05 09:31:35.306987+03
i0kxmk6jg3zvrqaatg0982g6vdtgorlg	.eJxVjDsOwjAQBe_iGlmxN_5R0nMGa-1dcADZUpxUiLuTSCmgnZn33iLiupS4dp7jROIslAdx-qUJ85PrruiB9d5kbnWZpyT3RB62y2sjfl2O9u-gYC_b2mTnwXtHBlDfLJvMim1glQYAHMiQthjyqJNnROPDhrNjAiYaHZH4fAExpTjV:1m2Cdq:Ue_QRXTA3DcjxvHYmUgjEnmC-9awPxOd8p3AD4OmrR8	2021-07-24 16:03:34.394679+03
2jg4olwf7zkhl7j51fi4qkskeq38j34h	eyJjaXR5X2lkIjoyM30:1mfwdd:mxI-cZZE1zgP5Z7jdcX_azjU69bH5KUjyfKAn9q9RD4	2021-11-11 07:03:37.800599+03
ajk9s453wmokfsp2x29hn06yj3wnt2n5	eyJjaXR5X2lkIjoyM30:1mhPO5:Ir4XFsrmXGfh4gKaTHu9a-DQ-K31gNagiBwcqpbap94	2021-11-15 07:57:37.598902+03
1hirwc5jxi0an5h8gfcoybjthgxozhl2	eyJjaXR5X2lkIjoyM30:1mk5GN:yZ6YejYXJwWUU_g080OfDWEux58hHzG0FhPhbE5Onu0	2021-11-22 17:04:43.777216+03
vbdhgdflhjky2kwfakkpmfx53ov7n59q	eyJjaXR5X2lkIjoyM30:1ml6v2:8OB710REITgIruu0Sza9VzZfmG1-1ZOOmpbmzzH3vJI	2021-11-25 13:02:56.023493+03
ag8f15xmt4g4sie6pv545izvb2j94tf1	eyJjaXR5X2lkIjoyM30:1mlstL:Wisj1EXPqk678qRY03N0yA3Gba9DJI4gkf5scKHx-ls	2021-11-27 16:16:23.235786+03
dpe1uv84rwh78vjcyn48iogxmmpxboad	eyJjaXR5X2lkIjoyM30:1mmVlm:jy_PU2EVo02HSikdTRFL1iZbGtQbFDnjztnr9bZEV-E	2021-11-29 09:47:10.947387+03
z8d52wksdfxruulxim927jruu6hzegtd	eyJjaXR5X2lkIjoyM30:1mn2pv:WUFRvruVGNuikM2HZFi8dij-WISwKCOxhvGfzzrhaWg	2021-11-30 21:05:39.580196+03
p5n8xbv7ks0gw5499if7df5cnerogyj3	eyJjaXR5X2lkIjoyM30:1misBY:zjIHUu_URzLXgIAVgj6CpwcHZ8HH1aHdqiG_HyidqTM	2021-11-19 08:54:44.213253+03
t4wb6wakisuzhzj4nejrf10pdg1ngi6l	.eJxVjMEOwiAQRP-FsyHQwgIevfsNZJdFqRqalPZk_Hdp0oMe582beYuI21ri1vISJxZnMWglTr-UMD1z3St-YL3PMs11XSaSuyKPtsnrzPl1Ody_g4Kt9LUBl_WNSFmnwJNWrIMDJAwYevRZjR25YCEhEBMPCTHhaMgbD2DF5wsmFThZ:1mSfVa:6AM5I8taKcWfI3BDEzk3Z0DCbPwNY5UqLeOkRkTtcy0	2021-10-05 16:08:26.861193+03
pn1w2q8rtrnx1qs37tpe420nmpbmytcp	.eJxVjDsOwjAQBe_iGll2nI1jSvqcwdr1bnAA2VI-FeLuJFIKaGfmvbeKuK05bovMcWJ1VbYDdfmlhOkp5VD8wHKvOtWyzhPpI9GnXfRQWV63s_07yLjkfd00OILH4BKNhgVssr7HcaeeGJzt0FNooU8BPLue2mA6FGODmETiWH2-RFs4yw:1ltzXE:L0EYbjl7E0itXaoWr_udZi4riiSkhsH0-4u-OVzbe1w	2021-07-02 00:26:48.564087+03
gvekv17lqz7gx3k9u7vopnd41pe5p8iu	eyJjaXR5X2lkIjoyM30:1mjJLB:a82x0op7HewmhIkJBHbYEJVVv0nCINAbPK3NQBJQAhg	2021-11-20 13:54:29.721084+03
aygd3pauu3ixtxiup80yxgvexy0oyn7p	.eJxVjMsOwiAQRf-FtSF0gIFx6b7f0AwM2qqBpI-V8d-1SRe6veec-1IDb-s4bEuZh0nUWQGAOv2uifOj1B3Jneut6dzqOk9J74o-6KL7JuV5Ody_g5GX8Vsjee48esPXCCmQjw66kCNaJz6TYZZkizgkFEJL2UCH6CID2mByUO8PAfY2-g:1mfx9P:sSI8AAb3tyrDuBGt0W5sDCZkCaZHmxSr4gkZM0lzVCY	2021-11-11 07:36:27.568533+03
n1rsg0tlykpk9fml47sg0t17irymmylz	.eJxVjMsOwiAQRf-FtSHA8HTpvt9AhgGlaiAp7cr479qkC93ec859sYjbWuM2yhLnzM5Mes1Ov2tCepS2o3zHduuceluXOfFd4QcdfOq5PC-H-3dQcdRvrX2SXqkktDUInoxzweUgCY2VpHUwFqBIMMkoH4S3oNQ126wCkCAt2fsD8u02lA:1m2UPa:mCRb9-paXwXrHixKis4zx4CXU3Y5rVCfYNge4SCvknY	2021-07-25 11:02:02.435688+03
5zbuqb85jtsk9rdawt561bcuqj6jivft	eyJjaXR5X2lkIjoyM30:1mk69E:G_KM0bveWmWejeg2XpGcT4WdNwiBq5wP4jxqUmVTZs8	2021-11-22 18:01:24.216888+03
2tugpbmb0uv4qftehrxj1t8bwfryy5n1	.eJxVjEsOwjAMBe-SNYoaJzUJS_Y9Q-XYDi2gVOpnhbg7VOoCtm9m3sv0tK1Dvy0696OYiwnm9Ltl4ofWHcid6m2yPNV1HrPdFXvQxXaT6PN6uH8HAy3DtwZxDoM610QmKdQCegLFHJQxJmZsxLdRktfssQTSBAU1Q8N0hhLN-wPrBjhe:1mhPRE:BcDr1b_PtneizcbIV0aVkGrlDLtTFlmNb_NzZg37Ri0	2021-11-15 08:00:52.386486+03
02j876qorbl7ok92ll41cjhm47mevqht	eyJjaXR5X2lkIjoyM30:1ml9bY:q9rYWZX2-PuoWxi9RhB34GIvA8c8LnD4sbvJss_Rdqo	2021-11-25 15:55:00.763834+03
wduaw7a5orjsbynhabytg5imqz3p6br4	eyJjaXR5X2lkIjoyM30:1mlt4a:oFZxlVrSbae5vatJA5H_-22eWQDg2YEGm0sC7d2t-Xw	2021-11-27 16:28:00.866288+03
8pqnqunelu7i6c9ruu90bcitlq3mk0v3	eyJjaXR5X2lkIjoyM30:1mmX8R:TT0q8IcKJ1l3CORfaMjorzX2vNio0_KhcJHJEXs16S4	2021-11-29 11:14:39.147914+03
31tnv1062v0b45jw0qvjo2uib0f6cvha	eyJjaXR5X2lkIjoyM30:1mnCVv:fOedbgUDfUGVcwU87uxN5u80QLSOBXHuZBaIVnYpeHA	2021-12-01 07:25:39.256378+03
pc9wc1yc2qryarfvkl447l86b5bex4w0	eyJjaXR5X2lkIjoyM30:1misTN:gCEuUTbP0vGhfe85wPAOe6ELa1Fq3LjHuSFS3ysT2gg	2021-11-19 09:13:09.909156+03
0z073zxk6oqel1a8pk6lhc4y69sa0j8i	.eJxVjEEOwiAQRe_C2hAECoxL9z0DmSmDVA0kpV0Z765NutDtf-_9l4i4rSVunZc4J3ERzonT70g4PbjuJN2x3pqcWl2XmeSuyIN2ObbEz-vh_h0U7OVbE2n0ljiYRM4FFTQHZYhBB7A6IGVMxI7yMFgCAgB3zl6xMsDsrRXvDx23OFg:1ltzbi:J-JF7BqvlN-qBDrcIcsqtxsXLUOYTN2lJoruYKhwNX4	2021-07-02 00:31:26.629971+03
wf3jjgli6ppevibb2nz2q7et7uoi8aob	eyJjaXR5X2lkIjoyM30:1mjKCv:JYJdob7ueB42VuPWjRLuC8UgoPpOj9VWVMoxm0hlE28	2021-11-20 14:50:01.330294+03
ocx3j96wi7sigf51s446ni07spm3q3mn	eyJjaXR5X2lkIjoyM30:1mg2P8:wTUpOKBxa_GAAlscqYNdFtOynSMVhj8qCC5lc3vBAoc	2021-11-11 13:13:02.456827+03
3oefi10ssgascfl2tbdkts7thux1gddn	.eJxVjEEOwiAQRe_C2hCoDAwu3fcMZAamUjVtUtqV8e7apAvd_vfef6lE21rT1mRJY1EXZRHU6Xdlyg-ZdlTuNN1mnedpXUbWu6IP2nQ_F3leD_fvoFKr3zoWi0Ucm2hdGIIF8RIieiRXwBriLnqOwA7OlKMP1iBAl1E6zoQDq_cHG-o39Q:1m3FCw:p1XYDBBAvK4O73JsXUVpXfYdE8WidvuZcSLOOsvcOx8	2021-07-27 13:00:06.31847+03
lj9rc0nc5wcnp9v3wody52dv1jvajzp1	eyJjaXR5X2lkIjoyM30:1mhPVr:jijNWMk6-gFYrSt3CjZzgt0InOd0HoEVFRvY75e2KoY	2021-11-15 08:05:39.672002+03
999jen1rqcvmcgytm03dc93zf2g0asoa	eyJjaXR5X2lkIjoyM30:1mk6ie:okcqR2DqeTV5R2X-_E-gCVt1gjYS0dL2GDk0VhqNYI0	2021-11-22 18:38:00.500112+03
qvp2bg271sxgx35kd8zesyas1ntiijo9	eyJjaXR5X2lkIjoyM30:1mlAaM:SpLOErbnIec_VFlr9c7CrFBqNnDOfFhNTpYyBdeGuDs	2021-11-25 16:57:50.805724+03
n6mfbvtnl9b8jotw4wclk07ix4btpmhe	eyJjaXR5X2lkIjoyM30:1mltUk:3X8ZGBJLYvkXqMvn4iYUxnToCWYMo5r38b2x1GQTnvI	2021-11-27 16:55:02.148521+03
9tcjjuv4er5rfy0qjqthp1nrbbmli9w0	eyJjaXR5X2lkIjoyM30:1mmXKn:xXa-pIrWi75QEQZLTx2WQtCVSGvdL-37Qy9ivVv-4iI	2021-11-29 11:27:25.227194+03
k4c8gu613dwan89j2ajtvc499wdrwpcc	eyJjaXR5X2lkIjoyM30:1mnDyh:rLiMy6hc7A2nZDEYQUmyx9MLtXcVuN8h-emC2YOA1cI	2021-12-01 08:59:27.514275+03
7hkk2l0ri1vughjxhhfa4z2njcb5kagb	.eJxVjDsOwjAQBe_iGln-rm1Kes5gbbxrEkCxFCcV4u4QKQW0b2beS2Tc1jFvnZc8kTgLDSBOv-uA5cHzjuiO863J0uZ1mQa5K_KgXV4b8fNyuH8HI_bxWweHpLVmVopNIu2JbFLepogQnTNQSzJUjKqA6DkEj6A5VFucA6WieH8AHyM3qg:1lu5l4:-M2mUmsllEk7IqUjSMAMcCSB7ZOg2WmP4sS6MJDt_5I	2021-07-02 07:05:30.434734+03
1ksfr9j5r05k5wkzzewplpsjd5u0k434	.eJxVjDsOwjAQBe_iGlm28S-U9DmDtetd4wCypXwqxN0hUgpo38y8l0iwrTVtC89pInERRmtx-l0R8oPbjugO7dZl7m2dJ5S7Ig-6yLETP6-H-3dQYanf2hfWwXtEZb1SDgPggBQtE-RiEEpAE4FJ22wGj_HsIiEOji3rzNGI9wdNPDlU:1mSuhq:v5AQWvmDXFHsPMdnCbI2n1kJOtFAmBlVGRVUKk9DFHM	2021-10-06 08:22:06.396612+03
p541s6wk3l5mkcfn84f3c88uygjqe4y0	.eJxVjEEOwiAQRe_C2hAECoxL9z0DmSmDVA0kpV0Z765NutDtf-_9l4i4rSVunZc4J3ERzonT70g4PbjuJN2x3pqcWl2XmeSuyIN2ObbEz-vh_h0U7OVbE2n0ljiYRM4FFTQHZYhBB7A6IGVMxI7yMFgCAgB3zl6xMsDsrRXvDx23OFg:1m3Xxi:VeIOydbCoNSdEiqpud9XlAZwucjgTYWwMfLHN4y08yU	2021-07-28 09:01:38.624353+03
3ja3r7evrlubzjox6s0jzv8ry74r1o7g	eyJjaXR5X2lkIjoxfQ:1mivjI:AFkgByTQv0hPU5FYAG-g_ueTsPrVSN2_JC0HVLjg_zI	2021-11-19 12:41:48.182649+03
hsrzrar6ie2tv83ail2rft2u783wj2us	eyJjaXR5X2lkIjoyM30:1mhRQC:ZU2FIWLyd8DnRZ6eBO4DZi1HDgteWXZwy27xSiI26ZM	2021-11-15 10:07:56.94992+03
9rs6bqy9t2mhf8ypsqpd226tdjzcnglr	eyJjaXR5X2lkIjoyM30:1mjKGy:W8CFe1g59rSToTgFxous9cponbJzANWDEkqncrVenOA	2021-11-20 14:54:12.764592+03
ej7sy7wh6gpzaozvkxzsovjscmx9uo40	eyJjaXR5X2lkIjoyM30:1mk79D:fQzjqGl7pfYj8h9C0sKTPedWk8WikM4r2oN-XJXu2Zs	2021-11-22 19:05:27.098152+03
ydi0ikwito30sx3jday6eqzohs7j0enu	eyJjaXR5X2lkIjoyM30:1mlC9g:_SQzUL2z_e2z5xDTIZJVGYY3GtZUmLpd2NVBq7CcfA4	2021-11-25 18:38:24.751898+03
dzkotyxfp9w0qlqqp7mbhcqxlt9s4q8d	eyJjaXR5X2lkIjoyM30:1mluFc:wzr_c_nhois_yDrDHoe4RMFRc0b2HvXH5n-06P2Z15o	2021-11-27 17:43:28.724083+03
wncrlefrcamfvmhdi4luruz947dne6z0	eyJjaXR5X2lkIjoyM30:1mmXbJ:I3POs8Lt4WcM1IHA42HhD0fNhjJ-5y4y836B8PDp_uM	2021-11-29 11:44:29.681221+03
fnd2syc30pvu7b48en05icte985o31lf	eyJjaXR5X2lkIjoyM30:1mnE5m:prqGM3IBflPttDJvtvy9lzimQ3_316fHDXWtWAj2Vt0	2021-12-01 09:06:46.311403+03
ngipi1wetec3615bbsya5mjdnxnte1t4	eyJjaXR5X2lkIjoyM30:1mitcy:JrA8_Iwao-EPxgXuW5L8rzJhOYkafSYV6DmUbbVnbec	2021-11-19 10:27:08.400003+03
vf6llp34r2g5jzak3629l41bdrs9uf90	.eJxVjDsOwjAQBe_iGlmOf2so6XMGa9e7IQFkS_lUiLtDpBTQvpl5L5VxW8e8LTLnidVFdcGq0-9KWB5Sd8R3rLemS6vrPJHeFX3QRfeN5Xk93L-DEZfxWzuOnHw0QzTOWk8DiXQliQsMkcGEJIQdJsZCBgCDgUAlJhnOiM6Den8AOBQ4xw:1lqwSa:4npPs1nQzKIawG4H4J6-TZ6l7GB41kmdAGw2Otn-eBM	2021-06-23 14:33:24.010008+03
peq8wg5as4ej9jzj5azkby1uh4qubb41	.eJxVjEsOwjAMBe-SNYoaJzUJS_Y9Q-XYDi2gVOpnhbg7VOoCtm9m3sv0tK1Dvy0696OYiwnm9Ltl4ofWHcid6m2yPNV1HrPdFXvQxXaT6PN6uH8HAy3DtwZxDoM610QmKdQCegLFHJQxJmZsxLdRktfssQTSBAU1Q8N0hhLN-wPrBjhe:1lnCwb:_awtG0Z3VWFE-LUiQdGPCZuJxm8P2AvKa5JO96sjOmc	2021-06-13 07:20:57.084038+03
23h8ul1ugs8nzrloryp3brcv2rllo13t	.eJxVjEsOwjAMBe-SNYoaJzUJS_Y9Q-XYDi2gVOpnhbg7VOoCtm9m3sv0tK1Dvy0696OYiwnm9Ltl4ofWHcid6m2yPNV1HrPdFXvQxXaT6PN6uH8HAy3DtwZxDoM610QmKdQCegLFHJQxJmZsxLdRktfssQTSBAU1Q8N0hhLN-wPrBjhe:1luLvy:ce2msONsbNfMBQrY3M4h4fhVijyISdj42Pui1ZwANQg	2021-07-03 00:21:50.693883+03
trtvj7ic3lszolhyxoqac9e27rargenq	.eJxVjDsOwjAQBe_iGlnreOMFSnrOEPmziwPIluKkQtwdLKWA9s3Me6nJb2uetsbLNCd1VgOpw-8YfHxw6STdfblVHWtZlznoruidNn2tiZ-X3f07yL7lb01iUKL3hgwyJjYYRiOWnBCAJIsUwWE4jigOTi6BsyCAAsA9HdT7AwThN2o:1lnVlr:VvEpKiCg-QdMV0fiOsC17BWRcwd-pUS-Z4mERwsZock	2021-06-14 03:27:07.407738+03
aa70f0qonxlvwx822j4y5znc8ro4gtv8	.eJxVjEEOwiAQRe_C2pAyBCgu3XsGMjCMVA0kpV013t026UK3773_NxFwXUpYe57DROIqQIG4_NKI6ZXroeiJ9dFkanWZpyiPRJ62y3uj_L6d7d9BwV72tU3aQQTnI2hO2mMyAzGRIQ3RqxGV2SkhAGdnxzx4RjSWQXtI7KP4fAE4bDjN:1mT1px:6CIJ5s_grGOLfxzzv_sMcUeW-OZ1u4eBMiOOh_r-E9I	2021-10-06 15:58:57.068216+03
ye4zdsbiag6oo66mnbfz5p85qwraqk3o	.eJxVjEsOwjAMBe-SNYoaJzUJS_Y9Q-XYDi2gVOpnhbg7VOoCtm9m3sv0tK1Dvy0696OYiwnm9Ltl4ofWHcid6m2yPNV1HrPdFXvQxXaT6PN6uH8HAy3DtwZxDoM610QmKdQCegLFHJQxJmZsxLdRktfssQTSBAU1Q8N0hhLN-wPrBjhe:1lnYVH:c_GKR5KDTAoKeK2HF1bD9w3KYTf7I-qHTw9peyYxVmg	2021-06-14 06:22:11.33017+03
6lnabgk8oto1gcaki4uzvyz1qirs7x5d	eyJjaXR5X2lkIjoyM30:1mg5WE:mPg1zI8WEMJW4QsufWwxA3QwE9q6JPqV5FBmiyFevlE	2021-11-11 16:32:34.411129+03
yawjvcs1ukb4ewkzlampgw81j4udgocs	.eJxVjEEOwiAQRe_C2hDGCgWX7j0DmRkGqRpISrsy3l2bdKHb_977LxVxXUpcu8xxSuqswDt1-F0J-SF1Q-mO9dY0t7rME-lN0Tvt-tqSPC-7-3dQsJdvLQwWyLAzbNALkxWDDigFRBjFGT_6BJK8SMbBExOEHOwAJ3LumK16fwBYkjki:1m3tZJ:bBlr60FZYJOvfV9sgczZVfIiAKmHqL3jNUrJcMaXq0w	2021-07-29 08:05:53.532866+03
n7i1y8e86q75x37kja6xgzrzeromna8w	eyJjaXR5X2lkIjoyM30:1mhSvO:QwfjBC7Z1rxjw8qPZw0coheU38Vqz0dZr8r7OncvdHE	2021-11-15 11:44:14.93997+03
ycqbc7c25kkho6qfay7sfr6e6rhysjm7	eyJjaXR5X2lkIjoyM30:1mjKb9:G0tq_goyHw5rwnf-0ht5T0S0454maNrxKOuaJLt5xDw	2021-11-20 15:15:03.595644+03
5922iqevy7raqpfc5kznearki2wssjn4	.eJxVjDsOwyAQRO9CHSEWMIaU6X0GtHw2OIlAMnYV5e6xJRdJN5r3Zt7M47YWv_W8-DmxKwN2-e0CxmeuB0gPrPfGY6vrMgd-KPyknU8t5dftdP8OCvayry0JS1k6FUGTTINUzkBSQEY4GggpiDFosIYcigijoD2CIRsIszaBfb7cMTgR:1loJye:odA0MQhhwozWYjucLx_bXCK7l3t1eRGMqKybEjgnaSo	2021-06-16 09:03:40.66962+03
e9hk4fy1nn3ftxcvjnqlzy9aka5287u1	.eJxVjEEOwiAQRe_C2pABBqgu3XsGMsAgVUOT0q6Md7dNutDtf-_9twi0LjWsnecwZnERCq04_a6R0pPbjvKD2n2SaWrLPEa5K_KgXd6mzK_r4f4dVOp1q2PMzpGlROASODLKFyxg8AygwCQ2hsEDssYNuMHqwVPRXIgwa-XF5wsq3Dfq:1loNtX:uPj2p2fVM-ar7oPLt_Vu0VWWKFY5pGtGkOGEj_H7JjE	2021-06-16 13:14:39.200268+03
e4cev50y81agc5kdu2k3ohhq0ipvdriu	.eJxVjDsOwjAQBe_iGlnexF9Kes5grXdtEkC2FCcV4u4QKQW0b2beS0Tc1iluPS9xZnEWoK04_a4J6ZHrjviO9dYktbouc5K7Ig_a5bVxfl4O9-9gwj59azuCD6Qdo0_KIWkIigaAkSgXHqxzhYuxo8sIJVMBxQWZzYA2eDZBvD84RTkC:1loU43:PtLJdqrCViZoQqEv4cdu5lqxgnmbvFIRhDrSDeTZnsU	2021-06-16 19:49:55.997522+03
rfmzh36ks1e6kcsq32dsb2ac19o7fxqy	eyJjaXR5X2lkIjoyM30:1mv856:Ao6G1ZMzwo9FQM4i76oauhgRRBHNNfta5M90tQixTXQ	2021-12-23 04:18:44.184555+03
wejpcbzqwlx3kp8oc06ruv5dpdfvfjl8	.eJxVjEsOwjAMBe-SNYoaJzUJS_Y9Q-XYDi2gVOpnhbg7VOoCtm9m3sv0tK1Dvy0696OYiwnm9Ltl4ofWHcid6m2yPNV1HrPdFXvQxXaT6PN6uH8HAy3DtwZxDoM610QmKdQCegLFHJQxJmZsxLdRktfssQTSBAU1Q8N0hhLN-wPrBjhe:1loVXm:frSNNc1YUHgSO4-KyEc-_x3-RbNQJIONhNvzYdGg_8g	2021-06-16 21:24:42.470539+03
ai5uui871er6hvnz742wuin7bh2jdtto	eyJjaXR5X2lkIjoyM30:1mlCQ5:kyvPw_MXA4KLCCLGaxt3Sv2nDIPSMMHHqzkhFzJAf5k	2021-11-25 18:55:21.794606+03
hwfagnhur865a0jijtezcypgsazb1fwb	.eJxVjEEOwiAQRe_C2hCGMgVcuvcMBJhBqoYmpV0Z765NutDtf-_9lwhxW2vYOi9hInEWYKw4_a4p5ge3HdE9ttss89zWZUpyV-RBu7zOxM_L4f4d1Njrt9YqU_ZKE_BoqMSsCgPaggMo1M6w9pbYMqphLFSAHIO3TA4xJzBOvD86zTh1:1loslC:lAvVzt0Pfv03J3-_2XIdu9GKB2l7UkW0Sg2L3dk7oOo	2021-06-17 22:12:06.419711+03
ms5niz6n50ypfexp6kd4c1dyitkoyl3p	eyJjaXR5X2lkIjoyM30:1mlv2O:PP6mxn-WZF4SYXx0geqwscWD39rvD2KW6dDRG_iidXs	2021-11-27 18:33:52.500898+03
27k38nu3d8l38fckibbuv0q4uth1uiys	eyJjaXR5X2lkIjoyM30:1mpEbR:et9S7OiikXyEoGilc8k5632UNEtSFG5xD_PvpU2i9i0	2021-12-06 22:03:45.498998+03
8writlox2pu638iq0z24vl7his39evnl	eyJjaXR5X2lkIjoyM30:1mpFO6:E7K40tueB344zFj0KimGLE8y8q_uNCyWCXGJ5Q3UGmE	2021-12-06 22:54:02.851892+03
ly4q7dzfee1vz8vebiblj4wad6qzfuei	.eJxVjMsOwiAQRf-FtSFAgRlcuvcbyPCSqoGktCvjv2uTLnR7zzn3xTxta_XbyIufEzszqZGdftdA8ZHbjtKd2q3z2Nu6zIHvCj_o4Nee8vNyuH8HlUb91tEEAWQLiEnq7Kw0ChGmooQzRTsBhWSwJgNKsNrhFK3NiVCqosFFZO8PAu83FA:1lpjgP:gFWbB2UMqKlfC6oZaWzKPGXOC8RG6z4MiBTBdY3yRBo	2021-06-20 06:42:41.930031+03
6nbe6hxeuyn3jxsq8uq5y0advtayf8r7	eyJjaXR5X2lkIjoyM30:1mmYVh:whDrKzQoGd4V5s38blQQcXzOdTFArxCr6NyeTxcNDt8	2021-11-29 12:42:45.139918+03
g2jre9nce4v7m0x6xwdit3lrsar1d6iu	eyJjaXR5X2lkIjoyM30:1mnFFY:-ywl1n5OMdmiApxXI2tGso3psbfm_scdUCTOxyEmayE	2021-12-01 10:20:56.852033+03
l0bew50detxjn7wderl9ppfa7ym4ia7h	.eJxVjMsOwiAQRf-FtSHAwEBduvcbyPCSqoGktCvjv2uTLnR7zzn3xTxta_XbyIufEzszqSd2-l0DxUduO0p3arfOY2_rMge-K_ygg197ys_L4f4dVBr1W4vgikQTMyhAK7FodCAJDQZyhpwVqEkjWlBRQk5WWxWFpUk4XQQU9v4AAhU28g:1lq7dB:ce832eclYdoiXDwy7aur87s421MfAxzaObPQmrEA9zs	2021-06-21 08:16:57.524888+03
hpv4fldzrc0bke3i7gpy1683k9v7qc09	.eJxVjDsOwyAQRO9CHSEWMIaU6X0GtHw2OIlAMnYV5e6xJRdJN5r3Zt7M47YWv_W8-DmxKwN2-e0CxmeuB0gPrPfGY6vrMgd-KPyknU8t5dftdP8OCvayry0JS1k6FUGTTINUzkBSQEY4GggpiDFosIYcigijoD2CIRsIszaBfb7cMTgR:1lq90f:KbFTPo--FXcD1Zi9LytKSsMBvKl-Wy1bePNcZtFZUvE	2021-06-21 09:45:17.04535+03
tmu5flz2kb75jfkpyhg7so47gswqb5sr	.eJxVjEEOwiAQRe_C2hAECoxL9z0DmSmDVA0kpV0Z765NutDtf-_9l4i4rSVunZc4J3ERzonT70g4PbjuJN2x3pqcWl2XmeSuyIN2ObbEz-vh_h0U7OVbE2n0ljiYRM4FFTQHZYhBB7A6IGVMxI7yMFgCAgB3zl6xMsDsrRXvDx23OFg:1lqDvh:7ar3wV8LUxJ4PEz_AID_zIOHH6AIlyczG2yKAvc4R84	2021-06-21 15:00:29.239258+03
ol4nr4dkobcipkqqyouibxppgm9q9bzh	.eJxVjDkOwjAQAP_iGllrZ3OYkj5viPYyCSBHylEh_o4ipYB2ZjRvN9C-jcO-2jJM6q4u1OAuv5RJnlYOpQ8q99nLXLZlYn8k_rSr72e11-1s_wYjreMxVtbcUeZKJArWCTnWwKHNVZM6JLa20QgYBVoygCpjSCgWiZMkMff5AkhjOOU:1lqT69:XHraMd4NoRiOfGKMNVXSVblCrHBK72MEe31T7PKI190	2021-06-22 07:12:17.047917+03
bpe6drokjmnu8s1bn35npyhjcb5ipvvu	.eJxVjEEOwiAQRe_C2pBCh9K6dO8ZyDAzSNVAUtqV8e7apAvd_vfef6mA25rD1mQJM6uzMs6o0-8akR5SdsR3LLeqqZZ1maPeFX3Qpq-V5Xk53L-DjC1_a4hC0QpR6oT8wDHxMCJ04BMkI4iOXY8CIgDMBC72lMhankbj_YTq_QGCRDoV:1lqTAT:R1AtCB43oIbkRlRbdYtHE1U8DKkWFDqYuJBD9Dotxe8	2021-06-22 07:16:45.37278+03
w4my4vmpuqfx3f9kwe1wunyuam5fytdm	.eJxVjDsOwyAQRO9CHSEWMIaU6X0GtHw2OIlAMnYV5e6xJRdJN5r3Zt7M47YWv_W8-DmxKwN2-e0CxmeuB0gPrPfGY6vrMgd-KPyknU8t5dftdP8OCvayry0JS1k6FUGTTINUzkBSQEY4GggpiDFosIYcigijoD2CIRsIszaBfb7cMTgR:1lqZp9:0P-D4CTyyuPp78NbdkuXwYrBuqVi3j4KWDnLTKzOpTc	2021-06-22 14:23:11.334254+03
oyu0i8oos0sky9tyt3zbdsd7eknmxq0n	.eJxVjDsOwjAQBe_iGlmOf2so6XMGa9e7IQFkS_lUiLtDpBTQvpl5L5VxW8e8LTLnidVFdcGq0-9KWB5Sd8R3rLemS6vrPJHeFX3QRfeN5Xk93L-DEZfxWzuOnHw0QzTOWk8DiXQliQsMkcGEJIQdJsZCBgCDgUAlJhnOiM6Den8AOBQ4xw:1lqeaX:XtXbbeaiV5fGwWgZHvop2vsIifq2q3ZrT2_xyDEURcs	2021-06-22 19:28:25.495791+03
5zdvtri6xbmljk3hgyci686l7a32h0l8	.eJxVjEEOwiAQRe_C2hAECoxL9z0DmSmDVA0kpV0Z765NutDtf-_9l4i4rSVunZc4J3ERzonT70g4PbjuJN2x3pqcWl2XmeSuyIN2ObbEz-vh_h0U7OVbE2n0ljiYRM4FFTQHZYhBB7A6IGVMxI7yMFgCAgB3zl6xMsDsrRXvDx23OFg:1lqsbY:gJO-z1VeWpH6kMfEm_EbeJOqSlNUo6SdfPIvK750b9g	2021-06-23 10:26:24.145139+03
powj1cudspv92nxh5awlzv1p6f2ced72	.eJxVjDsOwjAQBe_iGlnrX1hT0ucM0drrxQHkSPlUiLtDpBTQvpl5LzXQttZhW8o8jKwuyjpQp981UX6UtiO-U7tNOk9tncekd0UfdNH9xOV5Pdy_g0pL_dYZOxsQ0XAqZAjBBetBBADRFkB2XsDxWUpMYnwgyVZI2Odguxi9en8AHrU4PQ:1mogn0:QFIPGqpKVna2t40jdlWomvpWwZoPN_smbuiWJ8J4Bzs	2021-12-05 09:57:26.021218+03
orm00p9c6vrae35qbz56u5s70vrjwr72	.eJxVjDsOwjAQBe_iGlnrX9hQ0ucM0drrxQaUSPkUCHF3CEqTdmbee6tUl1dfWV3MSfW0LqVf5zz9ibIO1IFGSo88bIrvNNxGncZhmWrUW6J3O-tu5Py87u3hoNBcfuuEjQ2IaDhmMoTggvUgAoBoMyA7L-D4LLmNYnwgSVZI2Kdgm7b16vMFxDk7_Q:1moihR:xGqoiXBBwDedXnJIYdifRf6KEx0OSEcoOYsgMmncIPs	2021-12-05 11:59:49.273666+03
elvmum1pk5zvlpr6lqhj2kwa6sd09674	eyJjaXR5X2lkIjoyM30:1moisx:Z4trFiJcoaIQitNZJpO4VFMnQx-H9H4_RxEVMX3DHb4	2021-12-05 12:11:43.432816+03
3m21jnd53hb75o1m2vye5oh64xijatlm	eyJjaXR5X2lkIjoxfQ:1moite:fWaKJKUBbFtybHj0DLf3Vzj97If5vq0FVT0Wf013t4Y	2021-12-05 12:12:26.814028+03
l8zfqxnz4gt3fi5mxjd1z1a76wloewn6	eyJjaXR5X2lkIjoyM30:1mojFH:hMpwpcHwNtQiIXtt4zrKTNzgnEEoFQXAo0dscG40qSQ	2021-12-05 12:34:47.966728+03
6ur206gjgglts8ifulxhzbihwwwa7ivh	eyJjaXR5X2lkIjoyM30:1mojGM:zySwDVITY9Y4zrpoE1Rg4LoW_2pmGP9WqDAk6rJVZ4w	2021-12-05 12:35:54.174573+03
35jjcrebaww3cuv7kr0uqlphrlrfx3fi	.eJxVjDsOwyAQRO9CHSEWMIaU6X0GtHw2OIlAMnYV5e6xJRdJN5r3Zt7M47YWv_W8-DmxKwN2-e0CxmeuB0gPrPfGY6vrMgd-KPyknU8t5dftdP8OCvayry0JS1k6FUGTTINUzkBSQEY4GggpiDFosIYcigijoD2CIRsIszaBfb7cMTgR:1mojxQ:5U3J0OnycwhJl6qsKC16ih-pw3thGAkXRfyZzuR0sUQ	2021-12-05 13:20:24.047337+03
f9mmvy33zjd9h84oq08njpi9vi7imqf6	.eJxVjDsOwyAQRO9CHSEWMIaU6X0GtHw2OIlAMnYV5e6xJRdJN5r3Zt7M47YWv_W8-DmxKwN2-e0CxmeuB0gPrPfGY6vrMgd-KPyknU8t5dftdP8OCvayry0JS1k6FUGTTINUzkBSQEY4GggpiDFosIYcigijoD2CIRsIszaBfb7cMTgR:1moks9:ojmcW7GW7XI0laXX2mWgrGNIY12c0DcLDZKCV9eEX3k	2021-12-05 14:19:01.779189+03
egdt6ptvr2tf370x3wk1d3x42fro50vc	eyJjaXR5X2lkIjoyM30:1molZs:1H4uPblWqsDvrx3JfP9obEJrJpiNahtme7Npck-vsYI	2021-12-05 15:04:12.890714+03
wd6x0kgctx63khw1o9az95c1hbzkopus	.eJxVjs0OwiAQhN-FsyEstBQ8eu8zNMvPCmogKe3BGN_d1vSgt8nMN5N5sQnXJU1ri_OUAzszYKdfz6G_x7IH4YblWrmvZZmz4zvCj7TxsYb4uBzs30DClra2IWEoSqs8dCRDL5XVEBSQFpZ6QnJicB0YTRaFh0HQJkGTcYSx024b9Xl5fj9K9f4Az7E8BQ:1monM7:9x9WR494qpgJIh5pZR3Xjz_uQZBuzDU0eYVxE_Reo4o	2021-12-05 16:58:07.237824+03
1wqgh5x70qpxo0nz20fkcap6f2ur54af	eyJjaXR5X2lkIjoyM30:1monmp:Zva0ttTo8N6iQlQqrSZegu77Jy9D-2VK5DkD_zqvIao	2021-12-05 17:25:43.803765+03
6cmr6q3rridcqh21m1adcsuou284bish	eyJjaXR5X2lkIjoyM30:1monxv:UlnUdVmedMUjQvIBhIPCdkbTNEDU77Ws0YJ-DtgGTus	2021-12-05 17:37:11.815016+03
kw8khzvebsu3cjb0pgr3ud3mwiylhuwd	eyJjaXR5X2lkIjoyM30:1moqso:gpIIawZtMNmTPzJkUYDsBCVwtSOYbAhxihukL0hLReY	2021-12-05 20:44:06.345402+03
c1fi8xwirwy756hltvr9geha1mdfvvoh	eyJjaXR5X2lkIjoyM30:1mozFP:c0khrQmF-jaa2ZOHYReYmXOecR9azCQygLAT8WAMBh4	2021-12-06 05:39:59.075125+03
vlu7vde6blwwq2ivj3g1oiln3shxepci	eyJjaXR5X2lkIjoxfQ:1mqz5d:6QIhkGA_MPecbUHV3_G857BulLncCzfN9GCndukF4ac	2021-12-11 17:54:09.777801+03
1048nlj7a20hgofpyquscsxx8to4b7lk	eyJjaXR5X2lkIjoyM30:1mv8cd:W-QzkgNnbYDghuJq5qNzOu25qinxHugbwvp-eJ-ip7g	2021-12-23 04:53:23.712581+03
8hjpt6dsko6qsn8m8izyip7pvkjl6n6y	eyJjaXR5X2lkIjoyM30:1mvBF8:ZSEotLa6nVsveW6hWeYYzk3nIAh4NkJn1jMsSsl2efo	2021-12-23 07:41:18.506335+03
4rnreoydwx7x6eitkkukjkc8wq1tre4p	eyJjaXR5X2lkIjoxfQ:1mvcAc:wuBTAdbfkQbarkps5tugfoAHshlk-qCuMvEG2F5SRvw	2021-12-24 12:26:26.620933+03
l214naomn3rlosx8oohwjuzv3z2ottn1	eyJjaXR5X2lkIjoxfQ:1mvdtl:xcdvuGq95LrMG2XC02lPdI8haERPSIOJwAa8lBOOeh8	2021-12-24 14:17:09.396008+03
4q4hlkw5b77bdr4xh58crtvqyibofnz9	.eJxVjEEOgjAQRe_StWnaDp2CS_eeoZkyM4IaSCisjHdXEha6_e-9_zKZtnXIW5Ulj2zOJoA3p9-1UP-QaUd8p-k2236e1mUsdlfsQau9zizPy-H-HQxUh28NvVNsQvAdlqCkGiVRAtEExBygY0CV0kb15JzzETkhBJea1HrExrw_Mfs3pw:1mozRK:MJLFSihuQ1LhReofUQazOtRtvWvOWtUZx8-yVSdijFE	2021-12-06 05:52:18.030723+03
x32awqnlg9i1i8vb2c89eg4ft9ew65og	eyJjaXR5X2lkIjoyM30:1mp1BH:2bm85p_v7a125pMKHlRn6-E4m1Wugs3ktku4HcQnOOc	2021-12-06 07:43:51.566622+03
c06aws30l3j3xs8nw03dawcsnxoqvo0b	.eJxVjsEOwiAQRP-FsyGUUmA9eu83kF1YpGrapLQHY_x3W9ODXufNvMxLBFyXEtbKcxiSOAtrxek3JIx3HneSbjheJxmncZkHkntFHrTKfkr8uBzdP0HBWrY1kUZniH2byFqvvGavWmLQHoz2SBkTsaXcdYaAAMA22SlWLTA7YzZpHJbn92Tz_gDYvzwY:1mp2In:iIeDwYLvbtH3Jic-1-DVWDEB7sIP1KtK70BfJkNaLsc	2021-12-06 08:55:41.417102+03
fvljagx7q6vucct5opp8z0v076h0sftl	.eJxVjjsOwjAQRO_iGlnxJ4tNSc8ZovXumhhQIsVJgRB3J0EpoJ038zQv1eEy991SZeoKq5Py6vCbJaS7DBvgGw7XUdM4zFNJeqvonVZ9GVke5737J-ix9uvasjHgxZgmEHLG1oJDK5C8EIRIBA27NnB0khxkjxJtBkm2ITzaHFYplfn5_WjeH6ZlPB4:1mp2JF:1hynG8nc9SOs638xKFYZACDYtgpPzJKmNeVBHdDk6-c	2021-12-06 08:56:09.148701+03
sm709pchqtpyikd4rs2n4aywurtvz0a7	eyJjaXR5X2lkIjoyM30:1mp3Qd:uRhiExRyr7hn4e-a7CvokwRE5Gmo4LfdzWDmmh-t5jk	2021-12-06 10:07:51.934661+03
edq171jnjilunka1etq2e85uhzi5bq4b	eyJjaXR5X2lkIjoyM30:1mp8UV:aSs9CjvhMcxqO7fvW7ApGCmrP21x8prYShqtz8KZTvU	2021-12-06 15:32:11.712167+03
m4c4p4d76zm2t5ns24rzlnduidlh2785	eyJjaXR5X2lkIjoyM30:1mp9BV:KWLlfI4w9tjA3VtBALwV4oD1rAAQ8uLhVUXgbx3pRM0	2021-12-06 16:16:37.956316+03
6mpqknn3d4wv9z72wr6sv1q9pzn4nvuv	eyJjaXR5X2lkIjoyM30:1mpNmf:y_t9DqA0LqkWRHBNZfgu9qjH-kJzZTNOyAln4PS502I	2021-12-07 07:51:57.06665+03
leu2zftl76bh9poht17x2prijcyle12p	eyJjaXR5X2lkIjoyM30:1mpO0b:BcnBQHGoDFOxM9rQRHiOD79xXEsEFleRyX4lrqzsbGY	2021-12-07 08:06:21.351902+03
ltxbituypudvvbu39v6iolajs3keyu0p	eyJjaXR5X2lkIjoyM30:1mpODa:_etfVwAblh413O01C4hT891P1aB4buFnAkW6psfcAnw	2021-12-07 08:19:46.313366+03
pt7yazd04ghhwec7d8pcwk8n7dsebyk0	eyJjaXR5X2lkIjoyM30:1mq95o:DvAmfZfCSojd3IFcvfFYvdjXo6NOYmGlR_Q2rA4U1aY	2021-12-09 10:22:52.1874+03
oik1199a0z81x2d7ny2ctqlk5cbymebo	eyJjaXR5X2lkIjoyM30:1mqRcK:B-eR_cG2sWDs-ZxaKvdUKi-kMC9t4u8b3k0NlmK6mxc	2021-12-10 06:09:40.305014+03
mhkbquqllpmcg3kk5rdaeqahweh3d5a7	eyJjaXR5X2lkIjoyM30:1mqTxW:oC3_CLMIDhlBLyxF5lmAMT1vDYbisd8EuySioxpAGJM	2021-12-10 08:39:42.414181+03
95g3gxcava6efk2xio7gqhtcxwvojyup	eyJjaXR5X2lkIjoyM30:1mrED5:-iHhtCN66oD4TTXyQTK0AaVnqLLmN1WOnkrz59-c1dE	2021-12-12 10:02:51.223585+03
5rt6b5h8argxzo1xao6vfwl9jxzfml9a	eyJjaXR5X2lkIjoyM30:1mrEEa:qXmFmI4Sj6-q5Z5IDu4cQGpAt_Nj1a5VxXxj-dIlb4I	2021-12-12 10:04:24.617338+03
9vry7n0mr53t2pqddsjnwn67qkg85oqb	eyJjaXR5X2lkIjoyM30:1mrYbq:u2TEAhBUXxOv2MP8q-qICgAi_xZCD_Jw4auWMxCYYFw	2021-12-13 07:49:46.664838+03
np82to44j9idk4iu5ysza83dssclo4uo	.eJxVjTsOwyAYg-_CXKEEIggdu_cM6H_RpK1ACskU9e4lUoZ2s-zP9q4ibOsUtypLnFldlbFGXX5dBHpJPiJ-Qn4UTSWvy4z6QPSZVn0vLO_byf4NTFCn1oYupNEPZId2YYn8SMQdoBewY-_QGE7Bs4MgLhihgdGEHpNY6rBJ9fkCOSE49Q:1mrZbq:TC3Ifx9MmUGWH_-VgYSaykc06xSkmg9ARQW6cZv2pOE	2021-12-13 08:53:50.724752+03
okrxsnjsn94dkm2mmlee531v7mtvj7gz	eyJjaXR5X2lkIjoyM30:1mrcbE:Jrzvga_dZxfqgW_9PU-A-Vz6YfFqhxIGUA453GUrwXM	2021-12-13 12:05:24.395846+03
gkmzodxnegtyt4srvzzcz25llolnj1d6	eyJjaXR5X2lkIjoyM30:1mrchh:8Kkhge-gkujESVoGs5UQ677Ec28CIxyxNTRf4d1g9No	2021-12-13 12:12:05.706178+03
n45i5g204hx7gvsixrc2kc4ennpa5j8m	eyJjaXR5X2lkIjoyM30:1mrdRV:_BqHaOd-xH9w0z_kznu_MWKjS3MK4PRG_VvnC5c7qqM	2021-12-13 12:59:25.969241+03
96vf8jbj156eqf1091eg4ci9hbdri5gj	eyJjaXR5X2lkIjoyM30:1mrdYb:CDqETXRCLEtIcsEKMjRrvTzwy72dihLJZiTweBgNLVo	2021-12-13 13:06:45.689521+03
urw6cadfnnn3302vkhhntcmlz33tcf96	.eJxVjDkOwjAQAP_iGll21iclfd5g7frAAeRIcVIh_o4spYB2ZjRvFvDYazh63sKS2JVNAOzySwnjM7eh0gPbfeVxbfu2EB8JP23n85ry63a2f4OKvY4xTtoL56MiT0ZaZZXTiIRkAIQmFNZJWaSQaAhKBgdEmHTOSSoonn2-FKg4Ig:1mrtjf:Crfc76EB4kQ9mGmsnFobMy4bGItWyez9GY-NnO50r-k	2021-12-14 06:23:15.145165+03
irr4dut1ulzt1qq0lvacahlto27cht1r	eyJjaXR5X2lkIjoyM30:1mrvXv:Rt02tsupG-ImRV6ddrsAdJhUl03HE96CnAQdyV0d4xE	2021-12-14 08:19:15.214714+03
6j8ztw9x7fvhi8cz32ironqrno4gvg88	eyJjaXR5X2lkIjoyM30:1ms6Js:E2X-wvSjtDZj6DPqCSwdSIVPwITRDeRkpPzKqqzmnEA	2021-12-14 19:49:28.87036+03
2766w363zgax51ud4i1g8gak5a4djbsw	eyJjaXR5X2lkIjoyM30:1msK2b:mdGgk4bE-yZsxdCbQWYq-Q46sEZK6lPsvC_XjXYOT8M	2021-12-15 10:28:33.223771+03
ue2n8a240g64p4fmvm07t2p76s55ph0j	eyJjaXR5X2lkIjoyM30:1msNkM:toUukkSch2upWbZ5KZiKqmhnTOBSkGRCXjO7vQVOoxE	2021-12-15 14:25:58.27814+03
yo8mcw55oin3cz2gyp7vgfonig92vurd	.eJxVjEsOwjAMBe-SNYoaJzUJS_Y9Q-XYDi2gVOpnhbg7VOoCtm9m3sv0tK1Dvy0696OYiwnm9Ltl4ofWHcid6m2yPNV1HrPdFXvQxXaT6PN6uH8HAy3DtwZxDoM610QmKdQCegLFHJQxJmZsxLdRktfssQTSBAU1Q8N0hhLN-wPrBjhe:1msPAU:dGHws2BtDbHW5ux6KlMg3shfSAlEHHEFvfn60LCr-AA	2021-12-15 15:57:02.201141+03
t9197updnzqibjv6arxfyzfuchyh10ib	eyJjaXR5X2lkIjoyM30:1msR9v:lM5xatnPqxmow_oESXQorEoLl4ypa3kW_xAHAWa7agE	2021-12-15 18:04:35.516359+03
o4vfxgwmmdel204qsl4k6zdg76ki9nl6	eyJjaXR5X2lkIjoyM30:1msSKI:OMmcACobiDcK6TE_d_NMVoyVqV5sHwSpxGSkKgO12xo	2021-12-15 19:19:22.904784+03
ri519dqbh4w8oxwss9aqvwew9rm3ghsr	eyJjaXR5X2lkIjoyM30:1msSxz:GDeIz5NtbsDHblR5iVeSKCErf1GhPSCrCIb1VNcvCVk	2021-12-15 20:00:23.903764+03
b6kt0rpfzj0fkxwg0bf0aecss4kfvc09	.eJxVjEEOwiAQRe_C2hAKFBiX7j0DmYHBVk1JWrowxrtrTTfdvvf-f4s0tlccszh3JxFxbUNcF57_RDgnDpAwPXjaTL7jdKsy1anNI8ktkbtd5LVmfl729nAw4DL81kQavSUOJpNzQQXNQRli0AGsDkgFM7Gj0veWgADAdcUrVgaYvbXi8wW_ezwY:1msdNP:Bg2r1Q5T3nGOHemhoc3SKbpD5pGuOle5F5CevRy_V9U	2021-12-16 07:07:19.246184+03
h5imj0d08o69x8wqmso2yne0iv73ta3w	eyJjaXR5X2lkIjoyM30:1msqQn:9Nil_-9wgbOXuBJ1g9M5hAFNrU6EgAQUMmGmOCaqUT8	2021-12-16 21:03:41.453712+03
ou7tbfkfsnisrf4lix0bzi15vfb1vbz6	.eJxVjMsOwiAQRf-FtSHA8BhcuvcbCAwgVUOT0q6M_65NutDtPefcFwtxW1vYRlnClNmZKdDs9LumSI_Sd5Tvsd9mTnNflynxXeEHHfw65_K8HO7fQYujfWvrwQgvrSxVWxsTSIMOUGpVlSBnXJUJyXgAEFAluJIrEoJAUkp7z94f7QI2nA:1mt35X:RAmOn7aQHWBvlYKqN0Tj11FxdBv9Da7uAHaeYfduv5U	2021-12-17 10:34:35.629516+03
lmjufei9d5yhzhfu13ceo72xtk194k95	eyJjaXR5X2lkIjoyM30:1mt4Xg:qGJTAsGk8_6kTKbUqzWzKf4n-VzdZkXQhWg2Kf45SvM	2021-12-17 12:07:44.003333+03
skfi124br2qjzgyd1cqro4yq7m9k6kwa	eyJjaXR5X2lkIjoyM30:1mt9RC:V15PXZsZNWSsgG8_AO9DnlqV1VoR46XfPkkr8s4lQPg	2021-12-17 17:21:22.669639+03
2ztc0jgmqr5wzolv65d50z85m4pkml5o	eyJjaXR5X2lkIjoyM30:1mtO7g:uc3ll9P3Zv6dfObYlA6w6sEc71EFfkvJ8yhIWDaQrkg	2021-12-18 09:02:12.610425+03
lb2dbd2mu5odt7xah1nhvpltkud1q19w	eyJjaXR5X2lkIjoxfQ:1mu6Ls:8xFV_phr6VRGy1nkmvVAsM_7bIaQvNjrbpTEA4MXqY4	2021-12-20 08:15:48.339969+03
hfaytikllwgq7eg5nwfv3p1uxyko7bva	eyJjaXR5X2lkIjoxfQ:1mwkpT:2XHVAJ1JfN9XfzNwBeziEcMl3V0aGMTn53x_RjqbrQw	2021-12-27 15:53:19.263253+03
ksqg1v24rt8tywtvijruxsqs58m86mlg	eyJjaXR5X2lkIjoyM30:1myVAS:ugz4udWMvmNPnlCJtCIY48cWtmcxcEoQo1mZJDQCc-0	2022-01-01 11:34:12.177249+03
wevj52w8g21we3e3fh2b54eteyhqhm9e	eyJjaXR5X2lkIjoyM30:1mtSMb:Q0MBnQ5wTT2lj-L_E3uic_xHcDzGjWwXJJU52vAB4ZY	2021-12-18 13:33:53.4925+03
hxqupuu3y4qgbj1bk0y10sz3mtl83bli	eyJjaXR5X2lkIjoyM30:1mtXkL:ZVPbCGgNYyUItfcJcV5dcTB1yuqMvsvTD92ukFWYHss	2021-12-18 19:18:45.012482+03
6p7ofkswan0ut7vx7rmlix2habl1g58n	.eJxVjDsOwyAQRO9CHSEWMIaU6X0GtHw2OIlAMnYV5e6xJRdJN5r3Zt7M47YWv_W8-DmxKwN2-e0CxmeuB0gPrPfGY6vrMgd-KPyknU8t5dftdP8OCvayry0JS1k6FUGTTINUzkBSQEY4GggpiDFosIYcigijoD2CIRsIszaBfb7cMTgR:1mtYzw:JEvUhwkQy1mlgmyohnq5WlgxjLTUTH6oeiZkOOrK6as	2021-12-18 20:38:56.398073+03
4kzsdkavb9o82iz942o3n5a9nppzqs8k	.eJxVjjsOwjAQRO_iGlnrX9hQ0nOGaO31YgNKpHwKhLg7CUoB7byZp3mpjpa5dMuUx66yOinrQB1-00jpnvsN8Y3666DT0M9jjXqr6J1O-jJwfpz37p-g0FTWdcLGBkQ0HDMZQnDBehABQLQZkJ0XcHyU3EYxPpAkKyTsU7BN2_pVmur8_L407w_YeTv9:1mtcWr:nYfOrKEqpfqRTsicUUJ2lpqVF7SW0Xpbs9Ee1rqgwRU	2021-12-19 00:25:09.340513+03
4j0uov3cybgf9zph900c30ftrha7jgzl	eyJjaXR5X2lkIjoyM30:1mtiaX:LxZIFnvroGhhXpzjakxB6c3NUAYFr4WieNEuQvp72nM	2021-12-19 06:53:21.971334+03
ew9bpqsm0nh3eokn6jgnzgqar787u71w	eyJjaXR5X2lkIjoyM30:1mtmdt:a4cFcYzADi8-AuJDTXj4-X28lJXm2HQ44wJs74cXZas	2021-12-19 11:13:05.902344+03
9decj47p8qfm2cj8mse3j41sa0dpo68x	eyJjaXR5X2lkIjoyM30:1mtoog:zBn9-1NfyxWmzY2RtQAv9L2hlZAGO1nAmQWxq4oYnAY	2021-12-19 13:32:22.25537+03
j7b62wqnoqvcm7531tm5n8gj1g02me06	eyJjaXR5X2lkIjoyM30:1mtpXw:fPWBCxz1sYIFlnhmIdxGvrxqYzZOdmzXrhC3QI7L_NM	2021-12-19 14:19:08.978791+03
hq8dqk95lo8s1rxux5v6vrv4al7p0izx	eyJjaXR5X2lkIjoyM30:1muF4P:TX1j282synZua7n4HrQWRot9o-ZHEdw_BUUO5R53Rpo	2021-12-20 17:34:21.984844+03
tx551w75mus4u2yp4h85l3zfcqhioznc	eyJjaXR5X2lkIjoyM30:1muc6u:anqHJSuIObvl2JTS0ymtFos--iVwLH0GbHVvt8GZIIg	2021-12-21 18:10:28.046729+03
6hv86uwo9485idwcmlvv17koa45s4h4d	eyJjaXR5X2lkIjoyM30:1muq6x:wI4tawPXFSvsvWAOP8mdnuUeUKIQ9LzY2txHuyRcfR4	2021-12-22 09:07:27.159179+03
g06k6j907ol5p1by96isftc74rkbkhl2	eyJjaXR5X2lkIjoyM30:1musdh:uoSEgeomu-Kf-63u5KMzGRPnFmKFoAoD5BmIea9Oiro	2021-12-22 11:49:25.625325+03
twb15aotey25om5qzajfjx68kuq563zh	eyJjaXR5X2lkIjoyM30:1musqg:OHaTtv0P1o0_ySPf4LbzDvpv4xx0O2eKgwI88Sv0yXE	2021-12-22 12:02:50.926053+03
9ouly6z395wdyi1f7gkjfnrgibfcqvum	eyJjaXR5X2lkIjoyM30:1musqj:m6ZjNikTMEbKZfamrVp-KuG0MuxTd66IezB2ijaalvc	2021-12-22 12:02:53.675535+03
9s5aufr0sndcf26h8qjvswwnj57jupxv	eyJjaXR5X2lkIjoxfQ:1mustB:WQR5Ea0-D8CNYkeIiEM9iysD-5F5FVhFiyS4aLOG-R8	2021-12-22 12:05:25.357671+03
cohw7n8aoust57j55y5iab6g1cfvetw5	.eJxVjsEOgjAQRP-lZ9Ms2xYXj979BrLtdgU1kFA4GOO_C4aDXufNvMzLtLzMXbuUPLW9mJNBB-bwm0ZO9zxsSG48XEebxmGe-mi3it1psZdR8uO8d_8EHZduXSeqMRBRJTFzxQQuoAdVACLMQOK8gpOj5iZq5QNrQmUVnwLWTeNXaern5_cluvcHFHE8MQ:1muxDL:JNwzcz4j7h4uFk2hTFSv7Hy8hph7EKIcYdPwwMAtVa0	2021-12-22 16:42:31.572609+03
vb1ztqfrli8a5tdye59nfitv6i88wstr	eyJjaXR5X2lkIjoyM30:1muzKT:ZJ3MAhTrVp5xjm3K-7KLW_I-Q302eW10pxokJZQWL3c	2021-12-22 18:58:01.55439+03
u6pwnnhgn6mm8xsg4z6o89aldoh38xu8	eyJjaXR5X2lkIjoyM30:1mv1zV:6nFbp5x3dyDvDMkbGmwIQw5G1wVxxpi9ZFkMf70WT7w	2021-12-22 21:48:33.391931+03
hagfyg78l6a8ahvadmw5eud8gsbck3mr	eyJjaXR5X2lkIjoyM30:1mv2Mk:Y2R3nOmZT8btlL8Uiw6h3nKCjSTK2ARP0WrgwCiJQzk	2021-12-22 22:12:34.712631+03
r5i68fokuy63agfgt4briskqr2ax417q	eyJjaXR5X2lkIjoyM30:1mv2eB:tRJDCXdzJKC2RmRDbTb_cevp5_Gm3vJ6rsmuepbxd68	2021-12-22 22:30:35.510377+03
h3t0cbwr8ymmxywr42cpjgvs1rdjab2w	eyJjaXR5X2lkIjoyM30:1mv2rk:Hi9e3240l9PDPTPMGB4sPHoc_B6MB-jybmHyo2pGjRA	2021-12-22 22:44:36.348498+03
dk77dll6qbx4umb9h5ha2em6gsywwgux	eyJjaXR5X2lkIjoyM30:1mv2vc:v9Iq4idJV0mhHknCvqCeAgeE6om6ohbz7GZaMSny21k	2021-12-22 22:48:36.416989+03
i2xyuq4hrp4lcnz62c2y5wp10fbfppo8	eyJjaXR5X2lkIjoyM30:1mv3sa:x_J-a2T_WB_6D7g6NoYAYraXLJz8lGjE8qUFj4nKy2E	2021-12-22 23:49:32.965786+03
m5vyrnz13j0g7wwdywm8k5ssmrhsgq6e	eyJjaXR5X2lkIjoyM30:1mv6x7:5sWzjVrbDL_TVBl4dsVq9dTF8IIgKihI4uQMSGm2Ynw	2021-12-23 03:06:25.612079+03
klwub9cnlqgctdym4sfxodgzoy3e8sii	eyJjaXR5X2lkIjoyM30:1mv6z2:MDjffz3KVlf19KcrgMI5VEmS17NnVUTR46h-BfpSqiA	2021-12-23 03:08:24.422948+03
kcwjtmqbjkv5wzcbbf1zg3otry9zbvul	eyJjaXR5X2lkIjoyM30:1mv700:Blzoz3VShdDsiimfmcC7r2H3SmyR1Nu3onLhZMILXGI	2021-12-23 03:09:24.460082+03
uuvt72o3vs1od382e1unemm9d0lqmlgs	eyJjaXR5X2lkIjoyM30:1mv71v:XhUwRmPdgw4pmIJJZvqEkulcJAwEAmEguRsgnbBr8pU	2021-12-23 03:11:23.296849+03
sdv6sn2l5oebj6lus3yfh4yq36lcdz6p	eyJjaXR5X2lkIjoyM30:1mv75m:jLMsONFCUgHuWqOB9wspsGbIW195TxsOSawhcjKcZgY	2021-12-23 03:15:22.132314+03
ohktw29m2ldzfelbg6kc219deaa32s2p	eyJjaXR5X2lkIjoyM30:1mv79c:Y2pCpPG-T5Q-u3VvYAAZxb0ir850WZZRG68TEszfvGU	2021-12-23 03:19:20.596272+03
00rxes6so7i1198duu9smsgufwtapqm2	eyJjaXR5X2lkIjoyM30:1mv7FS:GiMFNBhMhP80d-FEjOMdgr9kbTUAo48nmr-GgW7bKI0	2021-12-23 03:25:22.307616+03
1lwfnx7u0ohuayhhb53bxoijwb3hvhj2	eyJjaXR5X2lkIjoyM30:1mv7HL:qkMoIGQtS7j2-z2LFrb6zv5zOIOWIJgM7CfQeHTk7NI	2021-12-23 03:27:19.514945+03
04kfwqaoh9rhpq6siw3zt2f4947zl60g	eyJjaXR5X2lkIjoyM30:1mv7Ia:8OM4DDFq6O8aoSQ-2X0-4QOIB9YRqglaBN3C_bSjNJc	2021-12-23 03:28:36.754974+03
vlpw0m39np0zildxrz0i117vx4i58ta0	eyJjaXR5X2lkIjoyM30:1mv7Jr:6qH4HU1fUGspWqF9TJYrh8L-uJel-CpbdOFN9BI4Ys8	2021-12-23 03:29:55.981426+03
yh5xedqx8fpynluiojqcrsf6h0gnsi26	eyJjaXR5X2lkIjoyM30:1mv7L9:BdAmJY3zcqUf-YpvSzhq_9-QjLrHYLIAbnHNQDU_JQM	2021-12-23 03:31:15.213247+03
848aetv77131jl46j8jv4flvfxglp9np	eyJjaXR5X2lkIjoyM30:1mv7MQ:H0WBk7GnFlPw0_jl27qLst5BivAmxHSwmZAYlhlrW-A	2021-12-23 03:32:34.341358+03
ja63l3q61kuivu6pjcn7ncu3qs5zsbdc	eyJjaXR5X2lkIjoyM30:1mv7Nh:1U3xuhffhlrp6BTBws_jnFHASCXRMnlv8eZFES1zm6I	2021-12-23 03:33:53.674432+03
xhgk1r753my2x5q2rjl7swiobom4hl5h	eyJjaXR5X2lkIjoyM30:1mv7QG:uvdc1rnNkxCllJpDwlKgBJ5AEk-5VK8oda_CQegQMAc	2021-12-23 03:36:32.225202+03
epkz7ku1hrdi583v7j7psrrx2fjnhjwv	eyJjaXR5X2lkIjoyM30:1mv7Se:rTIAduUe1XPh6y-r8lE6VCgF9LOt9hI8JYkdjjXs8bY	2021-12-23 03:39:00.234535+03
2qz1uo5a4tc0yxbvovy5ox2e0py9j9yg	eyJjaXR5X2lkIjoyM30:1mv7V2:ATl_w7fUjIij9a9Ltb_yQaz2HD2FJ62i-3ZAcrMTocA	2021-12-23 03:41:28.330223+03
ek79nzkzwiwlz5u1pxmt0eyylgrux5kg	eyJjaXR5X2lkIjoyM30:1mv7XQ:6okcL4SP9mDH1SGvz5OYOn0RmauvXwTuVb47ev6mTH0	2021-12-23 03:43:56.414522+03
hatrfo7gszaoe3e0ihosx5esljzdqezx	eyJjaXR5X2lkIjoyM30:1mv7Zo:wTwGblNppPzAjRHt5-8oEB5QhGoNGGTGVaVUE5I8UTU	2021-12-23 03:46:24.428648+03
u39odz49fc1ougdbiu68e3avhhyj0lwg	eyJjaXR5X2lkIjoyM30:1mv7gu:3yPdpzyhb5Modecmoz5AItzWknH3G_NjxoJl263xG84	2021-12-23 03:53:44.296659+03
whx2dokjgrix0vgxgnnzmgbwzb3vh3yk	eyJjaXR5X2lkIjoyM30:1mv7mQ:m6tmQoCe1tX6hLE31VYS5FIQeiCPlTuMw72SdYbE1PA	2021-12-23 03:59:26.654112+03
kwg7n6dzz7wae4ik2cuu3e9tn7gezvp8	eyJjaXR5X2lkIjoyM30:1mv7qa:FYtvKFKqRwqMtvLne8MyX7FSPJQfCfByvpGo7XdVvgQ	2021-12-23 04:03:44.293255+03
4cebfzajpzl7toa4y2p43yarxwu5gw3h	eyJjaXR5X2lkIjoyM30:1mv7vQ:Q5F11BobzF_sEodMYF1axD_wBd8XiToomt9yNq3mSTY	2021-12-23 04:08:44.288772+03
vosfwzunjplrjh4stzjn0n97aezbzcnc	eyJjaXR5X2lkIjoyM30:1mv80G:wZsfIPbfa6IxRiAmtjsTNLIeY-ft2Zzbu4dhEj6S-UA	2021-12-23 04:13:44.656596+03
2iihhl7jpsjnnrbkxyx7fc1rvhgc3jlg	eyJjaXR5X2lkIjoxfQ:1mwi2x:MvoYaPyt3L3mIvMblIiTETpo59RQYwbSKaZaAPWwUYE	2021-12-27 12:55:03.145403+03
qdo672loayyuo0m6oj09y5ftb8ac1nqy	eyJjaXR5X2lkIjoxfQ:1myW4q:2EoK77pNKr76asHnFxxS1V0bKj6VMpEshwh9jTDrFTo	2022-01-01 12:32:28.701681+03
l3t8uuy41p16anb17quh1ldqabmt2o4l	.eJxVjDsOwyAQRO9CHSHWxhhSpvcZ0PLZQBKBZOwiinL32JEbd6M3b-bDfF7eNgd2hQuzuC7Jri3Of8KAnZhD_4xlL8IDy71yX8syZ8d3hR9t41MN8XU73NNBwpa2tSahKXam9yCpC0PXGwWhB1LC0EBIToxOglZkUHgYBW0RFGlHGKVy7PsDekQ70Q:1myYSE:CbWgSY74u_Ge6uR3xJO3k8TtDtpC5citaiY_Eoa_YTc	2022-01-01 15:04:46.618631+03
uasphq8r13zfbxo83ka9rz1nc0zre6cp	.eJxVjEEOwiAQRe_C2hBmYCh16d4zEDpMBDVt0tKFMd5da7rp9r33_1txba9YszqjPamY1lbiusj8RwotqQMdEj9k3FS-p_E2aZ7GNtdBb4ne7aKvU5bnZW8PByUt5bf2gTz7Dsj4YCQggxCRBBHDvWBCcADZkDMBPCbwVlx2ltF2gLlH9fkCxhY6oA:1mvBG6:48NhQwAT2jln6JtQEN2Bw5GdfOPxK5I9DoMmskv-WcM	2021-12-23 07:42:18.934598+03
atawmr1tppp687coom6bca8d4p5s5gcf	eyJjaXR5X2lkIjoyM30:1mvBOy:ttaxim3RcaDNJvONpIfij81U0_5TwttYrOjZRwCu1Jg	2021-12-23 07:51:28.764854+03
33h7vi6pjzqu6kn7coe4vvukhksxgt52	.eJxVjjsOwjAQRO_iGlnxJ4tNSc8ZovXumhhQIsVJgRB3J0EpoJ038zQv1eEy991SZeoKq5Py6vCbJaS7DBvgGw7XUdM4zFNJeqvonVZ9GVke5737J-ix9uvasjHgxZgmEHLG1oJDK5C8EIRIBA27NnB0khxkjxJtBkm2ITzaHFYplfn5_WjeH6ZlPB4:1mvCmo:bz2Gx0juguGd64d40oXfWh-K6c_K_Y4_k69ONeeCvLQ	2021-12-23 09:20:10.342442+03
p93nwrh5of460gz6bpwp1fb925v5bp3q	eyJjaXR5X2lkIjoyM30:1mvEKA:p_eSBP2K8gVEosJoB3j584e4h6YOkB-kzTVP_Rzjc04	2021-12-23 10:58:42.824848+03
3q13ej9974b1t9j6fixh3zv5j6uyaud4	eyJjaXR5X2lkIjoyM30:1mvFQL:3t_Dh0VxXycvqVg4gcK_WqDGwWk5YX4iX5Dw7xMfhRc	2021-12-23 12:09:09.93145+03
qviujafptwvzu49gtrvjk3qy7gd4gdtg	eyJjaXR5X2lkIjoxfQ:1mvFWd:f09EauZ8ZN7VruRAvoegVO6-gaN2izekf521JyXQ9y0	2021-12-23 12:15:39.729932+03
co0331tt901iptegq0wg4yq5ttm943tu	.eJxVjEsOwjAMBe-SNYoaJzUJS_Y9Q-XYDi2gVOpnhbg7VOoCtm9m3sv0tK1Dvy0696OYiwnm9Ltl4ofWHcid6m2yPNV1HrPdFXvQxXaT6PN6uH8HAy3DtwZxDoM610QmKdQCegLFHJQxJmZsxLdRktfssQTSBAU1Q8N0hhLN-wPrBjhe:1mvGcz:ErYGqwWGt10KGWbL38e0KJpGdxdaWY7EuGVY-BLJJgs	2021-12-23 13:26:17.555546+03
b2k0rqf99hw0y2ru2t88zqa9m78yvktz	eyJjaXR5X2lkIjoyM30:1mvGrE:f0sF_J8mxpBTx1EIUVJjk0LndBMY_j2wfltxRWI683k	2021-12-23 13:41:00.493719+03
yqk0i37xw9ekzqsy59hk7jhxj4rtcnhj	eyJjaXR5X2lkIjoyM30:1mvIFc:BfJQ_tF9waEHl8jjZ2G36sUUdG1xExMKeHe2wtbFV4Q	2021-12-23 15:10:16.618655+03
xiaijbj61g92mp5k6h9gzmyvmdwbd02r	eyJjaXR5X2lkIjoyM30:1mvIZ2:U3dKaoKIltBP6x58ad4a1zNZngoWXzpBW59qLThJBvI	2021-12-23 15:30:20.807864+03
yg8ofl0v7r49j108ol5hzh8zhmfzkhwz	eyJjaXR5X2lkIjoyM30:1mvIoU:_c5mwyyoMltlwrHueLXIKNVtQQL6AQdTU_Caq5myRqY	2021-12-23 15:46:18.853272+03
90zfk3f1j9vja9c719dzdsyqxsp7w2rl	eyJjaXR5X2lkIjoyM30:1mvPyU:EHPF4_qjuW8B-Nk0FQvaPeRyASijP5LfDVAUDcc7ISE	2021-12-23 23:25:06.30973+03
vk9qkwxypnk6kepgl7czqfr0dhgjwlwm	eyJjaXR5X2lkIjoyM30:1mvRQu:pXpk5l5Z5-5sYHbPP-UW1MDwRyQUN1XXfv_0ahhi-1Q	2021-12-24 00:58:32.795605+03
wwfnvieijqmeq20xmjnqqwp39p4ec3mk	eyJjaXR5X2lkIjoyM30:1mvRgc:XTMwNx8nu9gldi6S-RNTuFDucAwoKdxeDY5T7J6bpzc	2021-12-24 01:14:46.405702+03
uaym3kwfm240k2nxzt2cukbip4nznp3k	eyJjaXR5X2lkIjoyM30:1mvYSU:g3SAHdq6Cm8gVmR7DHyGpo1b7d0PWadJ3yh8CFc8uyI	2021-12-24 08:28:38.747123+03
fidx60ai678l9qsxnawyrzusx21mo763	eyJjaXR5X2lkIjoyM30:1mvYSy:kaso5Q6p4FxMVqIu5fmCUqT0UqLJ30vk8a4Zs_y7-CU	2021-12-24 08:29:08.562582+03
gjg3te8z4r25wchwv3icvhhly4ckpk7o	eyJjaXR5X2lkIjoyM30:1mvYUo:IkYkDfHKWCK5D6H8ws-_HNSLtOo7qD0DJVjdoP8EBo0	2021-12-24 08:31:02.554625+03
t28l0qn5bv52bzte61uvle10hnb6tius	eyJjaXR5X2lkIjoyM30:1mvYUp:J9w38rMCg8b-RQKCTV8xnFYPS3GJz1Kuxs0fXO0B_Hw	2021-12-24 08:31:03.130987+03
tgvty1amjsk4o40zx6i2k6f2fgwq58d9	eyJjaXR5X2lkIjoyM30:1mvYX2:JwHC0OPkh2vAqZsKF_WEiguoDk7z16eXlvoTtO4KakQ	2021-12-24 08:33:20.173851+03
ykpv3pyhcrxqlvqodohrh526nmetpxah	eyJjaXR5X2lkIjoyM30:1mvYX3:GoMDzMB-X6qNShsqgJeGmhQpGhcQhd48gx3TGMaegzk	2021-12-24 08:33:21.042896+03
gejp9ro2n30f8ju9g8u056qpnxmfblro	eyJjaXR5X2lkIjoyM30:1mvYZ6:QgiM-Py0IaKLyK4D-BRTlTfP-M2_5ocVHgdy0dvhkyA	2021-12-24 08:35:28.850344+03
riih3y2da10up5cc29zgt6nc17r7zhtk	eyJjaXR5X2lkIjoyM30:1mvYZ8:DsFqimNV8tlJFkzGXVHED6MMRiqw17Bx5xzeI9tbcUg	2021-12-24 08:35:30.043111+03
uhnecd3kic1ftai27tayur3hwavniepc	eyJjaXR5X2lkIjoyM30:1mvYZ8:DsFqimNV8tlJFkzGXVHED6MMRiqw17Bx5xzeI9tbcUg	2021-12-24 08:35:30.844616+03
romaxl802dk8m5qtjnl8zkoj8flwza0y	eyJjaXR5X2lkIjoyM30:1mvYbV:vjRPEIvJOUJRqvlGBqABiWAai7x6qoVaPtT5-GorQQU	2021-12-24 08:37:57.324272+03
b2isn43z883c4x2tbzxgwyqiy9pmglo0	eyJjaXR5X2lkIjoyM30:1mvYbV:vjRPEIvJOUJRqvlGBqABiWAai7x6qoVaPtT5-GorQQU	2021-12-24 08:37:57.65611+03
s50ksstt3necch5rffa48t1hu5efaaxj	eyJjaXR5X2lkIjoyM30:1mvYeS:NyBso6wdo5VMhfGkvHn726YXF6VaRkqXI3bBxhR4Hf0	2021-12-24 08:41:00.64423+03
7cpyad7ot74iilys2mqlpsxfyw5lz1lk	eyJjaXR5X2lkIjoyM30:1mvYeT:VqVgaOhT3OemyKThfrwF291PjZN8vRuaw-7XDtftBFU	2021-12-24 08:41:01.146067+03
ot8hg9f0zdz3bt8a1zxpji1spy57mwhd	eyJjaXR5X2lkIjoyM30:1mvYeU:Wvs_HHay2aHIkmp-aNh8JVI0jyyBF05hHq5C4zX1xIA	2021-12-24 08:41:02.539709+03
9qobjxx6snnro18oh8l9v3p6cndj4a3z	eyJjaXR5X2lkIjoyM30:1mvYgH:irS-1xOGIlZYRmtmb4ZBaLW6_sPNK3GsEzjbGdqXU-E	2021-12-24 08:42:53.702061+03
fe73kymtmimetnsrt8bginvo40g0gsm9	eyJjaXR5X2lkIjoyM30:1mvYgJ:SLLQRvrIt1IwWCRtRPWWcRHQ2R42AJkTRsWu4mf4QrQ	2021-12-24 08:42:55.794948+03
73irezdk4kd3hk5261irqu8yqm9davpb	eyJjaXR5X2lkIjoyM30:1mvYgO:g18sZTcwXt_K1Gpid8wEJGnAtP83naqhgIzWgeqkStg	2021-12-24 08:43:00.855188+03
9eg0qr5rmmm9l3mdzuvvasmdv952p2b1	eyJjaXR5X2lkIjoyM30:1mvYgP:ZmTfNAhXpf9BdZ8O1EV5pZcphHhsHYNZwM0nEEuS5g8	2021-12-24 08:43:01.354905+03
gp5q70zqwrr9jvakgzdgay2lmn7ja7e0	eyJjaXR5X2lkIjoyM30:1mvYkM:rmEYBmsSuc5Nil0VH9HnkN3m3uOQnLcYews1AZLhYhs	2021-12-24 08:47:06.848651+03
dbvirh5jfxfcoa4lpjfqwuduyz2155n7	eyJjaXR5X2lkIjoyM30:1mvYkQ:SN63L5b-qbspG553PUg5Aj57nFfgqw5dE6HC6zPhCwo	2021-12-24 08:47:10.199606+03
mop1m79i6ccflrgde0hwd1eym482nxu9	eyJjaXR5X2lkIjoyM30:1mvYpZ:lu3iRic7DkzkMWMmMXX9yuw6W6AoRo6OZg1T6yxOnfM	2021-12-24 08:52:29.131171+03
52v4czklug2kazcf1mzksfuurlj9m2yj	eyJjaXR5X2lkIjoyM30:1mvYpa:PbLiQvsHvenEPF8kepXkKgCwsS3BNdQB3p32Xv0MRzs	2021-12-24 08:52:30.7793+03
vw4tftq8yrbnrim4nw13otze9psgndcv	eyJjaXR5X2lkIjoyM30:1mvYpb:yuT3eC7ZTZ5LtLM7y0BBY9-X-TEo_AE2Q1dUrpyHWmU	2021-12-24 08:52:31.00992+03
xqyu2dx23tgdkzzzj0bd73ouhhqt6og7	eyJjaXR5X2lkIjoyM30:1mvYpc:5IrTdsGfB52l4M8n4Nc3REEEf3s5R_p58guNiAWkqcA	2021-12-24 08:52:32.71442+03
jamk7ateya3rqho77poppwk9q8xkwt6b	eyJjaXR5X2lkIjoyM30:1mvYr4:68siXuVPA1M6YDi8QjhwC39AsEOo30ilrJjfvsHr2-A	2021-12-24 08:54:02.024292+03
xe4tkhmqdm87d6c57xu48cgpe1n9za00	eyJjaXR5X2lkIjoyM30:1mvYr5:SkoDtjCWZ-A_2ScilxdCEP7G_22gko1l-bvPfmoJIeA	2021-12-24 08:54:03.163932+03
2fc319o86hpua9oqvel5a0pubumbjxqd	eyJjaXR5X2lkIjoyM30:1mvYr5:SkoDtjCWZ-A_2ScilxdCEP7G_22gko1l-bvPfmoJIeA	2021-12-24 08:54:03.885248+03
dvzf0g5mvupfimefgg8ld8c4r7jfrtm0	eyJjaXR5X2lkIjoyM30:1mvYr6:uI2WZHF_0wH5sYmPsw8XDqKz1bevMHGyFNCmXJEglGA	2021-12-24 08:54:04.384775+03
lycih64y3skpvaco897eivt8an5tzszq	eyJjaXR5X2lkIjoyM30:1mvYtt:YgBKAGMsL4gtMqIQd5wwX6E_txZ_46OAvtRexnxC6Lg	2021-12-24 08:56:57.517535+03
5gd3ct6t1i4kptja3b4evpe7gp91c4oq	eyJjaXR5X2lkIjoyM30:1mvYut:t2E4GBYWQC3zrgbTvNSQMukGIS6BCQIrA_xi7gQKVvU	2021-12-24 08:57:59.484192+03
dtazoedcftbj9alt3t99tcm39b0qxov3	eyJjaXR5X2lkIjoyM30:1mvYxO:mz4ibk6VYEfe9n1uHDseyWIReyhw1ZE3tW4J201Z6yc	2021-12-24 09:00:34.745352+03
6zr5lrvbf4l2vwvrmtg4attvjbsxi7am	eyJjaXR5X2lkIjoyM30:1mvYzv:irG5hHOBBTOLGiQRF9X2fLYybRlRjSHEX5ZcE_Uu9CQ	2021-12-24 09:03:11.57275+03
87heifs7vu3jxmtjsbo9zr7dzpmwosjf	eyJjaXR5X2lkIjoxfQ:1mvZ26:jF5lson7D3o8GWPmqldub8nzNWMxQVL8elXybaarOcU	2021-12-24 09:05:26.687635+03
ynmza7fqw2wilgzfvrx2pluh051cpooy	eyJjaXR5X2lkIjoyM30:1mvZ8t:oBEuz5Onw9ohigHsMe4H_BATKtSHmcsyCwOn6sLXmeo	2021-12-24 09:12:27.868388+03
xcyenpkgb8o6nxdmfa1d5kbd84wb53ei	eyJjaXR5X2lkIjoyM30:1mvZZi:VRrCtQvlbLi6OlVM5Zz7b_RR5HZX8UhwwJb3sVaCk4M	2021-12-24 09:40:10.462649+03
59jj3rkcpfg2m0fifubjsz2joclhwo9w	eyJjaXR5X2lkIjoyM30:1mvays:OQG6zlDMHIqbGZ1k5GI1ArqfRzeowX8HCVhbtkR2uyE	2021-12-24 11:10:14.258436+03
lx0ehoju70q9dcvzwl74cgp7urmu3flm	eyJjaXR5X2lkIjoyM30:1mwiu3:5Dg6cIKEdPVbSVOfYU4VKEX-Fi4XcoS2B3qW9z_LTIU	2021-12-27 13:49:55.640355+03
ed9jj6g0z5hfnvp3jzmrxjs9dd4697eq	eyJjaXR5X2lkIjoxfQ:1mvein:-kBOAPLxY1AwpMpLontUAr9j8f3O2qzd7ixYnWon0Yc	2021-12-24 15:09:53.324626+03
cdzznyx760wyra13yp6g4xrkjbxw2z01	eyJjaXR5X2lkIjoyM30:1mvfCR:YE-5HrQXdrdzgsWc_U07rHwKhTop0_z-o9_oq2TF7Yc	2021-12-24 15:40:31.82198+03
38cxny8eewqqenfd0jmvtvqmzu6xx1iy	eyJjaXR5X2lkIjoyM30:1mvfbm:VBsOQoNmBz0fETgZ37UhF9UcHAQ_-yoFfnzSybQIB38	2021-12-24 16:06:42.465474+03
coq54lhtj59rdnh5qh69q1kfrkde8wsu	eyJjaXR5X2lkIjoyM30:1mvfcL:waeQAre4tsXdxYTxCMR_AJkun6-yhhVlL7GGqVzX6Kc	2021-12-24 16:07:17.101523+03
wcifuocx2rzs1vfe8wm2ehzu8wr6dil3	eyJjaXR5X2lkIjoxfQ:1mvflr:Irs6dMBPPoIEpO0EmPSD9WV2NfFp50qGFgb3_jwT-yo	2021-12-24 16:17:07.215288+03
qwqzxbi49d0eo7fzdbnovtn4y5006jcm	eyJjaXR5X2lkIjoyM30:1mvgdV:qx303oStTA-8XOLMTpHZpztb6sLNsxIx3Qogy33Zk94	2021-12-24 17:12:33.875648+03
tq3hzxq4hlnpadgtmc3zz1z88iwung6a	eyJjaXR5X2lkIjoyM30:1mvgdX:RMmH323VI2hAkPOpH3fDWS36eUcI1lUykkrKT_hftXw	2021-12-24 17:12:35.734083+03
9d7vjquibanuuag1fiyvwy448svipd92	eyJjaXR5X2lkIjoyM30:1mvgdX:RMmH323VI2hAkPOpH3fDWS36eUcI1lUykkrKT_hftXw	2021-12-24 17:12:35.802966+03
fiatj7va1p8w9crpx9qflsvaiu83di7m	eyJjaXR5X2lkIjoyM30:1mvgdX:RMmH323VI2hAkPOpH3fDWS36eUcI1lUykkrKT_hftXw	2021-12-24 17:12:35.830703+03
kxj8cpqjr1fkiuyveu15nvuwyw82l1m8	eyJjaXR5X2lkIjoyM30:1mvgdX:RMmH323VI2hAkPOpH3fDWS36eUcI1lUykkrKT_hftXw	2021-12-24 17:12:35.895397+03
200nmn7hx6jol1x3it6mng5rmftn2zg8	eyJjaXR5X2lkIjoyM30:1mvgdX:RMmH323VI2hAkPOpH3fDWS36eUcI1lUykkrKT_hftXw	2021-12-24 17:12:35.927494+03
xxz07htmg7zivf7oh0bzog342dpac07x	eyJjaXR5X2lkIjoyM30:1mvgdX:RMmH323VI2hAkPOpH3fDWS36eUcI1lUykkrKT_hftXw	2021-12-24 17:12:35.990146+03
c5o02k00dw5cdhtwt17zh36wbzsuql48	eyJjaXR5X2lkIjoyM30:1mvgdY:8DfNbQ_PFIWAwxfNEgxT_GOeaxCz8jfV3SsYAugW75A	2021-12-24 17:12:36.024441+03
rhdseb20v192x62htcmrbbmpx85yohfi	eyJjaXR5X2lkIjoyM30:1mvgdY:8DfNbQ_PFIWAwxfNEgxT_GOeaxCz8jfV3SsYAugW75A	2021-12-24 17:12:36.085576+03
i7knn2fxidntziyfxucs7hg9ic00bpos	eyJjaXR5X2lkIjoyM30:1mvgdY:8DfNbQ_PFIWAwxfNEgxT_GOeaxCz8jfV3SsYAugW75A	2021-12-24 17:12:36.124985+03
xdygydh6pnops5wt1vhcokj7ocngukml	eyJjaXR5X2lkIjoyM30:1mvgdY:8DfNbQ_PFIWAwxfNEgxT_GOeaxCz8jfV3SsYAugW75A	2021-12-24 17:12:36.177234+03
iljny7c9iucrin984wct8am8rmlcgkn1	eyJjaXR5X2lkIjoyM30:1mvgdY:8DfNbQ_PFIWAwxfNEgxT_GOeaxCz8jfV3SsYAugW75A	2021-12-24 17:12:36.224618+03
j30u5c4bkz7t7hxleisd94qrgbk7u1uq	eyJjaXR5X2lkIjoyM30:1mvgdY:8DfNbQ_PFIWAwxfNEgxT_GOeaxCz8jfV3SsYAugW75A	2021-12-24 17:12:36.272709+03
oqxmohyeca9k6gizqarirao1jji372i5	eyJjaXR5X2lkIjoyM30:1mvgdY:8DfNbQ_PFIWAwxfNEgxT_GOeaxCz8jfV3SsYAugW75A	2021-12-24 17:12:36.474889+03
nc34u4pxr1gta3emk57ufg9dtax35lym	eyJjaXR5X2lkIjoyM30:1mvgdY:8DfNbQ_PFIWAwxfNEgxT_GOeaxCz8jfV3SsYAugW75A	2021-12-24 17:12:36.475792+03
ny1x1geu5bldy5ylzsi0tfevradxsals	eyJjaXR5X2lkIjoyM30:1mvgdY:8DfNbQ_PFIWAwxfNEgxT_GOeaxCz8jfV3SsYAugW75A	2021-12-24 17:12:36.538825+03
l1x9wkazsyt1lklob0upm5of9azx9y4p	eyJjaXR5X2lkIjoyM30:1mvgdY:8DfNbQ_PFIWAwxfNEgxT_GOeaxCz8jfV3SsYAugW75A	2021-12-24 17:12:36.545029+03
sfqqljblpzmrb5czeg1erik8xvmjf4rx	eyJjaXR5X2lkIjoxfQ:1mvhOw:pAu9ZF4yBef6E1ZW7p7cvbyORmyYyvXBeP4VxA7s4C0	2021-12-24 18:01:34.035204+03
24rx81d8umbsv65xk5yyp1k5f3fgqkbh	eyJjaXR5X2lkIjoxfQ:1mviPJ:2qaKogKDKcL1QtTiOW-h_kLBLFEqpIr0z5sCZTovLPc	2021-12-24 19:06:01.616537+03
g12dkgvewygt42pdkis3loy3l7m4srf3	eyJjaXR5X2lkIjoyM30:1mvkd2:AS46rPuYZnrX0fl4e3chxg9enf4Id2NR9W5gBJL8Wow	2021-12-24 21:28:20.557636+03
oekzeldhk99w13pvfb2kbjzsuohwrn7u	eyJjaXR5X2lkIjoyM30:1mvlgt:EOQ6R_H0MyMjg76m8oODVQXo8fo-YTp_Jq1S2RkER1Y	2021-12-24 22:36:23.790846+03
xdjifkcav2o93r505zd9m7hw1rn7i922	eyJjaXR5X2lkIjoyM30:1mvlip:eIcXAaUJP_gpJVl-Lh15Xb85lfIx-xbgjT4qwlh8ZCQ	2021-12-24 22:38:23.967788+03
d0lxt50l0ohncc8ksal10z1qf3sdzlmc	eyJjaXR5X2lkIjoyM30:1mvm0l:yf6-AWBIs-jR144lBZzFOdjy-64Z-6WvCcXn8X0tj0I	2021-12-24 22:56:55.051997+03
rfnqcivk6e0c1bn0nj7e0yglv5jrvhbe	eyJjaXR5X2lkIjoxfQ:1mvsv3:HN45_L24JMRhYk137UrBkKOLVCQf4MHi3AAqvyllImA	2021-12-25 06:19:29.409971+03
u38z35o2kpq3t2i8mask5a3iyh0etdtv	eyJjaXR5X2lkIjoyM30:1mvtUr:Q1vgxEVdPOGzus7BMD7W3dhrcdIePjkJUFOV4YMqpCo	2021-12-25 06:56:29.425909+03
bj9vj0fsh8o467p1d9smfr7xrzpg1wjy	eyJjaXR5X2lkIjoyM30:1mvv1E:qy2Nq5DstadOSIsXBeJsw1dgZPbP_4EC-Y8jk364gEU	2021-12-25 08:34:00.917273+03
pf7dl8ugdit26mk89cce12nqgrjvuvhu	eyJjaXR5X2lkIjoyM30:1mvv8n:kulca9YjK4ES27rXIl6vBR5_merCiYdee2By5ft_Bsg	2021-12-25 08:41:49.939407+03
h1vdpebgliutp975rlxbsm3s51tseddj	eyJjaXR5X2lkIjoyM30:1mvvKb:BQnSKBvWJXL9azihw5TYy4YD_GPDb6cNyV_kUJryzyE	2021-12-25 08:54:01.880368+03
lasql0cw71x82fe616cgsbbopj6ydapy	eyJjaXR5X2lkIjoxfQ:1mvwgP:cLprHoY3xlBqktsanKQAqstT8YFF_E55KxPkfsSp0YU	2021-12-25 10:20:37.681482+03
ldz7b6ithmf2uf35qro40i4toy0og8fk	eyJjaXR5X2lkIjoyM30:1mvx30:J0iJ69g7kTrRmoKdE_hoJMMfc2WXRAfl86i73PgGl9k	2021-12-25 10:43:58.116513+03
fjsy8onppqxoa2hl30cagjcdaut5ane0	eyJjaXR5X2lkIjoyM30:1mvxLB:YVC7SgRzgBy-mZwUfvuTM3lDhn6vToXsVBvqQe-_6sM	2021-12-25 11:02:45.228912+03
a5920qekqxn0rjmebhxv0qqaho6vruqy	eyJjaXR5X2lkIjoyM30:1mvxMF:hrBbhIA95v8bw_SsX7rFIdciLHQBdrk6sLSQrgfZmEc	2021-12-25 11:03:51.20631+03
jlb568xqtvrsvmw6ctaeo1vrar3rbgro	eyJjaXR5X2lkIjoyM30:1mvxNo:PBT933Y9nDLEUK6nE9HYlBcohsBfATen48lo4J4AHb8	2021-12-25 11:05:28.757398+03
5aoc3kuj8dupo68jta6anvwl7gqtropk	eyJjaXR5X2lkIjoyM30:1mvxUA:aMt05eMkTguRp4SR6J-SLct_PWkI4B2wGfS-srHLWHQ	2021-12-25 11:12:02.954886+03
x51bc09l8be1sf5oqr4v9hvj4v5a5pv0	eyJjaXR5X2lkIjoyM30:1mvxbp:nw8AaYKJu-kPTNZESUHnVjdOdQXdNeg9s6XMavK9urA	2021-12-25 11:19:57.999096+03
99mam8tc0cre22cwcsa5gbnigwr42if3	eyJjaXR5X2lkIjoyM30:1mvxeH:zvy4bTjcdCVOA7_TS0IEmxtMOkkd4CuY6TaxXPHp-FM	2021-12-25 11:22:29.817868+03
m028tyr5znujgkaenk1nnfn5xn6p7om1	eyJjaXR5X2lkIjoyM30:1mvxur:HGmBaibnxFcsIsWlh37bmrz1mhK0ojdeg16TDuutncU	2021-12-25 11:39:37.860562+03
pepb7n8n7g60i74cyj5qfx6me6uxj6r4	eyJjaXR5X2lkIjoyM30:1mvy6V:oPlVsg5aKeTcG5whZKzPMzpQ4xA_zaDm4Irtqz9jPkQ	2021-12-25 11:51:39.160996+03
yj10asr11v7tb9s07qb7kwrrbomrnirk	eyJjaXR5X2lkIjoyM30:1mvyIt:YRK_ZgEQMRZGtX7wNMXznKTBcRYzKndKlO1t_qgtwig	2021-12-25 12:04:27.994237+03
elizhxoza210toxcxviydvrkbzta5ccy	eyJjaXR5X2lkIjoyM30:1mvyTH:IZoWD7fyGGBt_7tMppivGgSXD2Czs4mmFOQhVRMkcTU	2021-12-25 12:15:11.142018+03
ytwd0ih7ca0d65cj89mh55yjn8r12me9	eyJjaXR5X2lkIjoyM30:1mvyTM:vgSH_dBbs8eTOhDeapoXz9fftQqk7cce6JObFqoehz8	2021-12-25 12:15:16.134261+03
2r9y2tvh2f73jyaz22910f6eygjkumzu	eyJjaXR5X2lkIjoyM30:1mvyvn:kTbndv12wI8C5UPQqikkZ-dBbwkPa_uNoeeKYRUeQLM	2021-12-25 12:44:39.789592+03
mio99nvd59a4rhbqndlxaty4drfddc1o	eyJjaXR5X2lkIjoyM30:1mvzPE:Tbnj4aQMPWEAYWp03RF36PtMEAIF2Yqxn5xcTiDq6FI	2021-12-25 13:15:04.298666+03
vltm5tpkkj63vtdxxa4zo6b3ir6efdpm	eyJjaXR5X2lkIjoyM30:1mvzRe:9LjN7e_Axxh0U8QbFf6sl9Trhx1Jx_YhL8UayeftZzw	2021-12-25 13:17:34.838815+03
0iurxjay5j9so1p4qq8ooli1v1j3qdto	eyJjaXR5X2lkIjoyM30:1mvzYy:JD3kd8vM-D-jcmWBClvTCA68bLe_LeS99sBSLwXrX8E	2021-12-25 13:25:08.527346+03
n5jsb1futobsum9rg8e3tixnsg6u9w3e	eyJjaXR5X2lkIjoyM30:1mw0uE:__2n6rMo5GjZSQmAgDptAGpodznxYPf1kqJqJ5l3dRQ	2021-12-25 14:51:10.241935+03
2jb1tedmyeq20j9kzw1t15368786jqd4	eyJjaXR5X2lkIjoyM30:1mw1BB:-tHxm46ImKkn8fG-Fr0cLjsYw3qrRVK6TvL-1n2L7oY	2021-12-25 15:08:41.272909+03
fe4m6hseexrcns2xvpmmplpmp0egi9p5	eyJjaXR5X2lkIjoyM30:1mw1KL:5flS7qB2BkpN5RjVEUHxdgK4zO9h_bfoCO3ypEsx27c	2021-12-25 15:18:09.991887+03
2rk2xa3eojydz0uvxlh99d358t2hmwmu	eyJjaXR5X2lkIjoyM30:1mw1l7:92Z6GoCdPGT5t9j3kQzf1Aa8TKqX5uwnNHvrMCrDX1k	2021-12-25 15:45:49.399464+03
rapjzi5yt3xroy8vsd1i8omm39agrtny	eyJjaXR5X2lkIjoyM30:1mw1mw:B7k7fjOo_ic1RXwgfHTQ9SLCJY7JFfsazpK10x9IfSU	2021-12-25 15:47:42.405201+03
ghsp8gfdvbpui4jkx4kimmtve806x1p2	eyJjaXR5X2lkIjoyM30:1mw1oK:lXhOj3_Uh6YXSvP3boZC041ngTr-XEK1UM52ql_h2ds	2021-12-25 15:49:08.693127+03
5ie0zltoi8wnb283iihmuc529829ssla	eyJjaXR5X2lkIjoyM30:1mw1pF:DMDRTK4pnpGyCGF-I2JvdrEFYEHKTYwSj6ZKX10Rlpc	2021-12-25 15:50:05.214488+03
ezldy9pogjy00j31a27dwffabwk85p4h	eyJjaXR5X2lkIjoyM30:1mw1vL:8Klz69lwc6o7GbCokD7uAiZLeJ6QZT1nrDsPszRypX0	2021-12-25 15:56:23.788401+03
3b3cf3ywip6uxd41xiu25gr0ih1w7ix5	eyJjaXR5X2lkIjoyM30:1mw2R2:dzhLzyI_uoUJgJ-cx2mizAjfAqRD5zUTjuA8EDOXEAw	2021-12-25 16:29:08.726263+03
9t5cnmudyfqi8jmy2j3mu2gg6umazw00	eyJjaXR5X2lkIjoyM30:1mw2VO:sXatSElnPnyjjV-Y9_vichPu37CjJcdU8PRw8_DdV-E	2021-12-25 16:33:38.920454+03
xeyxrlezlo28dvl3r9eklgocrsqu4z4f	eyJjaXR5X2lkIjoyM30:1mw2il:dq-f4h1G_mmkiNeLsFTwrRkdFxSy4IEJ4-XWeVVsHPI	2021-12-25 16:47:27.766668+03
t159h6qvgow0q7vyq7otmsn2gomwambh	eyJjaXR5X2lkIjoyM30:1mw362:hzjcOkKOgzi597w5orTKPGRm5CEoEWuaqFVfzuoin1I	2021-12-25 17:11:30.914222+03
d3y0kwi2pg7srhfuh0srsgh5nfxgkjel	eyJjaXR5X2lkIjoyM30:1mw3CU:adrA-ynG6DaG4d5yeqP93BkL7GZvn8_sQrhY0Pkv22s	2021-12-25 17:18:10.564237+03
0yhxgkn090m6if39i54dosiqbgl32lyb	eyJjaXR5X2lkIjoyM30:1mw3hS:K6VjUBgfcjpvn2XIghaVdH1FAH-bGPYLDSARQyEMmLU	2021-12-25 17:50:10.226672+03
d8rs4vf93qk7a5ctra02mwlzswb7me49	eyJjaXR5X2lkIjoyM30:1mw3wv:o-gK3aWEBmw4ClDzkzyns7ARBEKeWVGfrfyH0ueaBqE	2021-12-25 18:06:09.98845+03
1m601azwlkmsxi0w5b8478mny6gdb8i4	eyJjaXR5X2lkIjoyM30:1mw482:GJ9bZpYT7y10wmrABBQ3Vg17NlM8MIoQXM-t_eDPPwg	2021-12-25 18:17:38.541863+03
ux3ue18wkswwlbkgs7ljgysgjjg25qcb	eyJjaXR5X2lkIjoyM30:1mw4HS:VZRyqgdJm1bhJZIPsAjFGnQSsO9n56Qn00lhNN42qfg	2021-12-25 18:27:22.90211+03
1rft1i082bez7ywovfgfg79ouztmogoj	eyJjaXR5X2lkIjoyM30:1mw6Pk:1BPhgc5SqTWM9-d8JKc0Khe6OxNIggxhAMklHfx6ulU	2021-12-25 20:44:04.837617+03
e9b8qp4b7egs4ww8df170wegbxkos8ap	eyJjaXR5X2lkIjoyM30:1mw84v:WiLuPcDzbpV2FraYD-c82i7G6K7Vxb6vZ-SAhtqlxVs	2021-12-25 22:30:41.925449+03
bcag9b1ocxj414zn5f0yi13c6bs4i7g8	eyJjaXR5X2lkIjoyM30:1mw9hH:6nBdwDyxWUfIcbjCoCeCeoTtVj89wmYyPqQ52LmIS0Q	2021-12-26 00:14:23.638995+03
5202i4pk1186bunf0pnhct17p0sph5yb	eyJjaXR5X2lkIjoyM30:1mwAWS:jBgA1t0-_37EJt3zvUQpDh_-DAdhvR0LSXT1pCLS6UQ	2021-12-26 01:07:16.15133+03
lalldd2x1vuo3o1pqovyb0onv0yxm4zf	eyJjaXR5X2lkIjoyM30:1mwFlS:-aPC5Um5w6v9hvledx3fLtHt6VjKB3E1zZPx0KXzR5U	2021-12-26 06:43:06.234256+03
ifus4g6szihjwspztdx8o2lwtvv29ivd	eyJjaXR5X2lkIjoyM30:1mwFr1:Dt6vxQcXgHE8m8woBgy3xYBJPFQMj51fBd3oyegaS7o	2021-12-26 06:48:51.357235+03
zuvm44y4eue4kqdh00d96u36ciuwnebx	eyJjaXR5X2lkIjoyM30:1mwFwD:Siz3Y_s8fefR2vkWGd0TqYP37EPliM0Cevqx8SHUWs8	2021-12-26 06:54:13.559934+03
u5vkkejl9p5iuq2svygkt0ueyp9gwjs4	eyJjaXR5X2lkIjoyM30:1mwGNB:RRoVLOPTn71BsYf-Z8G5FsGzqlr6EObM8Ec7vM4f5Yw	2021-12-26 07:22:05.475695+03
sr6kd74odwppci1d2w5j3fp8i3bxdwv4	eyJjaXR5X2lkIjoyM30:1mwGsf:NnZzB2S2LDm8zPMhJOxXmHnpSrlNB2Hz9pirBWgzpmw	2021-12-26 07:54:37.486123+03
mppmqveterynvp13iosrhp1k8xgg2x0c	eyJjaXR5X2lkIjoyM30:1mwHLH:owTiS-6CXg0uOOH4ngs4YgaiX0jC-z_0Kv2CnszqMns	2021-12-26 08:24:11.605974+03
s2keqsbpujrxxs9xobfwc66o4v1rb9k9	eyJjaXR5X2lkIjoyM30:1mwHe9:vN8k7MQ55KyCpjTHWiUdZ7yNprpzjrjkBXiQG4bcuug	2021-12-26 08:43:41.162216+03
aeqh3rzp55l6oaur4djla78svnjxbfym	eyJjaXR5X2lkIjoyM30:1mwIFl:meT71I2WyooD0O10vunxQ4HlYK14VoodiE8YnwC3Qdo	2021-12-26 09:22:33.483211+03
0a2xwm0q7to0vyv59zj5bynzux6h02po	.eJxVjEEOwiAQRe_C2hAEShmX7nuGZqYMghpIWrowxrtrTTfdvvf-f4spt9eYg7hocxIjri2N68LzHwnnxAESTg8umwl3LLcqp1ranEluidztIoca-Hnd28NBwiX91kQae0vsTSDnvPKavTLEoD1Y7ZEiBmJHsessAQGAO8desTLA3FsrPl_msDxM:1mwImL:UCgGJSFi9iA5tdpzXT0X3xg5smExSBErOkFW9q7ElCA	2021-12-26 09:56:13.081506+03
ip7o9f4qk1ofcpjydxtwp4h7peel9dpq	eyJjaXR5X2lkIjoyM30:1mwIuX:LdrbdFKec4l_RQ6GI67Wx_qGTpV5rdE0LpgZb--1eq4	2021-12-26 10:04:41.261389+03
i8a6enpp6s7lf8n4hjkvsxwx02nnnp5x	eyJjaXR5X2lkIjoyM30:1mwIvc:ehGSJL3e0lSY5XXSfSMAi__dMSPKiy9HSfF784PqVbA	2021-12-26 10:05:48.528879+03
l370dht4actj9qgxlq6i28lnzzubaccg	eyJjaXR5X2lkIjoyM30:1mwJyC:5V3wCe1Lde7mkOPXz9SOdkKnhK7hqNfAjpCmxBvMNvk	2021-12-26 11:12:32.342442+03
z9fasfgu5oxzp1k4xqu7a27hyjyfresi	eyJjaXR5X2lkIjoyM30:1mwJzT:gdBvSDiKabD1DOF3hzoHARNDUzM74S8Dj40bN6wpoZw	2021-12-26 11:13:51.302839+03
07rt2bakqpn4n1kuujw2oan8xikkn6jr	eyJjaXR5X2lkIjoxfQ:1mwK6k:I4NVxo0lkrTiFTiXJgA-DtVA5VI3WE7Ys5IYwZYalOc	2021-12-26 11:21:22.647651+03
ld60wfh0b306xngb1k8wv4je99fp2cgp	eyJjaXR5X2lkIjoyM30:1mwOss:RK8j0kniWqdLxjSOmgXSeoWdPbXiH-8K07cykPINhwo	2021-12-26 16:27:22.965842+03
e50v1nc65xhvir0ji1fm6vn334wemt5u	eyJjaXR5X2lkIjoyM30:1mwU9v:z1RhBWRiFCOFpba8KVtJFqJmiTiCX-3qBo2tkzIf00E	2021-12-26 22:05:19.396017+03
gw9c5q5fx7t3541t0lcrxv6t9l8v8bm4	eyJjaXR5X2lkIjoyM30:1mwYCA:TfNTLdoN7Yt0dsvd-gPkLycztdMTTKKjQJHppCDj7pw	2021-12-27 02:23:54.057716+03
mppthrwkc748868rmdybxg225kghtupg	eyJjaXR5X2lkIjoyM30:1mwYxP:6TjPISWgbEzLYm5MOTqV8kPVlAgTM5eyNpiQDLl63Jw	2021-12-27 03:12:43.646025+03
580dltkelo0m4fe709jm85fgjt14ygp3	eyJjaXR5X2lkIjoyM30:1mwYxQ:C9_C2Ekn9wxQwKb0rYX9CBCHiiFah4JqK2ilBUnV2o8	2021-12-27 03:12:44.626596+03
278tx9gc7mjtz1ltp517r2zvab65l4tg	eyJjaXR5X2lkIjoyM30:1mwYzL:inbYheii64t5GiHxYf4BQ5LRg95sGFx99D-9UfREhVE	2021-12-27 03:14:43.738204+03
hbqobpmr7pi8r4qxzhn8yn9tt724xeeq	eyJjaXR5X2lkIjoyM30:1mwYzM:ACVF0g18HjZ1Bn1qVGK5FuLjpiLBi5A7jpQFTTWTItI	2021-12-27 03:14:44.737141+03
dp80wrircotq0yes66uufmpennbcn3rx	eyJjaXR5X2lkIjoyM30:1mwYzN:XQtoTrLJXN0Rt5yRFZeUh4ahkCoHlkF5a43d2pdYJYY	2021-12-27 03:14:45.331083+03
hvvqzta6ydm0t06v140ltrvmduyna8ce	eyJjaXR5X2lkIjoyM30:1mwZ1V:JyDYg-xDTt4roUI99uYF2VNlGz62eBbwj5kVm_Le6m0	2021-12-27 03:16:57.9255+03
wkhac4601uoqtqf6q7mvnhgirjvamvqa	eyJjaXR5X2lkIjoyM30:1mwdo0:SEv04L2R_hIzPiy7HYl-uduATxJMAMVrWuirGlzNGM4	2021-12-27 08:23:20.270747+03
nv3m2b63c0og6tlnlmdpl4ivcvkmgw9p	eyJjaXR5X2lkIjoyM30:1mwdvk:gV7Ihj-x9wV3k69gaNe_-Axa6IrdbjlxrXcK-Dds8h0	2021-12-27 08:31:20.137024+03
fbe403elup1anjs2k9yd6fua00cg9rcv	eyJjaXR5X2lkIjoyM30:1mwdvm:dlWajpHQPGLHBbVEhp83Ii05xgER7HUKcqOR-SI33Gs	2021-12-27 08:31:22.270016+03
3vqpd2l3smedu6xc0evswdmfx6tqxqig	eyJjaXR5X2lkIjoyM30:1mwdvm:dlWajpHQPGLHBbVEhp83Ii05xgER7HUKcqOR-SI33Gs	2021-12-27 08:31:22.525732+03
pkhbzwl46f17qrarkxwpgfl0qlezs8d2	eyJjaXR5X2lkIjoyM30:1mwdvm:dlWajpHQPGLHBbVEhp83Ii05xgER7HUKcqOR-SI33Gs	2021-12-27 08:31:22.77607+03
e76gmkyyeufpvvql2wyafmxzyqjj87n5	eyJjaXR5X2lkIjoyM30:1mwdvm:dlWajpHQPGLHBbVEhp83Ii05xgER7HUKcqOR-SI33Gs	2021-12-27 08:31:22.868576+03
t6oyx3jw7st3of41nryhfn2kh4rflntu	eyJjaXR5X2lkIjoyM30:1mwdvm:dlWajpHQPGLHBbVEhp83Ii05xgER7HUKcqOR-SI33Gs	2021-12-27 08:31:22.960374+03
lyikocdqdsxaryvzyadeuq7yx26yhg9j	eyJjaXR5X2lkIjoyM30:1mwdvn:thXi3KzbdGHQYVekF4hADedKRzxoCOTC9qYH1DVGUVE	2021-12-27 08:31:23.054294+03
l1q3e3k1p0pyxjubxcmopnyozytcukdr	eyJjaXR5X2lkIjoyM30:1mwdvn:thXi3KzbdGHQYVekF4hADedKRzxoCOTC9qYH1DVGUVE	2021-12-27 08:31:23.406044+03
xfriubytrpfczrgheyfuew4jetaufnm5	eyJjaXR5X2lkIjoyM30:1mwdvn:thXi3KzbdGHQYVekF4hADedKRzxoCOTC9qYH1DVGUVE	2021-12-27 08:31:23.425564+03
p9m1b8ipzh0f7cml94p2s21iewwj7th7	eyJjaXR5X2lkIjoyM30:1mwe1e:5jYbn80DMppHGZlgMAwIkX7Kmu-8IyMh-CduOVjl9hI	2021-12-27 08:37:26.16188+03
q567ao0v2qlh7dje8xmy16td1yx4h268	eyJjaXR5X2lkIjoyM30:1mwe1e:5jYbn80DMppHGZlgMAwIkX7Kmu-8IyMh-CduOVjl9hI	2021-12-27 08:37:26.261113+03
pz7ypdrlzbx9fhzlqpa6iird4dlykdnc	eyJjaXR5X2lkIjoyM30:1mwe1e:5jYbn80DMppHGZlgMAwIkX7Kmu-8IyMh-CduOVjl9hI	2021-12-27 08:37:26.356651+03
69fom9j3x28cjoquepl8tgxrrprsjcsu	eyJjaXR5X2lkIjoyM30:1mwe1e:5jYbn80DMppHGZlgMAwIkX7Kmu-8IyMh-CduOVjl9hI	2021-12-27 08:37:26.452482+03
qwj6dwytabexbiyigyzanmyb37nln5pf	eyJjaXR5X2lkIjoyM30:1mwe1e:5jYbn80DMppHGZlgMAwIkX7Kmu-8IyMh-CduOVjl9hI	2021-12-27 08:37:26.5477+03
t8gx9ueets8s5ds9znvszv2h4ywtxokg	eyJjaXR5X2lkIjoyM30:1mwe1e:5jYbn80DMppHGZlgMAwIkX7Kmu-8IyMh-CduOVjl9hI	2021-12-27 08:37:26.641375+03
oi6k6ecx95ntvewwshdjl0v2ftwekz21	eyJjaXR5X2lkIjoyM30:1mweFC:x43ot--ccYAFgY2EFhMaIDOObKNtY_fiVzkql7eNtIU	2021-12-27 08:51:26.468038+03
8nzg7padyubprjbenf47wgzlutrmtm5e	eyJjaXR5X2lkIjoyM30:1mweV8:oOPOaz_t87TH4CYsUvCXXwt8FzSajt5oKBoZ2W1IKpU	2021-12-27 09:07:54.523291+03
u6ln1g00xqvaapimzbb8i2bwlahetgas	eyJjaXR5X2lkIjoyM30:1mweVC:wJ9Pe8hul7lKaNrsgcB-K9LfVam-1ZszSfmxby5FYKk	2021-12-27 09:07:58.465035+03
l6twj9lda84j2741jr7epv8wj2grjrib	eyJjaXR5X2lkIjoyM30:1mwefm:ferhTv9kJ3_v1tEBXT2edFBHHd7UiV7TeVs7FNSmKEw	2021-12-27 09:18:54.686373+03
pm1ll1ptommfx5hggrbu3zt5f8bbn4v4	eyJjaXR5X2lkIjoyM30:1mwekx:kLuXAf7xE-gENZNUGbwp0BqaI3VapXoyABcf_3tau3A	2021-12-27 09:24:15.310428+03
zcebbg6daz95qqkqtg3e8xpt4fubhlas	eyJjaXR5X2lkIjoyM30:1mwemT:kPiUpcpiYpIliZq2qFMB8p575UprxsiaRobmnd61oIw	2021-12-27 09:25:49.284061+03
dtx0s6znzwgx9unisb6vhpls416skyfg	eyJjaXR5X2lkIjoyM30:1mwes1:h4BcI8I8GBoJ7pJ65ChtXq06tO022-FOjHQiI2HdTFQ	2021-12-27 09:31:33.514524+03
ogrputddqjkztt4u4yb3vvug0dmzbojb	eyJjaXR5X2lkIjoyM30:1mwetr:nSejzHMXV4E36xDvcIJP1DtXV_swhJN6ZCJZBGeMI58	2021-12-27 09:33:27.515885+03
cy5xmwbnw7c5xjncncpa3trcezt8nu3m	eyJjaXR5X2lkIjoyM30:1mwfFx:q1LjC9TKEwOzEJS2clfVZkvnlTffrVnrcZQprFNRyus	2021-12-27 09:56:17.846385+03
2jr6v1lctyhcyvkfimlydjdvtfqaei80	eyJjaXR5X2lkIjoyM30:1mwfTd:0wM46b9pgcT6opuDuVZo4pfexceU5_RvJptk8hMwKTc	2021-12-27 10:10:25.068183+03
j9yit7y0frw6q4cmf4pvshajf0phfj4x	eyJjaXR5X2lkIjoyM30:1mwg2x:HPrH43Baj6DxxF9Owrvtgyt79ktuvLP5Z9za4CV9Vf0	2021-12-27 10:46:55.393142+03
587ug7ztfy5icihpw8a8rrzxdxx07smf	eyJjaXR5X2lkIjoyM30:1mwg9f:0cxZ83KxPe5yWU7vw8nzFvmOZ_jtlPY_J6Wo9uuny40	2021-12-27 10:53:51.626832+03
y657o4kkze5zjdyk10bzv643sj7581dk	eyJjaXR5X2lkIjoyM30:1mwgBm:EGzkv0YSepChU7wOTMvd43NW8GHXwrC8hgQTLCnXgt0	2021-12-27 10:56:02.170854+03
w4n8wk3eiprcq0qo5paxrwd1wy15yeul	eyJjaXR5X2lkIjoyM30:1mwgGs:DngHf9PzfnQJO07mkgFyEshXe5EPoR_HATtH_u1QHa0	2021-12-27 11:01:18.123737+03
5kiq7x5dv966xnqs233728bt1b0r3rq3	eyJjaXR5X2lkIjoyM30:1mwgLJ:Mt1FJ04hqBThwXtEHXk3L8evthpChMWn7FVlRGoIvlg	2021-12-27 11:05:53.454182+03
5jhasgarq57kel0tiscpaiimaaf3u3d5	eyJjaXR5X2lkIjoyM30:1mwgNw:UARBY9YGDyWSvRpqxd1dHNDglqsu67SRtrRxYk1Dhes	2021-12-27 11:08:36.458187+03
h3chp31jmv1x88yt5bbe670kn476w4nn	eyJjaXR5X2lkIjoyM30:1mwgRs:wf_qzpKDjtVpIyyw1MwD45ioo4OZ4sn-HBVvDBwo9kw	2021-12-27 11:12:40.514753+03
z9ay5fd77dujgmjhzx0egqvgbffoq7bv	eyJjaXR5X2lkIjoyM30:1mwgS0:VYSg2M33FSCOm08j28_k_N5RnEoWgEeXhnsADNGZiJA	2021-12-27 11:12:48.128656+03
d9z5jiqmoamgremkpvfnpyd0v0h285y3	eyJjaXR5X2lkIjoyM30:1mwgXA:3oG_TK6q1Q_ysTBs8bpCHLHpmF5T37pU4gqB7uGitic	2021-12-27 11:18:08.967379+03
b2mu42dqyg1rtlrdltsghvt0eicsjjla	eyJjaXR5X2lkIjoyM30:1mwgYV:WWg_yR2ZnN0KAxeKyxArxM-e8WyrR2UOI6LnWGVPSmw	2021-12-27 11:19:31.929728+03
13ubr7b3kdhlt3gvc45xwatax58z3sns	eyJjaXR5X2lkIjoxfQ:1mwgZp:t_82DbkcH4RhhSQ1HZwCfIuSo4aK5yfrlGcFrk-rHaY	2021-12-27 11:20:53.664899+03
nmse9p8ygbpr66umqp8p91pfrqojfinc	eyJjaXR5X2lkIjoyM30:1mwggB:ERiEiRzwH5124fFKkpoKMzk0PVMn4u-0vJ81-Rihor8	2021-12-27 11:27:27.505908+03
4iqhlquv7z0g44c6hs8mqfdq1mpsss7d	eyJjaXR5X2lkIjoyM30:1mwgwK:_N4sqGrtNvry2LWBzRKz1sz5w7tJeUFp_J98UDDYAq0	2021-12-27 11:44:08.333813+03
554dw0sg3u3jo39xasg8mi4v6qo3cpn4	eyJjaXR5X2lkIjoyM30:1mwhCV:bcuFyYg194oZeVKc0e02LdW7qo5k2ZRxE8piTjMMmD0	2021-12-27 12:00:51.471282+03
cvxprgi4gg8j7iukg27k0ykh1nffgwrr	eyJjaXR5X2lkIjoyM30:1mwhCg:8soHpeOa8pMfcH0T1ruxlnHpFBgiDkI0_T9Pm__6Kc8	2021-12-27 12:01:02.154834+03
e9yujij94liiks1b8xsjkytkg68emnf6	eyJjaXR5X2lkIjoyM30:1mwhD2:E58UQpTLgr-ChApemB3FTpH-3HPFVpgNksbTkXa4KaM	2021-12-27 12:01:24.114636+03
ubtdtt2wmm74gct07kfelwhrfc9pyt52	eyJjaXR5X2lkIjoyM30:1mwhDT:bZFj-RJwK7SDirwny0-rwkvejMAQn9WqmVpWTQ7hGk8	2021-12-27 12:01:51.607948+03
pj61qgifxdemhfzkgevarqfapegpeuik	eyJjaXR5X2lkIjoyM30:1mwhE7:3rugjDy5QfyUn9X6uJrpDip3G0DpypPDURfzrWyWtGI	2021-12-27 12:02:31.900789+03
ncf3wvzbrlxwaftzt5o3imwhji6u35s4	eyJjaXR5X2lkIjoyM30:1mwhNw:adGnQolVJdM5uxATWWZAykxrcg-erSy7x04ycxoiOsM	2021-12-27 12:12:40.402977+03
9tbe89uq3860inyxqut1mbae3wykzkpb	eyJjaXR5X2lkIjoyM30:1mwhWy:tE6cMTRsiTk4KJw3uR85EO-iiCJtcctWzr4sOM5URQc	2021-12-27 12:22:00.994419+03
z2u1w69zlsoxsb1egpq46dp7a6lfwc1c	eyJjaXR5X2lkIjoyM30:1mwhjP:LX6Hnox3YU8jIYYM5uCUNeCczPPvGPTETPb1T-NSzIQ	2021-12-27 12:34:51.822143+03
qrmrcueyq4077rultk9imfbz7l5r5i5j	eyJjaXR5X2lkIjoyM30:1mwi5T:vGpB0yf0lK47gkM1EeAJFmKJc2pap_h0B6gRecCGnh8	2021-12-27 12:57:39.353232+03
lm942wanhfdj2zubbk26l8gyf8ydyzhs	eyJjaXR5X2lkIjoyM30:1mwi5V:q-UUpKh1YSxCbhk-aLIOkSSslbgpKqSmX8W1PQuEcd8	2021-12-27 12:57:41.39495+03
rn81ufip02tx8b3ljglk942whnuw8kvj	eyJjaXR5X2lkIjoyM30:1mwiQ5:uIyickXH5BBe99Bn2ejYF3EUe39vW44cn750QkZKVQM	2021-12-27 13:18:57.861915+03
ztwta3qrel82mo8ji1uv4xs5kj1999ix	eyJjaXR5X2lkIjoyM30:1mwiYH:sVimTRQhJCuvzLndZOgCmd-wTL0x8hFivjIonmmIblQ	2021-12-27 13:27:25.268509+03
5ubtbe6b02k8e6xy8gp8bxjs9w96p3q4	eyJjaXR5X2lkIjoyM30:1mwia2:edc6Y9sRPp3BVmRZxWRBki7yLyhIjNOhK4saoI9CERM	2021-12-27 13:29:14.037549+03
ng6epptp77lxiawgtjmsbiqenistjr0j	eyJjaXR5X2lkIjoyM30:1mwj92:RGsE-TaYIgETMBpwLWw7qKkHAWTAl8WfIi-O9PvnmuU	2021-12-27 14:05:24.647393+03
2ipui2fu21y5a1482q3vs3o27q2y0w3f	eyJjaXR5X2lkIjoyM30:1mwjHK:6F49S75hgONPmyd-5d2a-BCZhx2AtRxsaSDLnzVfejc	2021-12-27 14:13:58.188309+03
beo8v2my54sk8uxcfhm4uyieh2xa20mr	eyJjaXR5X2lkIjoyM30:1mwjIM:LtbuoUeGhO2CXrfT_HSCYnB12X6759Uba4XP8yB1dUU	2021-12-27 14:15:02.934035+03
4iptsuqgqgii69paqwa5emhgnhos8cq1	eyJjaXR5X2lkIjoyM30:1mwjOd:m8PRzA5nu-MpWZQbjzjESjpUEh1mcmh87XmQG3edstg	2021-12-27 14:21:31.326986+03
x9mc05g2hz1gclvhk5n9q4nzzlyok074	eyJjaXR5X2lkIjoyM30:1mwjRy:vZGPcnxYvuXqXefoXK2ZTlXmCH9XerGBBCcxw3oROHM	2021-12-27 14:24:58.256328+03
babqp5i3r43fwxv1ebkly5qp80zt02gc	eyJjaXR5X2lkIjoyM30:1mwjTz:7LKD8YX4jZh3ma9QBr3nby9v9ORMJ82E208eH2I41WU	2021-12-27 14:27:03.09237+03
u5356uk25dphak1ruqjomewf5tpwu2si	eyJjaXR5X2lkIjoyM30:1mwjUU:_L4H9b5nisF_Ik9f34Vn1FQqEr4dZvzeQ17o7ImIAaw	2021-12-27 14:27:34.778912+03
32fl9kvwctgrjjnim2st6renw3sw6wj2	eyJjaXR5X2lkIjoyM30:1mwjXS:Wz573iogbQacKATmOsKXYuUn2gvYpyKzZHtjGkX-85M	2021-12-27 14:30:38.41051+03
ci0ruyywyo6h2l3zpga1tiez5iy20620	eyJjaXR5X2lkIjoyM30:1mwjbG:u70U_ero8BFeQTxJcgMFMxKZwo_YVoE9Ufy-sz0CFvU	2021-12-27 14:34:34.631846+03
cpl9k8wz1ywtg39b0otjlfj3pbyqaoqh	eyJjaXR5X2lkIjoyM30:1mwjbG:u70U_ero8BFeQTxJcgMFMxKZwo_YVoE9Ufy-sz0CFvU	2021-12-27 14:34:34.688335+03
9kt5bmm649uompr8k35oxtiu13kr9dd5	eyJjaXR5X2lkIjoyM30:1mwjbG:u70U_ero8BFeQTxJcgMFMxKZwo_YVoE9Ufy-sz0CFvU	2021-12-27 14:34:34.737266+03
sdeqal9ehfr59oebstxxzyby7p60dy8l	eyJjaXR5X2lkIjoyM30:1mwjbG:u70U_ero8BFeQTxJcgMFMxKZwo_YVoE9Ufy-sz0CFvU	2021-12-27 14:34:34.783278+03
n3dp68lid87fopr5n44ry1z7xqz33kzd	eyJjaXR5X2lkIjoyM30:1mwjbG:u70U_ero8BFeQTxJcgMFMxKZwo_YVoE9Ufy-sz0CFvU	2021-12-27 14:34:34.831722+03
nswvrrzy34uidackuz2arglhit3f2vvg	eyJjaXR5X2lkIjoyM30:1mwjbG:u70U_ero8BFeQTxJcgMFMxKZwo_YVoE9Ufy-sz0CFvU	2021-12-27 14:34:34.88001+03
qu2bvm8teketd5teed1qy8dza7dt0782	eyJjaXR5X2lkIjoyM30:1mwjbG:u70U_ero8BFeQTxJcgMFMxKZwo_YVoE9Ufy-sz0CFvU	2021-12-27 14:34:34.92404+03
j1g3jaars2vh2obsrfn5cq56xhmtgum0	eyJjaXR5X2lkIjoyM30:1mwjbG:u70U_ero8BFeQTxJcgMFMxKZwo_YVoE9Ufy-sz0CFvU	2021-12-27 14:34:34.966737+03
zo0s9uld5kokmfn79zzrg5m2woxamfkp	eyJjaXR5X2lkIjoyM30:1mwjbH:qbxCv6kFmrYCI1cjAgKxWqHlJvOnmR3WhlfmdYxAM6Q	2021-12-27 14:34:35.009782+03
nbehj4v992uhc1drz54bol5ohepgs5i7	eyJjaXR5X2lkIjoyM30:1mwjbH:qbxCv6kFmrYCI1cjAgKxWqHlJvOnmR3WhlfmdYxAM6Q	2021-12-27 14:34:35.058621+03
z5kwt0tx4gcxuz93f7enhei67badppow	eyJjaXR5X2lkIjoyM30:1mwjbH:qbxCv6kFmrYCI1cjAgKxWqHlJvOnmR3WhlfmdYxAM6Q	2021-12-27 14:34:35.107883+03
s7hg4kzny7zh77dy1tvmnji8nswqpq71	eyJjaXR5X2lkIjoyM30:1mwjbH:qbxCv6kFmrYCI1cjAgKxWqHlJvOnmR3WhlfmdYxAM6Q	2021-12-27 14:34:35.169011+03
9hmgzo2gb2l4k4y8dgu7mpeotfro0dml	eyJjaXR5X2lkIjoyM30:1mwjbH:qbxCv6kFmrYCI1cjAgKxWqHlJvOnmR3WhlfmdYxAM6Q	2021-12-27 14:34:35.212757+03
616cqr3m5nr80b29tya8l2h1w7cgprlx	eyJjaXR5X2lkIjoyM30:1mwjbH:qbxCv6kFmrYCI1cjAgKxWqHlJvOnmR3WhlfmdYxAM6Q	2021-12-27 14:34:35.270433+03
cpeelh22g2wpzq4sg6jwqts9akdqdzju	eyJjaXR5X2lkIjoyM30:1mwjbH:qbxCv6kFmrYCI1cjAgKxWqHlJvOnmR3WhlfmdYxAM6Q	2021-12-27 14:34:35.317539+03
113go2xnxtlcpramnuuscx31070q4gku	eyJjaXR5X2lkIjoyM30:1mwjbH:qbxCv6kFmrYCI1cjAgKxWqHlJvOnmR3WhlfmdYxAM6Q	2021-12-27 14:34:35.368511+03
pnxy970x5b61pywlqtvva1xb2asnmo91	eyJjaXR5X2lkIjoyM30:1mwjbH:qbxCv6kFmrYCI1cjAgKxWqHlJvOnmR3WhlfmdYxAM6Q	2021-12-27 14:34:35.519337+03
gbuvta9t21crdrh3jntoh2x3y9xn12g8	eyJjaXR5X2lkIjoyM30:1mwjbH:qbxCv6kFmrYCI1cjAgKxWqHlJvOnmR3WhlfmdYxAM6Q	2021-12-27 14:34:35.562105+03
7vom0d5pv4odcr4tqe7kr33tr4fv11di	eyJjaXR5X2lkIjoyM30:1mwjbH:qbxCv6kFmrYCI1cjAgKxWqHlJvOnmR3WhlfmdYxAM6Q	2021-12-27 14:34:35.606549+03
3prw2qian6g4grd3ka7f1c0wkyykbcr3	eyJjaXR5X2lkIjoyM30:1mwjbH:qbxCv6kFmrYCI1cjAgKxWqHlJvOnmR3WhlfmdYxAM6Q	2021-12-27 14:34:35.648482+03
4tixjjaedfsvjezjqpoeytydav7se6si	eyJjaXR5X2lkIjoyM30:1mwjbH:qbxCv6kFmrYCI1cjAgKxWqHlJvOnmR3WhlfmdYxAM6Q	2021-12-27 14:34:35.694892+03
11898w34g1tmys7cvwakx7rpq0d7hsxb	eyJjaXR5X2lkIjoyM30:1mwjbH:qbxCv6kFmrYCI1cjAgKxWqHlJvOnmR3WhlfmdYxAM6Q	2021-12-27 14:34:35.879896+03
frlbthkp86m8w60nb94h1qlvlp7n95hf	eyJjaXR5X2lkIjoyM30:1mwjbI:Pq3YgZkLJGTc2Yq6WGP8NS8hnvBvAjI8nNEE_yWag1E	2021-12-27 14:34:36.291132+03
gam1ugfzpmayy8tiwv8ndp5jju16iz2x	eyJjaXR5X2lkIjoyM30:1mwjd1:O02CKUos2bS5kDtm5XDMG5ggf_KLQyy2dT451SZHsNQ	2021-12-27 14:36:23.513003+03
deqvjkb45bzo91ptptrhh0m3itqp44i3	eyJjaXR5X2lkIjoyM30:1mwjoa:IITMyZxGmkR8kqNeEge9Alq0OwbxlOg7O8DNqq35T_M	2021-12-27 14:48:20.65476+03
15lm5946b1ab4b0npg6f5w6wtvgadxai	eyJjaXR5X2lkIjoyM30:1mwjtX:kE7fZ9qtSPXd95NF7CnyInhGPHCrZjB-tmbn_i965gA	2021-12-27 14:53:27.383823+03
49a94m0uv62fztfaqhrfwmhjm5cbtvm3	eyJjaXR5X2lkIjoyM30:1mwjuy:Zu8xonQyaKpIliruzGyu60Vzdwa5TO4WYEclhUrTwo4	2021-12-27 14:54:56.586318+03
hii5dij5ft767zx04w76br87efb7ll9e	eyJjaXR5X2lkIjoyM30:1mwkOQ:86erz-8CUT_iYQ9vkpqNnK4jdmb4TcurhmEPDV6CKss	2021-12-27 15:25:22.914449+03
978me3tl0ayd04sr4i197or7y2qhyfg8	eyJjaXR5X2lkIjoyM30:1mwkT2:dqh1DfuKX25nBpiS9nM14qXeCG9Kl04k6MaqCVhHkSI	2021-12-27 15:30:08.42705+03
9slu3ovfxc8lekry7od778ju5tc0rzqg	eyJjaXR5X2lkIjoyM30:1mwkTJ:aj7LbIzEefmbinYYTPNdbPrk5-TLMGUM3B9UEu1-iDo	2021-12-27 15:30:25.514267+03
f1tcc89ntgx2373g2bm162vdfmwoc53z	eyJjaXR5X2lkIjoyM30:1mwkhB:Gns0jmwSPdb24pX55N4Xb5N6jZRaVvQkO4ewlv1uNXg	2021-12-27 15:44:45.428009+03
5z3d4plrnc4k6vidf6z6q64zgquz2gt0	eyJjaXR5X2lkIjoyM30:1mwknA:L5Oc05rRptqEKo_R_3w4siz-TVzjuMKMa3fqpa2E3Ug	2021-12-27 15:50:56.349754+03
wzpvb06inmrcncwxqccienu9xcl6g3hu	eyJjaXR5X2lkIjoyM30:1mwkom:y7ImfYZULJV1-Wa5FrJEhBL0SOOVrpkEdM4n8cdL_O0	2021-12-27 15:52:36.134625+03
t3xkjgvpa5j15y8tp69v6avmvej0st8d	eyJjaXR5X2lkIjoyM30:1mwkon:vglihm9VRTZBaPcuFf5IQK19MwfPg6r4446o_MriN0s	2021-12-27 15:52:37.602528+03
msz8gor1oqk683yftwmryr221yi0ek3v	eyJjaXR5X2lkIjoyM30:1mwkon:vglihm9VRTZBaPcuFf5IQK19MwfPg6r4446o_MriN0s	2021-12-27 15:52:37.699777+03
4jiz6tqd2qtn1evtjkpwio8c0p1tgpoc	eyJjaXR5X2lkIjoyM30:1mwkon:vglihm9VRTZBaPcuFf5IQK19MwfPg6r4446o_MriN0s	2021-12-27 15:52:37.96737+03
0bh9r8c8qeq80mr7gewavae2armlif6y	eyJjaXR5X2lkIjoyM30:1mwkoo:eLCSbf7axlWnHAZfYyHlT_2B6IqiaVfHXex9VgbRXzA	2021-12-27 15:52:38.064532+03
0ayqt6irwnf2bnbmaks7i9cc1omcw41x	eyJjaXR5X2lkIjoyM30:1mwkoo:eLCSbf7axlWnHAZfYyHlT_2B6IqiaVfHXex9VgbRXzA	2021-12-27 15:52:38.24378+03
uhmr2nf3ajfe2v30ye4myb7xnio0klun	eyJjaXR5X2lkIjoyM30:1mwkoo:eLCSbf7axlWnHAZfYyHlT_2B6IqiaVfHXex9VgbRXzA	2021-12-27 15:52:38.339951+03
clrb280tcet89lptb6qsqqk1cljcdh8v	eyJjaXR5X2lkIjoyM30:1mwl9P:DiobiSuq11sIOa4hsvbs8Ahnqyl8r_dd_qNFQXQaPnU	2021-12-27 16:13:55.504329+03
df7lylqv65v6khz6w7n3iwetq1sa3ksc	eyJjaXR5X2lkIjoyM30:1mwlUA:yCcQJV_WHdZkH-7oGJSO1kS42y2fjpPTFMSVDgLMYBU	2021-12-27 16:35:22.757181+03
srsr1e7sdzkcmqo4jxbfsfsrnw9j3au1	eyJjaXR5X2lkIjoyM30:1mwlXK:hS7OIk8V7upGoYsKa_TOGrxFAwDdXhy5PpJnsYjKXAw	2021-12-27 16:38:38.104031+03
df57kwnjmm253f4r3yon5ce6w8qi6lu2	eyJjaXR5X2lkIjoyM30:1mwlXn:XjSjpPT0VvAvMqoDSYHOzS_3RegxZvUmHg45U3BbvTk	2021-12-27 16:39:07.826658+03
a8iny90ht2a1f9bptudvwz7mle5xclhs	eyJjaXR5X2lkIjoyM30:1mwlZg:c5o2zqGt1dAwBeXxXJLOEt74hi16FJMcmK9_xPO4PLA	2021-12-27 16:41:04.612663+03
7hvoten7txevo9dczmo6dlt6mufdlute	eyJjaXR5X2lkIjoyM30:1mwlcp:O1FUD-ULrUvHg-w_KS_dfoGdTN6skTOODBh-hUViE7U	2021-12-27 16:44:19.605954+03
x84tij8m96xroi5ohmdjev2mdmtmvltp	eyJjaXR5X2lkIjoyM30:1mwlnd:p7ivPrghF9yAVY4CXfC0MGNLCfAr06Vzb77dNqaWN0Q	2021-12-27 16:55:29.604719+03
d69vi6b5r86fyoxwqbpmfr0hf33wtm5w	eyJjaXR5X2lkIjoyM30:1mwlsy:qdItdVtu4vAY3LfFF3f_0k9n0LoHZL9q-ivlaLpE-18	2021-12-27 17:01:00.219228+03
b4tp8mxb4ulmv3rxm89qmxk5wxcjey85	eyJjaXR5X2lkIjoyM30:1mwm1o:OyI0AaTvK2QFcl8Ppc9ZsTmo1cTfoAsZFx-D3heNDu0	2021-12-27 17:10:08.433106+03
55wjn8c8s884eepdwzjjuwbik4lt5zqs	eyJjaXR5X2lkIjoyM30:1mwmDX:eZyxfxHCctnhkoFD09gnh0v9qU0nxlKei-_1Pgr2UHA	2021-12-27 17:22:15.763011+03
kdgbpon0l0jzb932bgb7aw8c63h2pto7	eyJjaXR5X2lkIjoyM30:1mwmLM:AC9ddEgXbFhUA14fFA8xEFywVV1-EUmXEHnWJbPivwo	2021-12-27 17:30:20.158129+03
ojjscvh9xup5kwt50f16v29wpjfsqcvy	eyJjaXR5X2lkIjoyM30:1mwmaL:YpXV9-ZkwTSAcQzPhC18-jZFs0q7UNiFCZtXW92c1fM	2021-12-27 17:45:49.107543+03
8erpz0ze15yfxjpox7buzp4n70fa214r	eyJjaXR5X2lkIjoyM30:1mwmwf:6BjrpA9KlFehCVmV6BAiRsLPEFSD--vfhgr-GqJuRqI	2021-12-27 18:08:53.111771+03
805npgbw2lz82xhf5x83mu5fs17x7xrv	eyJjaXR5X2lkIjoyM30:1mwn12:bpeLA7zb3StAyei1MMFmfWOHgK0KxWpn1fGUbXwR7uI	2021-12-27 18:13:24.611172+03
vviizb523u3rfylh0m78g1uue3vvfmjj	eyJjaXR5X2lkIjoyM30:1mwn1I:J6rhtbM1IfJCpqsGDSHZzcRSHnovXF-oGxBGMoQ3KaI	2021-12-27 18:13:40.503911+03
6py5h8qpet3mug8im6aj6cquujz7c30w	eyJjaXR5X2lkIjoyM30:1mwnD5:ikpzZFiDZd9Gkn5f-_j4H9E7Y0yGWHEnL_spylug2Gs	2021-12-27 18:25:51.790831+03
rj0k7uvkc9ft9lvuqiv8uo0gmt0346n4	eyJjaXR5X2lkIjoyM30:1mwnH3:s2C6BzyLG-kVAkt7vspJX_RUoTvTJ5AQ6crcg2c2tzE	2021-12-27 18:29:57.258707+03
y7q4d24txjjqvwqfo9crspmzmvkql3kz	eyJjaXR5X2lkIjoyM30:1mwnVN:-XuW5a1AOr5bSveLos_fvyC4uRokLeeUUiB9XQmJJeg	2021-12-27 18:44:45.672394+03
lhgzx64rwpjf3e8bbn8dpht2167r3z8f	eyJjaXR5X2lkIjoyM30:1mwnW5:aVB67517qyen_y-5mdoZdIN9mdiBmkioHldvlkRxTNw	2021-12-27 18:45:29.907582+03
rjiwk214cm6umuqbq0tya0hk7gtsp8ef	eyJjaXR5X2lkIjoyM30:1mwneM:qwhUH1myi84zf4lQEoRmB3jhOD3PLvfTtCO0viJ6fIs	2021-12-27 18:54:02.96206+03
ze4ig86fry2vad4b39yraj8d7jtq9q6g	eyJjaXR5X2lkIjoyM30:1mwnm7:tPKcCcwsDxp619lTy8ndKw6gB9-IsI204XH3kotuk9Y	2021-12-27 19:02:03.106183+03
zg1v0d550k0syqjtii6oapy0eeiwmx9w	eyJjaXR5X2lkIjoyM30:1mwnq2:ur-MTkhj0QyWEkWTgPrzXeR1jM6OgOB-XBqMQHy4hDE	2021-12-27 19:06:06.146664+03
ts5pjxcjjpvyvnyo7y39chjsx8x60vr9	eyJjaXR5X2lkIjoyM30:1mwnte:zNMA5VXwDm5VMfwdye2xs1acQO4nK_yahz9OwdRDRLs	2021-12-27 19:09:50.779935+03
1aukiy10ndkttd4j5cjw06fl3sgs3nzq	eyJjaXR5X2lkIjoyM30:1mwnu4:iOoMR_kvcrI54teo0K0nNH9aeRCvYwv6jYsdosFgbcg	2021-12-27 19:10:16.773451+03
nypogm0nalfptx7balpk07xmn07g2xrg	eyJjaXR5X2lkIjoyM30:1mwoJI:VoWMY6rvzqbBMI9VVnsu7kzJGs5x7H34wufeouuZRk8	2021-12-27 19:36:20.235137+03
a7bj2rdfbid0taw6myw54bfuidcojua8	eyJjaXR5X2lkIjoyM30:1mwoQX:B0RLwTm21TCAvxsIbe1Hiy9yTgwIvXKA-pYWlCbIaBE	2021-12-27 19:43:49.129144+03
rydl6btzkyj23woj7dpx2o9t4scc6yks	eyJjaXR5X2lkIjoyM30:1mwoQX:B0RLwTm21TCAvxsIbe1Hiy9yTgwIvXKA-pYWlCbIaBE	2021-12-27 19:43:49.865187+03
bhp8kb32un327got0nwg1o48tnu9xyp5	eyJjaXR5X2lkIjoyM30:1mwoQZ:6NSliTcTo8oC2AgmPCv-nEkp_vDmH7QMCEhTuBRrODE	2021-12-27 19:43:51.905209+03
kaldpp2yo1fniqdf33v5mfufl48fw87q	eyJjaXR5X2lkIjoyM30:1mwoSo:yw-jhSppQLGGNYW0rM7LCLoYFCn98Q5uwhZx_gSD5PI	2021-12-27 19:46:10.479617+03
af24x4ncdjh10znkit988unpsqzpahbk	eyJjaXR5X2lkIjoyM30:1mwqGk:LbCSveJECVJd8kE9GUf-qVHCJXQ6-eY-H_DslMTeQn0	2021-12-27 21:41:50.620229+03
2jwyjtho90x2ax5yxxcwyddsleqyav7f	eyJjaXR5X2lkIjoyM30:1mwqbm:3qwn2HAqz8cyysLjVg-B9J3rpMPHaGIkGaLG7HVMkQs	2021-12-27 22:03:34.98521+03
pfqs9nbx34uhej6di1b2f3m0btrkj6sj	eyJjaXR5X2lkIjoyM30:1mwqg5:cMeMwHatHB_o2IwOBKS0ConsNWYUY70ch1_ZAFh5Wu4	2021-12-27 22:08:01.139045+03
ebr4ujf334drvw7oo0370scmt0omelkp	eyJjaXR5X2lkIjoyM30:1mwy4a:HWG_TG5oy5uN1HShtkP_MvwABF3EX4RS8sEtGIfHxqE	2021-12-28 06:01:48.175446+03
d2qo8w2zpihly4s42uc5ko3e4oduizvp	eyJjaXR5X2lkIjoyM30:1mwyMV:XW2oQN2_KzCSZ1lvIV-raVNnZT5wel4NHxX1UN80yMk	2021-12-28 06:20:19.375445+03
52fjgg4ysqkvqshwm92fuhx7coyqwllj	eyJjaXR5X2lkIjoyM30:1mwybY:7yLyhT71Ggs56bzYYgH5YeAXlt0tvvGBRab7_foMMhI	2021-12-28 06:35:52.365798+03
mhlmzgs77vae6wozifiq1wwfnks3uzk5	eyJjaXR5X2lkIjoyM30:1mwyna:4WgtCce8m2psb36kmMrJx2NfL-RetWQbqqu-30ASVAs	2021-12-28 06:48:18.485984+03
gkfziqinve2kpv9fh1a06vlzn1e6o5l6	eyJjaXR5X2lkIjoyM30:1mwyw6:NyqPTeFL-0KaOGR5ZGxmHMQA-z-cDLGa6AJeBlHfd54	2021-12-28 06:57:06.008551+03
s4t03vcf07wn1t2rc3zqcugweryye9zf	eyJjaXR5X2lkIjoyM30:1mwywP:hO1zqESRsbrYW2Mg26_dPq32y4iYImSfrDIDZu9ut-U	2021-12-28 06:57:25.527416+03
4aogvz1p98xqpkq23s86fb2bxy8sft4l	eyJjaXR5X2lkIjoyM30:1mwzJG:nBvijRfvaucE9PoPMbD3uzESnND3EJ3Kuaq2v2B8l7o	2021-12-28 07:21:02.439694+03
khzgiykjlqni0qnvq6pfunuk0obpij2h	eyJjaXR5X2lkIjoyM30:1mwzLT:aUbF_jXQ24wzrt8mm0uoyWt0jHD3nu64ku5RMF52nok	2021-12-28 07:23:19.817622+03
ilukh5ntx5r837mr7nqljn56zg6afjb3	eyJjaXR5X2lkIjoyM30:1mwzMw:EqPxxZvxafetGf6w_udJa7pe2Zmip7J0bBPriB5tcVs	2021-12-28 07:24:50.775865+03
4lecwy2yqxdzqyoft8gocmox8lxvnqu5	eyJjaXR5X2lkIjoyM30:1mwzR8:PxfYRd7W_De9b8482gJyB0is6n1YByduCLF38WDvukk	2021-12-28 07:29:10.683572+03
rwbck8dad6ozr5jvfl1m4cfs5shvl30d	eyJjaXR5X2lkIjoyM30:1mwzR9:wTeDGx7yQegiOGNbGcDEpKUilC0F8wR-bVv4AxVJjNM	2021-12-28 07:29:11.064499+03
643jo77kpy6v5nezgtf9xzx2hg3qe36v	eyJjaXR5X2lkIjoyM30:1mwzR9:wTeDGx7yQegiOGNbGcDEpKUilC0F8wR-bVv4AxVJjNM	2021-12-28 07:29:11.157094+03
hruy2r857ky097znoypilr8qdn9lv1s7	eyJjaXR5X2lkIjoyM30:1mwzR9:wTeDGx7yQegiOGNbGcDEpKUilC0F8wR-bVv4AxVJjNM	2021-12-28 07:29:11.247537+03
qxb0mh09mrhtg9x7c9f049qck3m9w3rr	eyJjaXR5X2lkIjoyM30:1mwzR9:wTeDGx7yQegiOGNbGcDEpKUilC0F8wR-bVv4AxVJjNM	2021-12-28 07:29:11.346352+03
6kkoy40h7fp0p9v5itsp8glrqf5gl87k	eyJjaXR5X2lkIjoyM30:1mwzR9:wTeDGx7yQegiOGNbGcDEpKUilC0F8wR-bVv4AxVJjNM	2021-12-28 07:29:11.43996+03
w1caasojqmweulgtwtjkwpu21zpjinbd	eyJjaXR5X2lkIjoyM30:1mwzUN:ZBA7nDR1gUphzbLvZ526TVHKPbVU8ubFKd0ObJO_gNo	2021-12-28 07:32:31.486314+03
bqomy0a1bx7xnr20hcnuyt6rv5dhpcu5	eyJjaXR5X2lkIjoyM30:1mwzUN:ZBA7nDR1gUphzbLvZ526TVHKPbVU8ubFKd0ObJO_gNo	2021-12-28 07:32:31.585377+03
22iepb955tlkp8z26xidcf0s44hn19uz	eyJjaXR5X2lkIjoyM30:1mwzUN:ZBA7nDR1gUphzbLvZ526TVHKPbVU8ubFKd0ObJO_gNo	2021-12-28 07:32:31.684698+03
opjz5pbjc6m6t4ftgkqnexltfh0lrmt6	eyJjaXR5X2lkIjoyM30:1mwzUN:ZBA7nDR1gUphzbLvZ526TVHKPbVU8ubFKd0ObJO_gNo	2021-12-28 07:32:31.780443+03
ei4vmsdnnn4olz84uhxuw3rqju4g98ws	eyJjaXR5X2lkIjoyM30:1mwzUN:ZBA7nDR1gUphzbLvZ526TVHKPbVU8ubFKd0ObJO_gNo	2021-12-28 07:32:31.877544+03
d3wq9eo42wlcbeh49ang8unbh65o4snk	eyJjaXR5X2lkIjoyM30:1mwzUN:ZBA7nDR1gUphzbLvZ526TVHKPbVU8ubFKd0ObJO_gNo	2021-12-28 07:32:31.978289+03
y6bzm4amm7dlz8wqu7dltt5bzjoezh6i	eyJjaXR5X2lkIjoyM30:1mwzUO:BBt7rn-ctD-8Xit06CTJhbd5e13bJwaBDjYqOWF_bO0	2021-12-28 07:32:32.229707+03
tyl8i9otsbbwnesenq17wdjbc5fsd0nj	eyJjaXR5X2lkIjoyM30:1mwzUO:BBt7rn-ctD-8Xit06CTJhbd5e13bJwaBDjYqOWF_bO0	2021-12-28 07:32:32.230673+03
varxp354oam5kialp43z3kqymzzep5k9	eyJjaXR5X2lkIjoyM30:1mwzUr:8sXfQDT2ur91vtsqb2O67yGtvEEXTWV17W98PF8hP-k	2021-12-28 07:33:01.340646+03
7und6fksik8x46ke4jm3foq7csiy9bh2	eyJjaXR5X2lkIjoyM30:1mwzUs:Jhu7dFIf2Klbg1x8kcD0UqmG_cCVY9AP1XQ9THLR-OA	2021-12-28 07:33:02.342175+03
nx0qq23hqsv43p3l8a27oxvzmii3x5x8	eyJjaXR5X2lkIjoyM30:1mwzWg:Od0EMopBM7ApptmKpLNHIWpOBd1ouh92wFKYoH5Kz8g	2021-12-28 07:34:54.070877+03
unuhkk04ez2seyz9u0ijdhrvaw3re42o	eyJjaXR5X2lkIjoyM30:1mwzWg:Od0EMopBM7ApptmKpLNHIWpOBd1ouh92wFKYoH5Kz8g	2021-12-28 07:34:54.346266+03
t2pgiq67zghfmz40lu5hgqfh519gosux	eyJjaXR5X2lkIjoyM30:1mwzWg:Od0EMopBM7ApptmKpLNHIWpOBd1ouh92wFKYoH5Kz8g	2021-12-28 07:34:54.449952+03
pt6r1gpae4adilpq8sf6t6bt87hjey1z	eyJjaXR5X2lkIjoyM30:1mwzWg:Od0EMopBM7ApptmKpLNHIWpOBd1ouh92wFKYoH5Kz8g	2021-12-28 07:34:54.553126+03
65gtqixkpxfto3q15e0jmoo3cuyv9mlo	eyJjaXR5X2lkIjoyM30:1mwzWg:Od0EMopBM7ApptmKpLNHIWpOBd1ouh92wFKYoH5Kz8g	2021-12-28 07:34:54.656835+03
irrpstk9a77pton20g0sxomhzfp0rltw	eyJjaXR5X2lkIjoyM30:1mwzWg:Od0EMopBM7ApptmKpLNHIWpOBd1ouh92wFKYoH5Kz8g	2021-12-28 07:34:54.75449+03
4ez6p619nrxv2w26emp879dse3j1syfd	eyJjaXR5X2lkIjoyM30:1mwzWh:fNs9qfeiZuodPiZP7Wjhd2jA69ppDDniFtOhBO8aCFc	2021-12-28 07:34:55.016004+03
5w3yh1b29brcr0k3kcrwu8l2qn61ulo7	eyJjaXR5X2lkIjoyM30:1mwzWh:fNs9qfeiZuodPiZP7Wjhd2jA69ppDDniFtOhBO8aCFc	2021-12-28 07:34:55.121105+03
6veyf5pv5kzjkrjpye6nyq9s5llmeb5y	eyJjaXR5X2lkIjoyM30:1mwzYD:Z_vxugvPqUbNHarM_Gas952lbGkVK7bdi9y_ubVo7qs	2021-12-28 07:36:29.782825+03
70h9ktrye6krl1desw3kib9puq3fc4sp	eyJjaXR5X2lkIjoyM30:1mwzYa:HYgPMQy0wKuKt2Qi8ZyyevMTOw_OZcTeCg_fDS3zWog	2021-12-28 07:36:52.987684+03
uvmsyynw6c2nbzyxwgnjgdxr55tivhmc	eyJjaXR5X2lkIjoyM30:1mwzxJ:hfOM1j9PTMu3OK6l5MUSpD6bJO3_Lsd8sQdvIhF5cDE	2021-12-28 08:02:25.190427+03
e3oppqpavcfe7cjupsdavu0de7dvq30z	eyJjaXR5X2lkIjoyM30:1mx01t:gOWUY7a3zE92-NWeXztRQ0wXU2Jgm_0Xs4fUnjmxQ14	2021-12-28 08:07:09.572193+03
kwdmnjrfi4q94d7rydau8o1dqjvuzxdp	eyJjaXR5X2lkIjoyM30:1mx0EL:TXK5z-JrZkbzbis8lDVHMi_tVOvP8pxGFV2Cb16BfA8	2021-12-28 08:20:01.780129+03
055d3l7l9e20ckx7m04ol2tlp01l6daf	eyJjaXR5X2lkIjoyM30:1mx0bj:422LDQG7RpOXOHl0se0qAcMg8Tc6aLDO8DVd7HwFiEQ	2021-12-28 08:44:11.296121+03
3d9nkkrnnpf3zommqvskj3xr749r38zn	eyJjaXR5X2lkIjoyM30:1mx0sM:7QjgI20jC8ThoOBH2X2filGC2cT8_O8-B_nU9llrjkY	2021-12-28 09:01:22.67086+03
95nl4kbh7fimeaaeom7mzicftfto9suo	eyJjaXR5X2lkIjoyM30:1mx1KW:rF0Xa2bTJ51G0589xUxuvHF1b-lyYg8X4gf_b_wZRu8	2021-12-28 09:30:28.761554+03
h74n08cn2oykf00x64rflxrj7a2havki	eyJjaXR5X2lkIjoyM30:1mx1XX:wn1McJVDWcyOU6W3wgK0EGaa4rPpLuG6EAuEyfVeVVE	2021-12-28 09:43:55.227946+03
r8i6ubovcs0sv7cek3pkq5oldwbu3v47	eyJjaXR5X2lkIjoyM30:1mx1XY:8Qwvxo45gKz3_ZZQ3uehE1eMmlfhoWfQrNDD-mJVcwg	2021-12-28 09:43:56.331165+03
tduxiibxdgr5s54i0dd8ze0bv5dx3daf	eyJjaXR5X2lkIjoyM30:1mx1XY:8Qwvxo45gKz3_ZZQ3uehE1eMmlfhoWfQrNDD-mJVcwg	2021-12-28 09:43:56.599697+03
rhfdwv5zre70ppox5ldefrkdom27n1vs	eyJjaXR5X2lkIjoyM30:1mx1XY:8Qwvxo45gKz3_ZZQ3uehE1eMmlfhoWfQrNDD-mJVcwg	2021-12-28 09:43:56.697161+03
c2pqhj5qjtiisubvgyhw0w0ockqo8m2o	eyJjaXR5X2lkIjoyM30:1mx1XY:8Qwvxo45gKz3_ZZQ3uehE1eMmlfhoWfQrNDD-mJVcwg	2021-12-28 09:43:56.796395+03
psud472i44n22l98r1it5p3q5jdwfi3o	eyJjaXR5X2lkIjoyM30:1mx1XY:8Qwvxo45gKz3_ZZQ3uehE1eMmlfhoWfQrNDD-mJVcwg	2021-12-28 09:43:56.95548+03
gauv0uhu8238mx2gzp8ojz2q75r1p1o6	eyJjaXR5X2lkIjoyM30:1mx1XZ:Jnx9p-yz-CIsYBWMXht1dwP96TGOHy8RgysVHkAIvwc	2021-12-28 09:43:57.056822+03
kvu64eirz8zmh5rp6ogbmy0y51hk4q1h	eyJjaXR5X2lkIjoyM30:1mx1XZ:Jnx9p-yz-CIsYBWMXht1dwP96TGOHy8RgysVHkAIvwc	2021-12-28 09:43:57.333542+03
jd4fcrh6jmwpz96qr1pikwujuc7sz5ji	eyJjaXR5X2lkIjoyM30:1mx1XZ:Jnx9p-yz-CIsYBWMXht1dwP96TGOHy8RgysVHkAIvwc	2021-12-28 09:43:57.410828+03
p2ifm0guolkx4dy8jauvlam5dd8et46i	eyJjaXR5X2lkIjoyM30:1mx1ko:TIhg8-gHweQc-CC4DoHckgjZ1HfAcnUFDw55KiJ7hkU	2021-12-28 09:57:38.968821+03
yah4mha7r0e0v6fcykxsrl0ketmfod8y	eyJjaXR5X2lkIjoyM30:1mx28c:koPCcc63r3N47fBtP_XF38tO1dp8GpW5gzwT3iXm_FE	2021-12-28 10:22:14.720502+03
cvj2o84wil88u76zpqvbp614j9l496wb	eyJjaXR5X2lkIjoyM30:1mx2D6:UriPTN_EkB9YUnwgJQ2Zs8_1GktNrMf-_Hk3sVx3cmE	2021-12-28 10:26:52.121986+03
m964olrbs2zjmu5re24bswztjisfencd	eyJjaXR5X2lkIjoyM30:1mx2PH:fcaPNMrOrmtIyuFzryC5zknfOrkNdf9JAzaJBNfaL7s	2021-12-28 10:39:27.334451+03
nfbn4sh5lgq9104bh1kvuk1putanj23u	eyJjaXR5X2lkIjoxfQ:1mx2Uz:cT55U-Ibur7S83SEXIA9TyyBguIodLZSJntHSZyoK3M	2021-12-28 10:45:21.537388+03
uzhvsgtx7ytn3f60j5i1fjm9pj64warw	eyJjaXR5X2lkIjoyM30:1mx2b4:2DYvN_rAg1afbOxwYCcvCcSsYkxoEq9kTku6JXJ6k4Q	2021-12-28 10:51:38.471142+03
yzv8hy0f85i8oxu9iy8iusz66k7c8yii	eyJjaXR5X2lkIjoyM30:1mx2mb:ZACfgQuWp_3lq7BqaSLxzYy5losVuyGa3mskdW3CmK8	2021-12-28 11:03:33.133831+03
70mig5083e6hyy5fr1dyhxvd4k9m4gz1	eyJjaXR5X2lkIjoyM30:1mx3bU:r19x2Eg-ttBybW3wQ_SWoL4xkjqsEej0bK6UGUyQw6Q	2021-12-28 11:56:08.980644+03
8woqs50hnv993s4zd8e4ridz203y03nf	eyJjaXR5X2lkIjoyM30:1mx3ze:1vNYVhTAFj7Ugo5QSjY6-DahvJMmcJAoBMtkGyPNk5M	2021-12-28 12:21:06.600448+03
v4uebdecm6g1rkm3st356hawg6bunarl	eyJjaXR5X2lkIjoyM30:1mx450:u6RpkTxJ2WxewmcEXyd7wysyuX1oKtl3FHtse9OyVWo	2021-12-28 12:26:38.567586+03
do2finw6wqmtjmiqad5kxzp47xw6lcj0	eyJjaXR5X2lkIjoyM30:1mx498:Wr6poBcS7CulvBDDO2hZhHIuzZ83UyVjU31zSov_x-A	2021-12-28 12:30:54.743624+03
xxl0aoa33akymqvymd32vmked86jigjy	eyJjaXR5X2lkIjoyM30:1mx49z:K7vkd_3eTtB2soltxAj_flWe1WRGYGa3c5iPWPlTopY	2021-12-28 12:31:47.740689+03
lwbhpuhkt3gmfu0k8etldf715z87f9mz	eyJjaXR5X2lkIjoyM30:1mx4TY:lumSvgljD3mkWLPYf4SzG-mn9DrOLQ6Lt9Ivu7LNSFQ	2021-12-28 12:52:00.20011+03
c8dssgikcst29nrm8vr3ea89etq1gra7	eyJjaXR5X2lkIjoyM30:1mx4YD:qFMiDg66s_sLVAK7rsslnyTXMIgSVQjkkCt4eMvo-l8	2021-12-28 12:56:49.505838+03
ne9d0oybnf7uxetf1uzqjvkrmhri3z4z	eyJjaXR5X2lkIjoyM30:1mx4ln:QTjrKZ_hGO7mS3kfvUOQ4iY-1GrU_NBnJQtCxlVriD4	2021-12-28 13:10:51.05258+03
9gs8hb8hnjniu653xtnxpup0wajogcmr	eyJjaXR5X2lkIjoyM30:1mx4q4:9TWkpyfBbGj98e3IaVEdU_zxoOqICTlLgW2PXctFpfc	2021-12-28 13:15:16.465898+03
sakuq72oru9rhk2scsiqbwfgpucruz9o	eyJjaXR5X2lkIjoyM30:1mx5Br:lnqlo2whTYlw8UK7bZNsgjL8J-764ZP-0KEntC7QJNI	2021-12-28 13:37:47.8987+03
tbcplb6mv3lfa2vtuikcpwzsorgj702g	eyJjaXR5X2lkIjoyM30:1mx5L0:QwVcr_XzUbe1wt-2biYRcB-7CD2jmFeGMxNOjnDomSU	2021-12-28 13:47:14.430097+03
beuis16tyug36o592vyuo46gjiai8bq0	eyJjaXR5X2lkIjoyM30:1mx5dT:qcxtG7WMiVhiw7jTvaakmWCvwp-bpptL0x8X1Ml9dC0	2021-12-28 14:06:19.777573+03
59gr1ddmjxqjw2y0emepytkrgc41mpnq	eyJjaXR5X2lkIjoyM30:1mx5g4:EQ7jkOGkEphUQxpOQQNfg3-XPjNLvQtE6wi3mCPEQIY	2021-12-28 14:09:00.535979+03
wqxg3sd7osjok5wwo7h8hrujr2ppw6hq	eyJjaXR5X2lkIjoyM30:1mx5h3:zvURxJTf55q4ntMSongO2Lpzvmf5tbC90JU2AcK-9Zk	2021-12-28 14:10:01.036544+03
tdbt5lpbt8pvj2t0ljpht4tscqk5ckp0	eyJjaXR5X2lkIjoyM30:1mx5uz:5S_BcX397xU2Ieq0jE6ZXF6VulkcOrjF7iHQGZ3QT2w	2021-12-28 14:24:25.350177+03
57tmyjd0gyrvjeal76r608j10530yavq	eyJjaXR5X2lkIjoyM30:1mx5yK:rb6IlSloDv8qB39dirHiT-kSd0b1meEoTivtu7tbn5c	2021-12-28 14:27:52.709586+03
q9n8q0sqdn3p6bqsj7ovdgczub1qjzgp	eyJjaXR5X2lkIjoyM30:1mx60m:WNOJZ8dTjsujKskScsiiZL5ykeL4eXK0U_cwJgATnIw	2021-12-28 14:30:24.168024+03
ihq1hikr2yhj5oohwttfofszpzglx98z	eyJjaXR5X2lkIjoyM30:1mx64w:RmP5w_EythiLWFT9jzUwqB1xfwsTAWLuOo1_Mkf9KNA	2021-12-28 14:34:42.747265+03
jx2m5j73kmei8e63j9kyj3elthvze97w	eyJjaXR5X2lkIjoyM30:1mx6KK:JGEMpJWnq_fhN9ZJ8AfxWEUln-UmsQqdU02wOMwcWH4	2021-12-28 14:50:36.397685+03
lpcdb2ner68r2ymmnupqakxdzymycav4	eyJjaXR5X2lkIjoyM30:1mx6Ti:S4RdhWzI6nv7DnOUEMtRPqIbuTDk2ar09u9zvIzDy5g	2021-12-28 15:00:18.180976+03
b7m5794ioygqee2w5fl452j4xxbr5sbz	eyJjaXR5X2lkIjoyM30:1mx6XG:EO-RdNDqGNF1XrDz_VyIaDxB2mPXrqHOpYjom97tPiI	2021-12-28 15:03:58.514112+03
hsqzkqlvejilpka08665wg7k8qe5ard5	eyJjaXR5X2lkIjoyM30:1mx6co:ECosI9NTsell6k9p9QfHMGXIn-fuoiApLgMcylEI3G8	2021-12-28 15:09:42.606199+03
cgys5o18jkki525dnirs4i9sxqa64glk	eyJjaXR5X2lkIjoyM30:1mx6gO:mr3zaDVDbc0hSuV4Y85_HzLcSCyuEb0PZbE5IFHOd8w	2021-12-28 15:13:24.444703+03
025jmc40muqkpc4z21n5nc79jdil7k2h	eyJjaXR5X2lkIjoyM30:1mx6kD:Ri1AahMVE4BOv9T6Z-F_AfcVhfbK5aPa-fdI4GlZmQY	2021-12-28 15:17:21.723223+03
jsu8xsxf3grgdldb0v4f50p35cq259gx	eyJjaXR5X2lkIjoyM30:1mx7io:1wQZmj6xw-PiggMV64bLxyOWSAIsnW5m6oylYlO1PBw	2021-12-28 16:19:58.26929+03
qqd7rqpjubsbqoeqczlaw6ge1j25ktkm	eyJjaXR5X2lkIjoyM30:1mx8Eh:r-10MEQooL9yVKjlFCRW7Bnk994lvLPBvtuvDvMhOrw	2021-12-28 16:52:55.745+03
7vraqtxuszkq2uddv3j2tqayg92688di	eyJjaXR5X2lkIjoyM30:1mx8LP:9ASFdaeEPUhtJDe_j9Bxq9P8shwAKC1bniLtEMb0tPI	2021-12-28 16:59:51.298372+03
1rduxw1g7avnlz5u1xrmuu0bmvmfpqms	eyJjaXR5X2lkIjoyM30:1mx8MH:LwIdbsWk86bS9v_mNV--gkGY6tAMvD2N5JmH5lJgULw	2021-12-28 17:00:45.597058+03
y53k2m4rd00nxi1ggeed1budr10cdeju	eyJjaXR5X2lkIjoyM30:1mx8TF:-2N0HBZixzMMWveEZzw4C1IJcESs6116vInJ_bybHbE	2021-12-28 17:07:57.693559+03
ucc4lgwjpuoenzztdoxr6zjtkvj2qm63	eyJjaXR5X2lkIjoyM30:1mx8Xi:0WedUzC9DaQijp317vf6kSGlrh3BOfxB1275-aB2zaA	2021-12-28 17:12:34.509859+03
xbylz1r8wqi1or5i9gifjzxh95dx0dua	eyJjaXR5X2lkIjoyM30:1mx8Zg:UmzchlolL6Nr-JL6wjZx04-QXHo9jdGrPVKCPQTtGvI	2021-12-28 17:14:36.449925+03
rx1c2h1um8c5pzsjard8xm91m9p00na2	eyJjaXR5X2lkIjoyM30:1mx8kx:kMzU6DunlASQMmkt9c8XlzAdowD1fBkNS8x5cAO_dZc	2021-12-28 17:26:15.691557+03
zq643rbi46tq9ax3mn60tm5qfh9r6zx6	eyJjaXR5X2lkIjoyM30:1mx8uY:wji6L71_iFnnkyTSUYvW1gJUBUWgIEYLthRfjtz8OZI	2021-12-28 17:36:10.196986+03
1r4js4lbr36t3ygzik46bpmh4k1uuj2p	eyJjaXR5X2lkIjoyM30:1mx96f:YIXZ4uME3PVDnIMUThcO0-gy2WMpR9rsKjOIH0jVPfg	2021-12-28 17:48:41.820472+03
jq6p8d0sxaqak3jk62pi0d9823h9nmqw	eyJjaXR5X2lkIjoyM30:1mx9Dc:kXBG7YKomBeYFmSJU-_uMl_NEbDmvYWvcvtx1Lex1V0	2021-12-28 17:55:52.128701+03
nkfz48w27lpvcv9x4lyclnzmgiv9t7d4	eyJjaXR5X2lkIjoyM30:1mx9Dd:lO8eBDS6tIsS0xu2F0YOKNe5jwKDpOeehnxjct7D5ww	2021-12-28 17:55:53.499078+03
jv1zlgk843an9rbyfwlxy2y609pabxl2	eyJjaXR5X2lkIjoyM30:1mx9Dd:lO8eBDS6tIsS0xu2F0YOKNe5jwKDpOeehnxjct7D5ww	2021-12-28 17:55:53.597475+03
g3jvh5ekeq4vjdc65pmh6q5mnmmy316c	eyJjaXR5X2lkIjoyM30:1mx9Dd:lO8eBDS6tIsS0xu2F0YOKNe5jwKDpOeehnxjct7D5ww	2021-12-28 17:55:53.863751+03
6afe12z1dalxilhbeq4vymunfwvc51tu	eyJjaXR5X2lkIjoyM30:1mx9Dd:lO8eBDS6tIsS0xu2F0YOKNe5jwKDpOeehnxjct7D5ww	2021-12-28 17:55:53.96259+03
lvrz33hx7qs0i3aek37xftpovv7camtk	eyJjaXR5X2lkIjoyM30:1mx9De:gVsvl1G5wMTeppzeDxiTMbgfve5DwDbNUKQMDMGU-vw	2021-12-28 17:55:54.063148+03
yg3i1zx5fjvlghtgmrwkgvs8li3r6ai3	eyJjaXR5X2lkIjoyM30:1mx9De:gVsvl1G5wMTeppzeDxiTMbgfve5DwDbNUKQMDMGU-vw	2021-12-28 17:55:54.32316+03
f47tdloq5c4avtn9t5st1j3i6cjmzleo	eyJjaXR5X2lkIjoyM30:1mx9De:gVsvl1G5wMTeppzeDxiTMbgfve5DwDbNUKQMDMGU-vw	2021-12-28 17:55:54.666936+03
fwrp5btuk6ybutwvhhti8rmzutk9vh5c	eyJjaXR5X2lkIjoyM30:1mx9De:gVsvl1G5wMTeppzeDxiTMbgfve5DwDbNUKQMDMGU-vw	2021-12-28 17:55:54.667576+03
ssi2k65nm9xan9vphv36unnetc4ftia6	eyJjaXR5X2lkIjoyM30:1mx9F3:IupBrKl1k2Arr7j4N_LAtikOu3g37z0k3a2kbWmw-PU	2021-12-28 17:57:21.203366+03
sddj9n664yyuc6zn2a7w33pego082dtn	eyJjaXR5X2lkIjoyM30:1mx9QZ:uhd7L158RzUfTrPilB_0haaPJp0Dcd7e5l1rPXAwMOE	2021-12-28 18:09:15.365108+03
hva3stpdbfuzcq8apljrulchs41ed4rl	eyJjaXR5X2lkIjoyM30:1mx9T0:9BmyoL4jnFRXCaL9vJ02trc1_R8BXxyHtDlvDPM8y_o	2021-12-28 18:11:46.842583+03
ehprqizmx7k8yrmhs0duk1cp4zlaegyv	eyJjaXR5X2lkIjoyM30:1mxCRI:6d6FpQr363UPUqWvnLZjKytvC-rPvoTbHr6UgUQqKhw	2021-12-28 21:22:12.590344+03
qjqg5ekxqu2w6g4aoenn6mtrpfl1zo14	eyJjaXR5X2lkIjoyM30:1mxDbh:nVV2W65h3UxKzDFrDE_vhaokOgPF7CJvO0bkwLFpn-A	2021-12-28 22:37:01.050656+03
50kihlcx83vsirljkbpzdshezk8ryq6p	eyJjaXR5X2lkIjoyM30:1mxKYg:XCDKA5ldt5SonuW5EoRQ4FHKMoloFxKHWyWYOCi5_Fc	2021-12-29 06:02:22.839139+03
4enm8z1hubneel0tbsgzsf0oh0j98zqo	eyJjaXR5X2lkIjoyM30:1mxKmt:IpNrhvlwxPIMgYRoh5U_ZuHaXBPEV-t_VDTIoiXeFHA	2021-12-29 06:17:03.736308+03
t2j29kswe2d0hxtbr0fneyoe3e2tcjg9	eyJjaXR5X2lkIjoyM30:1mxLj2:J6Fs2dM2W6nbXUTw_AqkN5kQvk1vaLnDfjKKIiG5GTc	2021-12-29 07:17:08.148526+03
e4jymue1gzu26xmqp1a7cyrdb58pgu7n	eyJjaXR5X2lkIjoyM30:1mxLqa:ueM-HK39NOLyIdheT2U5umvkJCe8RvAcUAw0AYODv9c	2021-12-29 07:24:56.782961+03
6embt4opkgl98x6pf7urhw2lxvtjsxb4	eyJjaXR5X2lkIjoyM30:1mxLxt:W8Nw9vjuRjEywPpPzYt0Q3ATcDQz_X4TwlA6gIb0KXo	2021-12-29 07:32:29.054906+03
i4ndgr09h22mnoro96hdxxsbqrsped8n	eyJjaXR5X2lkIjoyM30:1mxMOt:Z0lYGSpZPFs8yTffsibC-YgiFZwl1SDOw7G4IEI_9e4	2021-12-29 08:00:23.796301+03
pcp71e4ytz6asgmvmm1diyt9yifhcesj	eyJjaXR5X2lkIjoyM30:1mxMwt:QTpABEKwo0XBypKvKgLW69TGIysLrBktNGzWww8C3fQ	2021-12-29 08:35:31.26717+03
jh6la2vtc3ari7766hb00s4spothka7n	eyJjaXR5X2lkIjoyM30:1mxN3L:eKUbaFEJNpJoIx7SP2zKo0LQptEZe_3Ew0gVgtQhbos	2021-12-29 08:42:11.287715+03
4b8gynht6apzsfc6v7nj5ptewlvedyey	eyJjaXR5X2lkIjoyM30:1mxNLk:6vyjFje7fAzVURkVdZD1siEVBp9mY_WVxOVG-P2dFv4	2021-12-29 09:01:12.349246+03
blg10ezbrz9vjg3cuftmc66w7f842wiv	eyJjaXR5X2lkIjoyM30:1mxNTw:C-kQOLAuohdAi9fac_zDprCK_V4y1TBo7w-aPrqY_9A	2021-12-29 09:09:40.811208+03
3glpfx8p93bkyjni4xi6v0icj1rerv2g	eyJjaXR5X2lkIjoyM30:1mxNVI:IlTulXZuDxirrSVNiMxR5paHorE2t4CCPO8TOFyjpx4	2021-12-29 09:11:04.981695+03
gzrjn2nlvmku25m1tntq4drk1fs26jhq	eyJjaXR5X2lkIjoyM30:1mxNeR:Hq24_SP7PbUyPrrl_Ov_9aE2RZ2LJ7DC2WlEdU3OxWk	2021-12-29 09:20:31.519457+03
2297rpc0lqoj09bgzvxfvrmpw28dw7lh	eyJjaXR5X2lkIjoyM30:1mxNgP:EnPrigFEwCvVhrM_Atpz6fjrC4tOt67cIKc9camJNXg	2021-12-29 09:22:33.88676+03
pjnvjuav0oyss4zf3ogopuzsvsidk56h	eyJjaXR5X2lkIjoyM30:1mxNgS:n7nCfCw083arUOsgKIZVLC3YvQ3ohjjKpwLS0bWMs2w	2021-12-29 09:22:36.43956+03
6me1h13fx72dmi4ipfs0j6x352yxqoal	eyJjaXR5X2lkIjoyM30:1mxNgT:xzYTiqMVMewjVnrxIKJD5pCks5URUQwXi4RKfy2uXRc	2021-12-29 09:22:37.296351+03
affj8jnpteb3a2ugc8379aciad6bne90	eyJjaXR5X2lkIjoyM30:1mxNgU:1WLo0_KTSgz65tHi1xyEByhPe1Z9_ZSoyey2aiK0Ntc	2021-12-29 09:22:38.144437+03
b67c5faj9958zgekppgn0h0nst11dtzg	eyJjaXR5X2lkIjoyM30:1mxNgW:jg6I6Yu5hi3VHCnY0uBfuUiuyyN2SeajIirLmf9FfMQ	2021-12-29 09:22:40.663547+03
g8jkym0qmy7d1p8vg6q4tgcmrn289n12	eyJjaXR5X2lkIjoyM30:1mxNgX:xfWf-CbDW7du_TFx58Z7u9n3jROhAfGQfpbqBR9EYY0	2021-12-29 09:22:41.492857+03
zb68l77ixgio65kggpwmt4hgob3tltay	eyJjaXR5X2lkIjoyM30:1mxNgg:y66AD9Uqj_XAQchsfEAMND6VS47o4mTCWymkQu6wOYo	2021-12-29 09:22:50.942507+03
gqg1sidv4si0n6uwezj9y17zj74zpv8m	eyJjaXR5X2lkIjoyM30:1mxNiK:8q4PG8L9fktENuWvmSA3PlVBQSj_E3J-nVj2pze9dt4	2021-12-29 09:24:32.846441+03
vpaqcb8ybn2spuvuf8uudqh0vjsq171h	eyJjaXR5X2lkIjoyM30:1mxNiL:rv1eJKzPyLmc4_gJlneMI2D9-5kqd4y7OVVyLYwZ7Ok	2021-12-29 09:24:33.457302+03
8pssr9ukf46st29m22vxl49aptfke13s	eyJjaXR5X2lkIjoyM30:1mxNiM:WQOA04i2gAIeQp1JKk_Gr5SEp1Y2vpGmPqtC0Bza2JA	2021-12-29 09:24:34.416826+03
rlri5pdu0ioiybk8yp74pxfwlcv8lx0h	eyJjaXR5X2lkIjoyM30:1mxNkH:Bohav8zb0gNNVQAjr_xOKNe_Jdvpgh15v2z9i0JADC8	2021-12-29 09:26:33.82428+03
1ssew9y8lb6czfl2f98gunhivmyge5ab	eyJjaXR5X2lkIjoyM30:1mxNkI:JljdAq631hIFBMajp6u9MyZtCHlFO_MHwGB4euvMklw	2021-12-29 09:26:34.056223+03
qpekq450anad56pr1p2gle3mhi04hbu4	eyJjaXR5X2lkIjoyM30:1mxNmQ:rJ4_gglJqIROwyVkNPSBEgdvCNB6HVlYgjNb1e-hgkg	2021-12-29 09:28:46.88459+03
gbsxwu4dkxd70ypav0c3e5xvzbrxfmlp	eyJjaXR5X2lkIjoyM30:1mxNqB:3WcfGLtvFfZHkTYE7nWzE6SrtEzDEEZ_-CkWeQAz5L8	2021-12-29 09:32:39.152064+03
1how2299xyoei1uigo7m1bmhjt77v9b9	eyJjaXR5X2lkIjoyM30:1mxNsT:AO4t6ty8WsTMfD42IpmfCgLEx8tbF5O5SzLUNJROwHw	2021-12-29 09:35:01.648652+03
0j81qby7ibnwauxa7psm39mu79kup7v8	eyJjaXR5X2lkIjoyM30:1mxNsX:3zcBQpYxqjXgTqopb6fLoaOUNJeVg7XoS02dF1CvntQ	2021-12-29 09:35:05.170918+03
qsty67f6id9j3grc37xrgeecie6q4y36	eyJjaXR5X2lkIjoyM30:1mxNuH:Q6qWFgosAEL6TSP9BNoO4FJy5f8ExA4Qw4R_64jegrE	2021-12-29 09:36:53.475109+03
2s0o0jtvn5j4sunksyr7kd80lr1mtrd2	eyJjaXR5X2lkIjoyM30:1mxNuc:pP6VIE8ODewWB7hs7UhnTtEj2ZytRi0Jgh4ns9vvRhI	2021-12-29 09:37:14.346593+03
0rb4jltwb9z2o7f7d1isxsa13jjn85gh	eyJjaXR5X2lkIjoyM30:1mxNuc:pP6VIE8ODewWB7hs7UhnTtEj2ZytRi0Jgh4ns9vvRhI	2021-12-29 09:37:14.565822+03
pv2lfjm1fbj7prnqyv0lfw0g1wkxdbd8	eyJjaXR5X2lkIjoyM30:1mxNue:ykj0D104exA2EuBBtsKzKXpVqzRKNb0M906VvW_nGiA	2021-12-29 09:37:16.025772+03
f8qcmd0rve1cskylcff00l5vsub6xgyh	eyJjaXR5X2lkIjoyM30:1mxNvW:8fXou1k5-rVQ-ZNePO5MSbJ4R1UKpDpo5mB0KqwfPpk	2021-12-29 09:38:10.754272+03
gpql5ajlj70ag3sjnspp0ez39vu5m1ad	eyJjaXR5X2lkIjoyM30:1mxNvY:P-ke7H_ok7aKwGWjLQczl7CipdrQ7Zt2N4bEBuwUFsM	2021-12-29 09:38:12.161013+03
gekb0ho81iesv025mkfladq676laidfe	eyJjaXR5X2lkIjoyM30:1mxNvY:P-ke7H_ok7aKwGWjLQczl7CipdrQ7Zt2N4bEBuwUFsM	2021-12-29 09:38:12.260428+03
97zyjtjlq6x5ref1gifgrc8io6v26x29	eyJjaXR5X2lkIjoyM30:1mxNvY:P-ke7H_ok7aKwGWjLQczl7CipdrQ7Zt2N4bEBuwUFsM	2021-12-29 09:38:12.52451+03
vlqf2v97uuz1jnxm7067rntxri8fxqpl	eyJjaXR5X2lkIjoyM30:1mxNvY:P-ke7H_ok7aKwGWjLQczl7CipdrQ7Zt2N4bEBuwUFsM	2021-12-29 09:38:12.621055+03
urxfgiqqlbuitodpicakxtixzutpwyjl	eyJjaXR5X2lkIjoyM30:1mxNvY:P-ke7H_ok7aKwGWjLQczl7CipdrQ7Zt2N4bEBuwUFsM	2021-12-29 09:38:12.718664+03
b8uw5e5worlon8m78rca71lzlhmdkuns	eyJjaXR5X2lkIjoyM30:1mxNvY:P-ke7H_ok7aKwGWjLQczl7CipdrQ7Zt2N4bEBuwUFsM	2021-12-29 09:38:12.818303+03
kz9f9hzp0lenge3raaqv4rgh0u23c73j	eyJjaXR5X2lkIjoyM30:1mxNwK:mziUh25j1M4pq6CDbJa8lH_n0PkTQhoJUzngv9_JblM	2021-12-29 09:39:00.346716+03
6yk18kvnn8c6ng5oxvx0dvbo0fr41j5h	eyJjaXR5X2lkIjoyM30:1mxNwM:mOfglBfeEp8TctyPAcyKgMrWmZhkZSsc7IMFjrx10ZM	2021-12-29 09:39:02.464357+03
jognvmospg7esale2yb2b291jefbwzbl	eyJjaXR5X2lkIjoyM30:1mxNxu:EXxgdHGSUf9lW0ev9ChbrDHiNIxIT1pDet_uVay56cQ	2021-12-29 09:40:38.636984+03
i1lc5lgadap4mde0xosgzpi2icc1rpe8	eyJjaXR5X2lkIjoyM30:1mxNxw:xyb3JiN8JxsYzheWZIhV_c7L8wYLDV-p0kwcTgeXYKY	2021-12-29 09:40:40.325473+03
q11lotzubql2e0pwoyostwraqh1035r9	eyJjaXR5X2lkIjoyM30:1mxNxw:xyb3JiN8JxsYzheWZIhV_c7L8wYLDV-p0kwcTgeXYKY	2021-12-29 09:40:40.586553+03
erjqlmmtqvbmi96l7ht4dqitfxy913b8	eyJjaXR5X2lkIjoyM30:1mxNxw:xyb3JiN8JxsYzheWZIhV_c7L8wYLDV-p0kwcTgeXYKY	2021-12-29 09:40:40.684565+03
7gymy7kps0i6fbynunobyd9i19teskuu	eyJjaXR5X2lkIjoyM30:1mxNxw:xyb3JiN8JxsYzheWZIhV_c7L8wYLDV-p0kwcTgeXYKY	2021-12-29 09:40:40.952037+03
e2t51z05y0hcp9vfwlr0j8idglal05yz	eyJjaXR5X2lkIjoyM30:1mxNxx:djAmJsZ6S-ATHjNE78L-P6hok6yTjKERnqRwaXg0OlQ	2021-12-29 09:40:41.049952+03
c9dtdx0kiniaeko4o2s84npn575dj6qz	eyJjaXR5X2lkIjoyM30:1mxNxx:djAmJsZ6S-ATHjNE78L-P6hok6yTjKERnqRwaXg0OlQ	2021-12-29 09:40:41.148676+03
2rcdyrxf1jqhje5k9lnk9fq94vdhaa6e	eyJjaXR5X2lkIjoyM30:1mxNxx:djAmJsZ6S-ATHjNE78L-P6hok6yTjKERnqRwaXg0OlQ	2021-12-29 09:40:41.535973+03
v0i6cab8ppd6p584jrqwo9d2l4n0j15h	eyJjaXR5X2lkIjoyM30:1mxNxx:djAmJsZ6S-ATHjNE78L-P6hok6yTjKERnqRwaXg0OlQ	2021-12-29 09:40:41.562855+03
ulev5au5eziljquqt0zd8fxndrlhrzi7	eyJjaXR5X2lkIjoyM30:1mxNyt:iiR00p4NeQBgiBVailMH97DjRjf4EOhs9o4hfFfiQXo	2021-12-29 09:41:39.569623+03
oj31fefl3i6zjj2r82yhenyrlq1t2lro	eyJjaXR5X2lkIjoyM30:1mxNzi:xSTSACX83N7-CDcqLsq61YHx9GybQZN7MqEv8mkE_tw	2021-12-29 09:42:30.75936+03
yxaw1ochpfvm72ts7ga1c6wcxb1dor57	eyJjaXR5X2lkIjoyM30:1mxNzi:xSTSACX83N7-CDcqLsq61YHx9GybQZN7MqEv8mkE_tw	2021-12-29 09:42:30.808704+03
4lmbntuwn4wcnp989v8j6ud4p8a93n3k	eyJjaXR5X2lkIjoyM30:1mxNzi:xSTSACX83N7-CDcqLsq61YHx9GybQZN7MqEv8mkE_tw	2021-12-29 09:42:30.856206+03
dt60q8m7bh48jkssao44tjeonhg2pmq4	eyJjaXR5X2lkIjoyM30:1mxNzi:xSTSACX83N7-CDcqLsq61YHx9GybQZN7MqEv8mkE_tw	2021-12-29 09:42:30.900387+03
5ol89sqqgppn9ssdggacaexv5wl2cdua	eyJjaXR5X2lkIjoyM30:1mxNzi:xSTSACX83N7-CDcqLsq61YHx9GybQZN7MqEv8mkE_tw	2021-12-29 09:42:30.975414+03
ex43l40ad39ivftpazspauxn8fglv41u	eyJjaXR5X2lkIjoyM30:1mxNzj:oZdWCjINvQt3bJ0p1tnafpFsc4GmbU-cnVfnG3BMjkQ	2021-12-29 09:42:31.025735+03
gs8iworek0o1jcr11eevbzrqm9k6qk0d	eyJjaXR5X2lkIjoyM30:1mxNzj:oZdWCjINvQt3bJ0p1tnafpFsc4GmbU-cnVfnG3BMjkQ	2021-12-29 09:42:31.06849+03
vturjyfw8t2u0r1ex76na0ds4elztty9	eyJjaXR5X2lkIjoyM30:1mxNzj:oZdWCjINvQt3bJ0p1tnafpFsc4GmbU-cnVfnG3BMjkQ	2021-12-29 09:42:31.123405+03
5qv49kz2pf7rqvvx4p0vxknsniko22sw	eyJjaXR5X2lkIjoyM30:1mxNzj:oZdWCjINvQt3bJ0p1tnafpFsc4GmbU-cnVfnG3BMjkQ	2021-12-29 09:42:31.190129+03
ia2fcmyazdgoazzu0ni2cc6098ocuq8w	eyJjaXR5X2lkIjoyM30:1mxNzj:oZdWCjINvQt3bJ0p1tnafpFsc4GmbU-cnVfnG3BMjkQ	2021-12-29 09:42:31.241108+03
mk016et5hjw3x4jb9eanaumwx41d0o2l	eyJjaXR5X2lkIjoyM30:1mxNzj:oZdWCjINvQt3bJ0p1tnafpFsc4GmbU-cnVfnG3BMjkQ	2021-12-29 09:42:31.28721+03
q67e42vwm4375ggdt7qex8zgfcgcvbjr	eyJjaXR5X2lkIjoyM30:1mxNzj:oZdWCjINvQt3bJ0p1tnafpFsc4GmbU-cnVfnG3BMjkQ	2021-12-29 09:42:31.348419+03
fp35gujx9sshk25q55gpie6303uteeki	eyJjaXR5X2lkIjoyM30:1mxNzj:oZdWCjINvQt3bJ0p1tnafpFsc4GmbU-cnVfnG3BMjkQ	2021-12-29 09:42:31.408391+03
xbtxdhraxcfaczm4bk4r1np7c8atrhje	eyJjaXR5X2lkIjoyM30:1mxNzj:oZdWCjINvQt3bJ0p1tnafpFsc4GmbU-cnVfnG3BMjkQ	2021-12-29 09:42:31.464451+03
rbxwgtq6dlozgkbqm8xg5db06gkyfjfu	eyJjaXR5X2lkIjoyM30:1mxNzj:oZdWCjINvQt3bJ0p1tnafpFsc4GmbU-cnVfnG3BMjkQ	2021-12-29 09:42:31.529323+03
r8f44q3cwsxjxvirq33hkwivzu7trjfx	eyJjaXR5X2lkIjoyM30:1mxNzj:oZdWCjINvQt3bJ0p1tnafpFsc4GmbU-cnVfnG3BMjkQ	2021-12-29 09:42:31.592145+03
gb68msbauasyhn71y2ojiaqbe8zt820c	eyJjaXR5X2lkIjoyM30:1mxNzj:oZdWCjINvQt3bJ0p1tnafpFsc4GmbU-cnVfnG3BMjkQ	2021-12-29 09:42:31.643522+03
7t8nasrexccweuojcgmww44rrir7vfk2	eyJjaXR5X2lkIjoyM30:1mxNzj:oZdWCjINvQt3bJ0p1tnafpFsc4GmbU-cnVfnG3BMjkQ	2021-12-29 09:42:31.708451+03
j1zpyo4wnabsbh3eg1gk5ac5pwzktjmj	eyJjaXR5X2lkIjoyM30:1mxNzl:_m70YvlBPu50GuMMvQDAYXYHD2Q5IKNZYD81jhMnsyg	2021-12-29 09:42:33.49321+03
mao1lp6ruan0j250xe8piv52kh5up6ac	eyJjaXR5X2lkIjoyM30:1mxNzl:_m70YvlBPu50GuMMvQDAYXYHD2Q5IKNZYD81jhMnsyg	2021-12-29 09:42:33.548929+03
gg93qlahpj9k3s7wvbm66yvg6jqhkxh4	eyJjaXR5X2lkIjoyM30:1mxNzl:_m70YvlBPu50GuMMvQDAYXYHD2Q5IKNZYD81jhMnsyg	2021-12-29 09:42:33.598372+03
0m6040mz3cpibve7rm4ztn0c1ukv3p9m	eyJjaXR5X2lkIjoyM30:1mxNzl:_m70YvlBPu50GuMMvQDAYXYHD2Q5IKNZYD81jhMnsyg	2021-12-29 09:42:33.654389+03
66psfj8v4pm4gabp7gom65sfneiqy95w	eyJjaXR5X2lkIjoyM30:1mxNzl:_m70YvlBPu50GuMMvQDAYXYHD2Q5IKNZYD81jhMnsyg	2021-12-29 09:42:33.700047+03
g28cbsoovtz3bmnzsgwisvqhnx3naow5	eyJjaXR5X2lkIjoyM30:1mxNzl:_m70YvlBPu50GuMMvQDAYXYHD2Q5IKNZYD81jhMnsyg	2021-12-29 09:42:33.741939+03
kmv38ybhq2gwl24yphi1spxq27szbkpo	eyJjaXR5X2lkIjoyM30:1mxNzl:_m70YvlBPu50GuMMvQDAYXYHD2Q5IKNZYD81jhMnsyg	2021-12-29 09:42:33.802574+03
13vypjf1d0jftnti1k4ddt86a30xucyo	eyJjaXR5X2lkIjoyM30:1mxNzl:_m70YvlBPu50GuMMvQDAYXYHD2Q5IKNZYD81jhMnsyg	2021-12-29 09:42:33.844056+03
419vy9z8dyd7ehlzsbmd4kuo7i37q83s	eyJjaXR5X2lkIjoyM30:1mxNzl:_m70YvlBPu50GuMMvQDAYXYHD2Q5IKNZYD81jhMnsyg	2021-12-29 09:42:33.900492+03
dzwol68tzjgh7mth1rjl9r22ge5gcc73	eyJjaXR5X2lkIjoyM30:1mxNzl:_m70YvlBPu50GuMMvQDAYXYHD2Q5IKNZYD81jhMnsyg	2021-12-29 09:42:33.948274+03
d8xqfuzr0jps32u8h0dn82rgrhtpv5dr	eyJjaXR5X2lkIjoyM30:1mxNzl:_m70YvlBPu50GuMMvQDAYXYHD2Q5IKNZYD81jhMnsyg	2021-12-29 09:42:33.995362+03
7amkhp1l5q4atiqh0npkl5lbfildsua7	eyJjaXR5X2lkIjoyM30:1mxNzm:91Z5iZ1kjAPK1jMFT7AAYjyt8qCdUdGtjMaTS4I9FzA	2021-12-29 09:42:34.046407+03
0a6mzondjdmtvvhe173ricyzzs47aue1	eyJjaXR5X2lkIjoyM30:1mxNzm:91Z5iZ1kjAPK1jMFT7AAYjyt8qCdUdGtjMaTS4I9FzA	2021-12-29 09:42:34.091348+03
pc48lz6ceqelgh2ga4knnof1sadlx8b1	eyJjaXR5X2lkIjoyM30:1mxNzm:91Z5iZ1kjAPK1jMFT7AAYjyt8qCdUdGtjMaTS4I9FzA	2021-12-29 09:42:34.142435+03
fgiytoay9i9k8v4j30n156c073ksdpn2	eyJjaXR5X2lkIjoyM30:1mxNzm:91Z5iZ1kjAPK1jMFT7AAYjyt8qCdUdGtjMaTS4I9FzA	2021-12-29 09:42:34.186333+03
rgbn7thp4vrtsuq6lezwoqnyxgx14zjx	eyJjaXR5X2lkIjoyM30:1mxNzm:91Z5iZ1kjAPK1jMFT7AAYjyt8qCdUdGtjMaTS4I9FzA	2021-12-29 09:42:34.23411+03
68cqo28muofew1vwkcdulql6lg6t2401	eyJjaXR5X2lkIjoyM30:1mxNzm:91Z5iZ1kjAPK1jMFT7AAYjyt8qCdUdGtjMaTS4I9FzA	2021-12-29 09:42:34.276767+03
auz0n0tbaqmo13s6seb5k7jf085ff6a1	eyJjaXR5X2lkIjoyM30:1mxNzm:91Z5iZ1kjAPK1jMFT7AAYjyt8qCdUdGtjMaTS4I9FzA	2021-12-29 09:42:34.337457+03
1cat8sn6gu62np1orkg2qvhy5flm3mbx	eyJjaXR5X2lkIjoyM30:1mxNzm:91Z5iZ1kjAPK1jMFT7AAYjyt8qCdUdGtjMaTS4I9FzA	2021-12-29 09:42:34.394843+03
x0xyrrsp19665puzg3tchzwqcerq2u3w	eyJjaXR5X2lkIjoyM30:1mxNzm:91Z5iZ1kjAPK1jMFT7AAYjyt8qCdUdGtjMaTS4I9FzA	2021-12-29 09:42:34.448685+03
cqtj4hrpnonnd71lfsobkttq7b9klav8	eyJjaXR5X2lkIjoyM30:1mxO2K:mlpalHKBOu_r9WFrtrtzco8MbwDIMmd5a5Wa-iRjil0	2021-12-29 09:45:12.673751+03
udp70oz4h89n6rjgm9wap7xbmmyi0km0	eyJjaXR5X2lkIjoyM30:1mxO3K:lrvVAr8r8AQNCFql6D3uTaZF8xnxHiVJTLWSBPHDXRM	2021-12-29 09:46:14.027763+03
445nic0gq21ns47eqncbfykz60h3n6mn	eyJjaXR5X2lkIjoyM30:1mxO3K:lrvVAr8r8AQNCFql6D3uTaZF8xnxHiVJTLWSBPHDXRM	2021-12-29 09:46:14.076638+03
nordwxzmq0f8o1etg181eb0k0kzfxu1b	eyJjaXR5X2lkIjoyM30:1mxO3K:lrvVAr8r8AQNCFql6D3uTaZF8xnxHiVJTLWSBPHDXRM	2021-12-29 09:46:14.133595+03
h0hm5eanyo3eld6tdar8q2oj33ybw7f9	eyJjaXR5X2lkIjoyM30:1mxO3K:lrvVAr8r8AQNCFql6D3uTaZF8xnxHiVJTLWSBPHDXRM	2021-12-29 09:46:14.176121+03
snmc9ov9bdu2crapj8dykv37zjydqe70	eyJjaXR5X2lkIjoyM30:1mxO3K:lrvVAr8r8AQNCFql6D3uTaZF8xnxHiVJTLWSBPHDXRM	2021-12-29 09:46:14.227865+03
g7apmewpejz2mzxjwwv3fpqjmdqger44	eyJjaXR5X2lkIjoyM30:1mxO3K:lrvVAr8r8AQNCFql6D3uTaZF8xnxHiVJTLWSBPHDXRM	2021-12-29 09:46:14.271511+03
of4zhlco3or5stf0oobhbo8u6g46yvl5	eyJjaXR5X2lkIjoyM30:1mxO3K:lrvVAr8r8AQNCFql6D3uTaZF8xnxHiVJTLWSBPHDXRM	2021-12-29 09:46:14.319513+03
a13ps4c7y0jjybvj03ie2fjzgwyqfjbe	eyJjaXR5X2lkIjoyM30:1mxO3K:lrvVAr8r8AQNCFql6D3uTaZF8xnxHiVJTLWSBPHDXRM	2021-12-29 09:46:14.375113+03
exfaqe14a1ip6r1775konb1ndr1uov35	eyJjaXR5X2lkIjoyM30:1mxO3K:lrvVAr8r8AQNCFql6D3uTaZF8xnxHiVJTLWSBPHDXRM	2021-12-29 09:46:14.427779+03
cjbo0q659y2onn3nzebus7gozcsdixoa	eyJjaXR5X2lkIjoyM30:1mxO3K:lrvVAr8r8AQNCFql6D3uTaZF8xnxHiVJTLWSBPHDXRM	2021-12-29 09:46:14.474839+03
fak3dkpvquzg6i0pgeejithspoh7ueuj	eyJjaXR5X2lkIjoyM30:1mxO3K:lrvVAr8r8AQNCFql6D3uTaZF8xnxHiVJTLWSBPHDXRM	2021-12-29 09:46:14.528615+03
si7qj0qe8jcwd5oqrbm0f6z5d7wiaf7f	eyJjaXR5X2lkIjoyM30:1mxO3K:lrvVAr8r8AQNCFql6D3uTaZF8xnxHiVJTLWSBPHDXRM	2021-12-29 09:46:14.579978+03
2toei6gllzqg10oy4pfvnn3p7n1anmy8	eyJjaXR5X2lkIjoyM30:1mxO3K:lrvVAr8r8AQNCFql6D3uTaZF8xnxHiVJTLWSBPHDXRM	2021-12-29 09:46:14.626285+03
er5oii1ovn1e04644hgv4gkr4wjpvpkd	eyJjaXR5X2lkIjoyM30:1mxO3K:lrvVAr8r8AQNCFql6D3uTaZF8xnxHiVJTLWSBPHDXRM	2021-12-29 09:46:14.671754+03
o5cp8a4iknrbg7y4ldoldxa7gqj3r8aj	eyJjaXR5X2lkIjoyM30:1mxO3K:lrvVAr8r8AQNCFql6D3uTaZF8xnxHiVJTLWSBPHDXRM	2021-12-29 09:46:14.715939+03
ljgxfs3m8w8mb0m1nejst57ql1t4g3w3	eyJjaXR5X2lkIjoyM30:1mxO3K:lrvVAr8r8AQNCFql6D3uTaZF8xnxHiVJTLWSBPHDXRM	2021-12-29 09:46:14.77796+03
o13v8mno4nzcnbhqqrlsur18550tapbt	eyJjaXR5X2lkIjoyM30:1mxO3K:lrvVAr8r8AQNCFql6D3uTaZF8xnxHiVJTLWSBPHDXRM	2021-12-29 09:46:14.831709+03
vbpi9prlka3h7uyieo7ycp4307y0qj63	eyJjaXR5X2lkIjoyM30:1mxO3K:lrvVAr8r8AQNCFql6D3uTaZF8xnxHiVJTLWSBPHDXRM	2021-12-29 09:46:14.871399+03
21tuqh0u4afmz1lmwtarl0muqkugtphd	eyJjaXR5X2lkIjoyM30:1mxO3M:2IR9M_J6KQgv4zBqI6Ha5Dv527f2Ilf796LJKujhDyk	2021-12-29 09:46:16.608541+03
v7kx5sdrd5ruj4ci89kq69ynckz4uiah	eyJjaXR5X2lkIjoyM30:1mxO3M:2IR9M_J6KQgv4zBqI6Ha5Dv527f2Ilf796LJKujhDyk	2021-12-29 09:46:16.653848+03
2kg37m1x3yhrst4wkgyzh4cjfxovyz9r	eyJjaXR5X2lkIjoyM30:1mxO3M:2IR9M_J6KQgv4zBqI6Ha5Dv527f2Ilf796LJKujhDyk	2021-12-29 09:46:16.696496+03
bgr1pku7fkui72yyfeo75t2cjsvzom6z	eyJjaXR5X2lkIjoyM30:1mxO3M:2IR9M_J6KQgv4zBqI6Ha5Dv527f2Ilf796LJKujhDyk	2021-12-29 09:46:16.738918+03
y132jo63oqri4k3gutx9x17zyy0axo6c	eyJjaXR5X2lkIjoyM30:1mxO3M:2IR9M_J6KQgv4zBqI6Ha5Dv527f2Ilf796LJKujhDyk	2021-12-29 09:46:16.783644+03
q3i4qwu8jiapqan00h0oldjjb46zkhi3	eyJjaXR5X2lkIjoyM30:1mxO3M:2IR9M_J6KQgv4zBqI6Ha5Dv527f2Ilf796LJKujhDyk	2021-12-29 09:46:16.826025+03
0qen7f3oeix6ec732q859ruer9dtp2xw	eyJjaXR5X2lkIjoyM30:1mxO3M:2IR9M_J6KQgv4zBqI6Ha5Dv527f2Ilf796LJKujhDyk	2021-12-29 09:46:16.871038+03
bq8cyqb1sniu14fgsz02qtk3a9dzr56s	eyJjaXR5X2lkIjoyM30:1mxO3M:2IR9M_J6KQgv4zBqI6Ha5Dv527f2Ilf796LJKujhDyk	2021-12-29 09:46:16.917418+03
jdegsmdzbxoghcmfa7c7o45sgh3s2sd6	eyJjaXR5X2lkIjoyM30:1mxO3M:2IR9M_J6KQgv4zBqI6Ha5Dv527f2Ilf796LJKujhDyk	2021-12-29 09:46:16.962272+03
rsmx5bfcgzwqx9sftgq3745sr2ynalaq	eyJjaXR5X2lkIjoyM30:1mxO3N:-fFzpzeqUxAEqX1Xt5qsSmHRa4jXliG1ti_ype8K7zI	2021-12-29 09:46:17.004237+03
i6rpd6dq3ysql8ftabtnnlubckg4m4bo	eyJjaXR5X2lkIjoyM30:1mxO3N:-fFzpzeqUxAEqX1Xt5qsSmHRa4jXliG1ti_ype8K7zI	2021-12-29 09:46:17.0543+03
wnnq4jw4ro0btnjh1dnwqdpxajo5j4xu	eyJjaXR5X2lkIjoyM30:1mxO3N:-fFzpzeqUxAEqX1Xt5qsSmHRa4jXliG1ti_ype8K7zI	2021-12-29 09:46:17.101054+03
563u854kzfb7oxdzfogtn0eqcz23klo0	eyJjaXR5X2lkIjoyM30:1mxO3N:-fFzpzeqUxAEqX1Xt5qsSmHRa4jXliG1ti_ype8K7zI	2021-12-29 09:46:17.144982+03
nfuze83d6vebw9i9tgw4nlkgb47oh7x4	eyJjaXR5X2lkIjoyM30:1mxO3N:-fFzpzeqUxAEqX1Xt5qsSmHRa4jXliG1ti_ype8K7zI	2021-12-29 09:46:17.192625+03
vbcq3km904wizq8umwmdpaqtw7n0ok2r	eyJjaXR5X2lkIjoyM30:1mxO3N:-fFzpzeqUxAEqX1Xt5qsSmHRa4jXliG1ti_ype8K7zI	2021-12-29 09:46:17.243+03
712sser4hpelwwaj7cq1onpss3lwhs2g	eyJjaXR5X2lkIjoyM30:1mxO3N:-fFzpzeqUxAEqX1Xt5qsSmHRa4jXliG1ti_ype8K7zI	2021-12-29 09:46:17.282829+03
r0h9wy52xp8nqw1nfaqf4ulc6lniivf1	eyJjaXR5X2lkIjoyM30:1mxO3N:-fFzpzeqUxAEqX1Xt5qsSmHRa4jXliG1ti_ype8K7zI	2021-12-29 09:46:17.325589+03
5bom543lyrf8t9c3wioora6a5m38yimc	eyJjaXR5X2lkIjoyM30:1mxO3N:-fFzpzeqUxAEqX1Xt5qsSmHRa4jXliG1ti_ype8K7zI	2021-12-29 09:46:17.375196+03
wjel7m1x4ebm0fqboaz1lcd2npim50an	eyJjaXR5X2lkIjoyM30:1mxO3N:-fFzpzeqUxAEqX1Xt5qsSmHRa4jXliG1ti_ype8K7zI	2021-12-29 09:46:17.426046+03
bb0ijdd992mapib9wwl9skxd9qzaf0hf	eyJjaXR5X2lkIjoyM30:1mxO3N:-fFzpzeqUxAEqX1Xt5qsSmHRa4jXliG1ti_ype8K7zI	2021-12-29 09:46:17.480964+03
9ksuu9ux5cykn3956grkmihxpr1san5h	eyJjaXR5X2lkIjoyM30:1mxO3P:X1m-OehmOInuRSCQMVl7JUPW1p9Uk7ElXW3_vnmrEi0	2021-12-29 09:46:19.591687+03
d4rkrrbsgtacxzox3nrhmg9rsmfcpnml	eyJjaXR5X2lkIjoyM30:1mxO3P:X1m-OehmOInuRSCQMVl7JUPW1p9Uk7ElXW3_vnmrEi0	2021-12-29 09:46:19.651507+03
zdhl6239rmb9vbx8et5an50xcedywm91	eyJjaXR5X2lkIjoyM30:1mxO3P:X1m-OehmOInuRSCQMVl7JUPW1p9Uk7ElXW3_vnmrEi0	2021-12-29 09:46:19.7049+03
0tyhve9zhr827qdx6v98g49qpmwfzsqo	eyJjaXR5X2lkIjoyM30:1mxO3P:X1m-OehmOInuRSCQMVl7JUPW1p9Uk7ElXW3_vnmrEi0	2021-12-29 09:46:19.753217+03
fhlztmo892rpwaneokyko3xu2yqz16vy	eyJjaXR5X2lkIjoyM30:1mxO3P:X1m-OehmOInuRSCQMVl7JUPW1p9Uk7ElXW3_vnmrEi0	2021-12-29 09:46:19.800845+03
kgp97ewa1o4etws980gbhpbxvgl1gsnu	eyJjaXR5X2lkIjoyM30:1mxO3P:X1m-OehmOInuRSCQMVl7JUPW1p9Uk7ElXW3_vnmrEi0	2021-12-29 09:46:19.858095+03
lus44f0rnoiqo83iazoq09e9uvlq5gf1	eyJjaXR5X2lkIjoyM30:1mxO3P:X1m-OehmOInuRSCQMVl7JUPW1p9Uk7ElXW3_vnmrEi0	2021-12-29 09:46:19.905705+03
czgld7i13vsoy7vhov2vbzqjkf9h8nks	eyJjaXR5X2lkIjoyM30:1mxO3P:X1m-OehmOInuRSCQMVl7JUPW1p9Uk7ElXW3_vnmrEi0	2021-12-29 09:46:19.95262+03
wno0qsrdkr6vf3b0dotcdz198rhbb4qq	eyJjaXR5X2lkIjoyM30:1mxO3Q:9HqCoq-gvjzXfSRYzR8kXsLVtpSck713PmmSWmOy4Sc	2021-12-29 09:46:20.007215+03
2wqsokvxuwwhzikoab07pwl5f6s0ww5o	eyJjaXR5X2lkIjoyM30:1mxO3Q:9HqCoq-gvjzXfSRYzR8kXsLVtpSck713PmmSWmOy4Sc	2021-12-29 09:46:20.051934+03
48vo5dj086fhablihspyhbv2fe6mrjp9	eyJjaXR5X2lkIjoyM30:1mxO3Q:9HqCoq-gvjzXfSRYzR8kXsLVtpSck713PmmSWmOy4Sc	2021-12-29 09:46:20.105573+03
wnjijud9d3pqlr9ti3luicapng1toqh6	eyJjaXR5X2lkIjoyM30:1mxO3Q:9HqCoq-gvjzXfSRYzR8kXsLVtpSck713PmmSWmOy4Sc	2021-12-29 09:46:20.149656+03
hiq12w9ktd79mirnbw25j4tp7qujcswb	eyJjaXR5X2lkIjoyM30:1mxO3Q:9HqCoq-gvjzXfSRYzR8kXsLVtpSck713PmmSWmOy4Sc	2021-12-29 09:46:20.196675+03
sme8jyhippmt5i7l5xkbd2qk72gl3y74	eyJjaXR5X2lkIjoyM30:1mxO3Q:9HqCoq-gvjzXfSRYzR8kXsLVtpSck713PmmSWmOy4Sc	2021-12-29 09:46:20.249849+03
hbx72k5bp5cfn40kah7ii7vevs13rlek	eyJjaXR5X2lkIjoyM30:1mxO3Q:9HqCoq-gvjzXfSRYzR8kXsLVtpSck713PmmSWmOy4Sc	2021-12-29 09:46:20.299845+03
dk58atqoytu4akffwenem9qyhz3fd1os	eyJjaXR5X2lkIjoyM30:1mxO3Q:9HqCoq-gvjzXfSRYzR8kXsLVtpSck713PmmSWmOy4Sc	2021-12-29 09:46:20.355027+03
97svlyw3aufyi55q2189m2tg7rcke11m	eyJjaXR5X2lkIjoyM30:1mxO3Q:9HqCoq-gvjzXfSRYzR8kXsLVtpSck713PmmSWmOy4Sc	2021-12-29 09:46:20.422385+03
vbp1by21zmcci9lpnemi8gqa2ik9mv2n	eyJjaXR5X2lkIjoyM30:1mxO3Q:9HqCoq-gvjzXfSRYzR8kXsLVtpSck713PmmSWmOy4Sc	2021-12-29 09:46:20.477219+03
bijxdwzvzl1h50j1s6ks63y3nntafg6y	eyJjaXR5X2lkIjoyM30:1mxO3Q:9HqCoq-gvjzXfSRYzR8kXsLVtpSck713PmmSWmOy4Sc	2021-12-29 09:46:20.529939+03
kkh17g2svdz43awu324ql1ivvdfsqh9i	eyJjaXR5X2lkIjoyM30:1mxO3Q:9HqCoq-gvjzXfSRYzR8kXsLVtpSck713PmmSWmOy4Sc	2021-12-29 09:46:20.57462+03
w1mf1et8uotu3sdsk3stjwxotgupt2qm	eyJjaXR5X2lkIjoyM30:1mxO3V:GElbFafg6A9kG-WXz_ez-9VAcLuKs23gkrh1AGKT4qo	2021-12-29 09:46:25.817608+03
8pmay2d4ptzfb0q2gc98tybj2h13g1xe	eyJjaXR5X2lkIjoyM30:1mxO3V:GElbFafg6A9kG-WXz_ez-9VAcLuKs23gkrh1AGKT4qo	2021-12-29 09:46:25.86005+03
mzszpl4pv1d3xmvfsk88upxub76kgbtv	eyJjaXR5X2lkIjoyM30:1mxO3V:GElbFafg6A9kG-WXz_ez-9VAcLuKs23gkrh1AGKT4qo	2021-12-29 09:46:25.943543+03
9k5p3ykmd0zoldusvm8h66hkaramhb4s	eyJjaXR5X2lkIjoyM30:1mxO3W:A3yOYYOd7LoqBY7aMplXT5nYJYRJC9siqw1JVQYrm8Y	2021-12-29 09:46:26.004126+03
5n1cmlgfuf96vkxpidk74cm2rmk2wyla	eyJjaXR5X2lkIjoyM30:1mxO3W:A3yOYYOd7LoqBY7aMplXT5nYJYRJC9siqw1JVQYrm8Y	2021-12-29 09:46:26.059235+03
brbkn7lf4el1qzx0gji82vohsnay1302	eyJjaXR5X2lkIjoyM30:1mxO3W:A3yOYYOd7LoqBY7aMplXT5nYJYRJC9siqw1JVQYrm8Y	2021-12-29 09:46:26.10592+03
lrvqfnm2pu1lsxsrwv6mdi8wy2kyd6fu	eyJjaXR5X2lkIjoyM30:1mxO3W:A3yOYYOd7LoqBY7aMplXT5nYJYRJC9siqw1JVQYrm8Y	2021-12-29 09:46:26.144012+03
m6edpcjqcaoy3aixzm226rhlqgsvol2i	eyJjaXR5X2lkIjoyM30:1mxO3W:A3yOYYOd7LoqBY7aMplXT5nYJYRJC9siqw1JVQYrm8Y	2021-12-29 09:46:26.182346+03
m5te61pgwe5nokavy4ldfqbob569z0fb	eyJjaXR5X2lkIjoyM30:1mxO3W:A3yOYYOd7LoqBY7aMplXT5nYJYRJC9siqw1JVQYrm8Y	2021-12-29 09:46:26.236592+03
x1zu5h2y84v9t045qbroocyv3nnnuq5s	eyJjaXR5X2lkIjoyM30:1mxO3W:A3yOYYOd7LoqBY7aMplXT5nYJYRJC9siqw1JVQYrm8Y	2021-12-29 09:46:26.277363+03
6jmdp1zoudfrjta12poy9vljiwrm30fx	eyJjaXR5X2lkIjoyM30:1mxO3W:A3yOYYOd7LoqBY7aMplXT5nYJYRJC9siqw1JVQYrm8Y	2021-12-29 09:46:26.323299+03
simvapddxw01u589i4i1xky431u4brzi	eyJjaXR5X2lkIjoyM30:1mxO3W:A3yOYYOd7LoqBY7aMplXT5nYJYRJC9siqw1JVQYrm8Y	2021-12-29 09:46:26.368152+03
1yx69s27bsr9asppt26zfc5k5xqpu4ei	eyJjaXR5X2lkIjoyM30:1mxO3W:A3yOYYOd7LoqBY7aMplXT5nYJYRJC9siqw1JVQYrm8Y	2021-12-29 09:46:26.408433+03
jn8ssdv01j2xo3sq6xsb9j5upcj0fmo9	eyJjaXR5X2lkIjoyM30:1mxO3W:A3yOYYOd7LoqBY7aMplXT5nYJYRJC9siqw1JVQYrm8Y	2021-12-29 09:46:26.451603+03
zkiudforj3an5z5gkjw38znksle9ngz2	eyJjaXR5X2lkIjoyM30:1mxO3W:A3yOYYOd7LoqBY7aMplXT5nYJYRJC9siqw1JVQYrm8Y	2021-12-29 09:46:26.502837+03
x2m9ndvewpznubl2eojk1gnjoxtbvdof	eyJjaXR5X2lkIjoyM30:1mxO3W:A3yOYYOd7LoqBY7aMplXT5nYJYRJC9siqw1JVQYrm8Y	2021-12-29 09:46:26.547587+03
nq60a8318ssfflhubqu8n37y70siog2a	eyJjaXR5X2lkIjoyM30:1mxO3W:A3yOYYOd7LoqBY7aMplXT5nYJYRJC9siqw1JVQYrm8Y	2021-12-29 09:46:26.589197+03
02dztk3p8za0japy4tjungb2afzj4oco	eyJjaXR5X2lkIjoyM30:1mxO3W:A3yOYYOd7LoqBY7aMplXT5nYJYRJC9siqw1JVQYrm8Y	2021-12-29 09:46:26.657204+03
tkhgi1jvyd4heyo046ay9mdad2hyof1t	eyJjaXR5X2lkIjoyM30:1mxO3W:A3yOYYOd7LoqBY7aMplXT5nYJYRJC9siqw1JVQYrm8Y	2021-12-29 09:46:26.718844+03
mydpbiwhofywxsjz5keip9c71vvwngh7	eyJjaXR5X2lkIjoyM30:1mxO3W:A3yOYYOd7LoqBY7aMplXT5nYJYRJC9siqw1JVQYrm8Y	2021-12-29 09:46:26.762101+03
7n9p04bqls9xoggwzgdqqi7zxcjqew0k	eyJjaXR5X2lkIjoyM30:1mxO3r:EC4yw_kvSCnePc7eFcxwmTuFpBfKbD95PCK3L0nC1x0	2021-12-29 09:46:47.2496+03
2ul78anzxdnycgs8xhlxnbvwhqctseb9	eyJjaXR5X2lkIjoyM30:1mxO3r:EC4yw_kvSCnePc7eFcxwmTuFpBfKbD95PCK3L0nC1x0	2021-12-29 09:46:47.29536+03
d9o2qadkkyptsp9k0lhd1bvk00k3c76h	eyJjaXR5X2lkIjoyM30:1mxO3r:EC4yw_kvSCnePc7eFcxwmTuFpBfKbD95PCK3L0nC1x0	2021-12-29 09:46:47.337626+03
7mpyd2jq0o18uzvcpl8zrvxfijizp4dp	eyJjaXR5X2lkIjoyM30:1mxO3r:EC4yw_kvSCnePc7eFcxwmTuFpBfKbD95PCK3L0nC1x0	2021-12-29 09:46:47.392509+03
5vagzy1l8d010fu5dksjwjulxa85sl5h	eyJjaXR5X2lkIjoyM30:1mxO3r:EC4yw_kvSCnePc7eFcxwmTuFpBfKbD95PCK3L0nC1x0	2021-12-29 09:46:47.434513+03
yva8o2pgg937lardw2ivea0c71153p46	eyJjaXR5X2lkIjoyM30:1mxO3r:EC4yw_kvSCnePc7eFcxwmTuFpBfKbD95PCK3L0nC1x0	2021-12-29 09:46:47.478491+03
yg9ihjp8hlsfdo17rczt8vd4pqza6ba1	eyJjaXR5X2lkIjoyM30:1mxO3r:EC4yw_kvSCnePc7eFcxwmTuFpBfKbD95PCK3L0nC1x0	2021-12-29 09:46:47.580116+03
3muefwsf5u7nycs21nyws25c51c6yju9	eyJjaXR5X2lkIjoyM30:1mxO46:enFg7Hiqk4tCWaEw5T6BkfpIZw1S08gVg_UPvkSiJCM	2021-12-29 09:47:02.415387+03
intv9x2rsm44p2w30phl9rd7x9ao1ha0	eyJjaXR5X2lkIjoyM30:1mxO46:enFg7Hiqk4tCWaEw5T6BkfpIZw1S08gVg_UPvkSiJCM	2021-12-29 09:47:02.473204+03
qkj7fv4r0i0pw274gls218y73d0d2ht7	eyJjaXR5X2lkIjoyM30:1mxO46:enFg7Hiqk4tCWaEw5T6BkfpIZw1S08gVg_UPvkSiJCM	2021-12-29 09:47:02.526152+03
a2pocj7h03ya90k9lifz7s26hhxkvopt	eyJjaXR5X2lkIjoyM30:1mxO46:enFg7Hiqk4tCWaEw5T6BkfpIZw1S08gVg_UPvkSiJCM	2021-12-29 09:47:02.568658+03
w9g7mobcd2atdjv0nvmlnedzlb33jvcp	eyJjaXR5X2lkIjoyM30:1mxO46:enFg7Hiqk4tCWaEw5T6BkfpIZw1S08gVg_UPvkSiJCM	2021-12-29 09:47:02.609961+03
h491f2zcutbhbdysd2t1sg18uq1j9qqi	eyJjaXR5X2lkIjoyM30:1mxO46:enFg7Hiqk4tCWaEw5T6BkfpIZw1S08gVg_UPvkSiJCM	2021-12-29 09:47:02.655762+03
fh5kgugynmk0nkvq1na8iaiwvkjd63z7	eyJjaXR5X2lkIjoyM30:1mxO46:enFg7Hiqk4tCWaEw5T6BkfpIZw1S08gVg_UPvkSiJCM	2021-12-29 09:47:02.704944+03
vru08xzeyqttc3l1mvnzcnfrxhyzkvwj	eyJjaXR5X2lkIjoyM30:1mxO46:enFg7Hiqk4tCWaEw5T6BkfpIZw1S08gVg_UPvkSiJCM	2021-12-29 09:47:02.755239+03
bklg94yi44il0kv4hq94ltgo9kw4mn89	eyJjaXR5X2lkIjoyM30:1mxO46:enFg7Hiqk4tCWaEw5T6BkfpIZw1S08gVg_UPvkSiJCM	2021-12-29 09:47:02.807044+03
uvrjqo70txhrfsgh7goketvhi1fyah5m	eyJjaXR5X2lkIjoyM30:1mxO46:enFg7Hiqk4tCWaEw5T6BkfpIZw1S08gVg_UPvkSiJCM	2021-12-29 09:47:02.870419+03
pljp6q5uo562xwilj1x8x76cyodwf950	eyJjaXR5X2lkIjoyM30:1mxO46:enFg7Hiqk4tCWaEw5T6BkfpIZw1S08gVg_UPvkSiJCM	2021-12-29 09:47:02.917146+03
ijjwipmka1ql2bngtq6psp046e0qvhfu	eyJjaXR5X2lkIjoyM30:1mxO46:enFg7Hiqk4tCWaEw5T6BkfpIZw1S08gVg_UPvkSiJCM	2021-12-29 09:47:02.964654+03
c8dpeskw7xwf9thrsq4crtolgp0vdaif	eyJjaXR5X2lkIjoyM30:1mxO47:EsnwB2k7EI134Lmp15_nM_uXFMZQ7EXVTYIq-YSOESI	2021-12-29 09:47:03.008474+03
ns8irhng3mjvw6qiki7y9pab82pcxnr5	eyJjaXR5X2lkIjoyM30:1mxO47:EsnwB2k7EI134Lmp15_nM_uXFMZQ7EXVTYIq-YSOESI	2021-12-29 09:47:03.063153+03
y3gqqoia4tpb67va1igq0p0dxn9znp70	eyJjaXR5X2lkIjoyM30:1mxO47:EsnwB2k7EI134Lmp15_nM_uXFMZQ7EXVTYIq-YSOESI	2021-12-29 09:47:03.115273+03
lnqaui4h9p7pnie8a2ksa6ba192tjfs6	eyJjaXR5X2lkIjoyM30:1mxO47:EsnwB2k7EI134Lmp15_nM_uXFMZQ7EXVTYIq-YSOESI	2021-12-29 09:47:03.164143+03
fksyls5i35wzkrwojx3gjkos5pet31ku	eyJjaXR5X2lkIjoyM30:1mxO47:EsnwB2k7EI134Lmp15_nM_uXFMZQ7EXVTYIq-YSOESI	2021-12-29 09:47:03.218236+03
9hcjl64ob2ghx66w40k4t4ld6khtonrg	eyJjaXR5X2lkIjoyM30:1mxO47:EsnwB2k7EI134Lmp15_nM_uXFMZQ7EXVTYIq-YSOESI	2021-12-29 09:47:03.278241+03
7r4abd3mrlnk3gnmjvic6mp01xihin34	eyJjaXR5X2lkIjoyM30:1mxO47:EsnwB2k7EI134Lmp15_nM_uXFMZQ7EXVTYIq-YSOESI	2021-12-29 09:47:03.323537+03
a1r2zziwir78afhdihwpib1avz7cpa8o	eyJjaXR5X2lkIjoyM30:1mxO47:EsnwB2k7EI134Lmp15_nM_uXFMZQ7EXVTYIq-YSOESI	2021-12-29 09:47:03.374396+03
dcyc1ymxt5aerkmjcbz9ewhputc4ldtv	eyJjaXR5X2lkIjoyM30:1mxO4C:nykos9Ptj7q6mQSHYTSpjHMdkMaCYBtYNsTOZZlL7lM	2021-12-29 09:47:08.597547+03
a741wlw3uztm96684me1ermw603dbkjf	eyJjaXR5X2lkIjoyM30:1mxO4C:nykos9Ptj7q6mQSHYTSpjHMdkMaCYBtYNsTOZZlL7lM	2021-12-29 09:47:08.642396+03
lnqfii7cmkw6udvoad4r7secs7qbnqeq	eyJjaXR5X2lkIjoyM30:1mxO4C:nykos9Ptj7q6mQSHYTSpjHMdkMaCYBtYNsTOZZlL7lM	2021-12-29 09:47:08.684836+03
ene6g0nbohgpwdg4pt1e0t379c19lqe9	eyJjaXR5X2lkIjoyM30:1mxO4C:nykos9Ptj7q6mQSHYTSpjHMdkMaCYBtYNsTOZZlL7lM	2021-12-29 09:47:08.725008+03
5z8gb3soe2ge85mjei6ohpimigefahc8	eyJjaXR5X2lkIjoyM30:1mxO4C:nykos9Ptj7q6mQSHYTSpjHMdkMaCYBtYNsTOZZlL7lM	2021-12-29 09:47:08.776641+03
gpvk2wvfmzg5zrgwph5bit1wko2vniyu	eyJjaXR5X2lkIjoyM30:1mxO4C:nykos9Ptj7q6mQSHYTSpjHMdkMaCYBtYNsTOZZlL7lM	2021-12-29 09:47:08.822089+03
w3qjz8opldwa9k4ey9ysm1aqeec90ij9	eyJjaXR5X2lkIjoyM30:1mxO4C:nykos9Ptj7q6mQSHYTSpjHMdkMaCYBtYNsTOZZlL7lM	2021-12-29 09:47:08.862481+03
68r84o9k95t9hdy60vsenezkemz8u7zf	eyJjaXR5X2lkIjoyM30:1mxO4C:nykos9Ptj7q6mQSHYTSpjHMdkMaCYBtYNsTOZZlL7lM	2021-12-29 09:47:08.90356+03
5mwn962o4gp8kfnre2ekk9x1ba6skq5n	eyJjaXR5X2lkIjoyM30:1mxO4C:nykos9Ptj7q6mQSHYTSpjHMdkMaCYBtYNsTOZZlL7lM	2021-12-29 09:47:08.947533+03
brt9b061pkdqg0wvdhfsnp863oi6abz2	eyJjaXR5X2lkIjoyM30:1mxO4C:nykos9Ptj7q6mQSHYTSpjHMdkMaCYBtYNsTOZZlL7lM	2021-12-29 09:47:08.998063+03
dyklfap9rgakoogxdlns6ang8dqlpka9	eyJjaXR5X2lkIjoyM30:1mxO4D:HVYDone7n_GOCtf0dvKYTAKyQ_dsPQmrvIyMwBBGwe4	2021-12-29 09:47:09.03978+03
hmel2i353xqs9teuahtbgic1m0eq4sfw	eyJjaXR5X2lkIjoyM30:1mxO4D:HVYDone7n_GOCtf0dvKYTAKyQ_dsPQmrvIyMwBBGwe4	2021-12-29 09:47:09.085025+03
94gdnvn2dlkxyrzjeww5fcixznmkf81d	eyJjaXR5X2lkIjoyM30:1mxO4D:HVYDone7n_GOCtf0dvKYTAKyQ_dsPQmrvIyMwBBGwe4	2021-12-29 09:47:09.13343+03
brwj6b2l2edeo71izd1caqurcpnium9j	eyJjaXR5X2lkIjoyM30:1mxO4D:HVYDone7n_GOCtf0dvKYTAKyQ_dsPQmrvIyMwBBGwe4	2021-12-29 09:47:09.18204+03
petz6r8o9f71y1dzoopcqwrj8wart64t	eyJjaXR5X2lkIjoyM30:1mxO4D:HVYDone7n_GOCtf0dvKYTAKyQ_dsPQmrvIyMwBBGwe4	2021-12-29 09:47:09.230456+03
5p0w1b9ar6vau7owa52xzhaennmtz0or	eyJjaXR5X2lkIjoyM30:1mxO4D:HVYDone7n_GOCtf0dvKYTAKyQ_dsPQmrvIyMwBBGwe4	2021-12-29 09:47:09.289964+03
889l0fx3k6h77yxhbtav45bgkaz3f0jn	eyJjaXR5X2lkIjoyM30:1mxO4D:HVYDone7n_GOCtf0dvKYTAKyQ_dsPQmrvIyMwBBGwe4	2021-12-29 09:47:09.334469+03
bzsogtrwoj35mo4zftv79ob67579vc3s	eyJjaXR5X2lkIjoyM30:1mxO4D:HVYDone7n_GOCtf0dvKYTAKyQ_dsPQmrvIyMwBBGwe4	2021-12-29 09:47:09.404185+03
fyppiyrpdzp71p6hxjtxi0qtag13xn68	eyJjaXR5X2lkIjoyM30:1mxO4D:HVYDone7n_GOCtf0dvKYTAKyQ_dsPQmrvIyMwBBGwe4	2021-12-29 09:47:09.55387+03
lhmtd4m4o2of66c8b6didwra3bng3s21	eyJjaXR5X2lkIjoyM30:1mxO4D:HVYDone7n_GOCtf0dvKYTAKyQ_dsPQmrvIyMwBBGwe4	2021-12-29 09:47:09.832303+03
ixlv1ad3sfpp5exihtaakwgqi8sp2m3r	eyJjaXR5X2lkIjoyM30:1mxO9M:hLz5o78JV4lN8t-LHOSL-FTLR3_NvfcxNJ7IaD6bsM0	2021-12-29 09:52:28.273358+03
lnmjjl1e9gbv5x93yojgbmekornahgja	eyJjaXR5X2lkIjoyM30:1mxOGW:82S8TUrUgHDFMzE8lFJyN1iAO-kZGMDeiiADmIRPh9w	2021-12-29 09:59:52.828112+03
6aqw56up8s335xkrx70qzi6vxopo55o6	eyJjaXR5X2lkIjoyM30:1mxOYe:J3IRsuF9Q94jkKzFGlq1qmEUiaVxEuxcbSLpGL0Vi8k	2021-12-29 10:18:36.884847+03
lfsg64ip6u28ygvo416d272e59z2z7vw	eyJjaXR5X2lkIjoxfQ:1mxOu5:YfLc7Oy-k_lrSgvxU3s613ZoGBhyzaobGUTmo2FjE6k	2021-12-29 10:40:45.022581+03
qr5q8elhyxd7oedesv83p2nqghvz3jty	eyJjaXR5X2lkIjoyM30:1mxP4K:aqXbh_9o0EwCC3DFNrfHQxm1WXlflw1lo8p4WZoes1U	2021-12-29 10:51:20.230094+03
yry471lbzy5s1u32ltv416p2tz14qj90	eyJjaXR5X2lkIjoyM30:1mxPRP:_AAS8h2p-MoqvSUhX5iRVORenvSZuM07LUIIeL9bOgA	2021-12-29 11:15:11.472818+03
30xjd71ieotvvxi2g10x9q8e3kcxpeeu	eyJjaXR5X2lkIjoyM30:1mxPRP:_AAS8h2p-MoqvSUhX5iRVORenvSZuM07LUIIeL9bOgA	2021-12-29 11:15:11.734043+03
gfg48h0zeu6ugc6wg9tymdf6842o3b7p	eyJjaXR5X2lkIjoyM30:1mxPRP:_AAS8h2p-MoqvSUhX5iRVORenvSZuM07LUIIeL9bOgA	2021-12-29 11:15:11.996282+03
8f574uav28kfrzipy754npe2z5uqgixn	eyJjaXR5X2lkIjoyM30:1mxPRQ:H-RP-HiAeymbC_jA_StGL-bug2CRYQPG8-FTYTwCVXQ	2021-12-29 11:15:12.093374+03
6n7tqnn8w03congx67lriq2bsj42c84b	eyJjaXR5X2lkIjoyM30:1mxPRQ:H-RP-HiAeymbC_jA_StGL-bug2CRYQPG8-FTYTwCVXQ	2021-12-29 11:15:12.186497+03
dqd29v09xupx1p7xzzxhk5y2nymfl03f	eyJjaXR5X2lkIjoyM30:1mxPRQ:H-RP-HiAeymbC_jA_StGL-bug2CRYQPG8-FTYTwCVXQ	2021-12-29 11:15:12.284666+03
sylcvpdunrt9qqgp991244t0fjs4xg2f	eyJjaXR5X2lkIjoyM30:1mxPRQ:H-RP-HiAeymbC_jA_StGL-bug2CRYQPG8-FTYTwCVXQ	2021-12-29 11:15:12.657754+03
kwitd5vsvuipl8s7dzaw24njlewbqfqq	eyJjaXR5X2lkIjoyM30:1mxPRQ:H-RP-HiAeymbC_jA_StGL-bug2CRYQPG8-FTYTwCVXQ	2021-12-29 11:15:12.681762+03
il8ynn53ol0u0jeceaz2habbhsheism7	eyJjaXR5X2lkIjoyM30:1mxPVN:uLDp1Sm7HdOKqiHN-PfNn6P5YXCJS17MBdJ9LxuXQdo	2021-12-29 11:19:17.392195+03
j29fhzasrr3hpxjzlcjpu7nlscwx6r74	eyJjaXR5X2lkIjoyM30:1mxPaj:MN4TEt68-prAwMIg1y86rodPuRVr6lQQsgxC-J6V1Ps	2021-12-29 11:24:49.381051+03
inlinsp3yycv3ci1l8s36uzwykt9o3lv	eyJjaXR5X2lkIjoyM30:1mxPhc:byZaOWTw6A_2oQiFyADywiM8YS5bKuOB_Ddb4KB_AbU	2021-12-29 11:31:56.496353+03
ct6m60on9nu2zz1woounvtv1cnmamnb1	eyJjaXR5X2lkIjoyM30:1mxPme:ZhcXHkVN-Qohe_jyLAK_AmQxgkVKZk_NLSx_UNvswXw	2021-12-29 11:37:08.338853+03
2a7k8e192hugenonwhwg0w75qy9f2cwg	eyJjaXR5X2lkIjoyM30:1mxPme:ZhcXHkVN-Qohe_jyLAK_AmQxgkVKZk_NLSx_UNvswXw	2021-12-29 11:37:08.610594+03
hnhztkijmo5n0sh6kqzysywylxmlzsvr	eyJjaXR5X2lkIjoyM30:1mxPme:ZhcXHkVN-Qohe_jyLAK_AmQxgkVKZk_NLSx_UNvswXw	2021-12-29 11:37:08.711903+03
n15czrva56fg649c6z37u8t9nfut1kuo	eyJjaXR5X2lkIjoyM30:1mxPme:ZhcXHkVN-Qohe_jyLAK_AmQxgkVKZk_NLSx_UNvswXw	2021-12-29 11:37:08.969989+03
niokvan7evbv5u7se3y5hyqkut455buu	eyJjaXR5X2lkIjoyM30:1mxPmf:ueZ3E0miK-Dy8HoVkRwGmI88MnqiMQ1aPqSM3MXUEhs	2021-12-29 11:37:09.063115+03
4mbdq8rf5cogolapx6e5q6vji919zop2	eyJjaXR5X2lkIjoyM30:1mxPmf:ueZ3E0miK-Dy8HoVkRwGmI88MnqiMQ1aPqSM3MXUEhs	2021-12-29 11:37:09.163093+03
pewz4814h8jfn6x9homl5xjco6xga823	eyJjaXR5X2lkIjoyM30:1mxPmf:ueZ3E0miK-Dy8HoVkRwGmI88MnqiMQ1aPqSM3MXUEhs	2021-12-29 11:37:09.52002+03
gdvqqsl7isao3qt3n88qkipub5idsif6	eyJjaXR5X2lkIjoyM30:1mxPmf:ueZ3E0miK-Dy8HoVkRwGmI88MnqiMQ1aPqSM3MXUEhs	2021-12-29 11:37:09.550712+03
lwtx4zre082kgi0y2ngo7ryjc1vvelfc	eyJjaXR5X2lkIjoyM30:1mxPoy:cZ7karbcPDNdsFL9kJea_S13ZOmakViQb1S8L5SFaeg	2021-12-29 11:39:32.192905+03
pkqs93cw8a23mw2bf6oebdzkjvcevt43	eyJjaXR5X2lkIjoyM30:1mxPuz:zK_3i6yobvIdQal5ogmZUuWGgyzulTc5ypqaraxVMmA	2021-12-29 11:45:45.371282+03
y5i7mcw76cmaxcwlc07hontpc0tpnczl	eyJjaXR5X2lkIjoyM30:1mxQ1Q:Rh9xRD8DHrzbMfnGTU8BKTApq0qgmilWaOjl1straaE	2021-12-29 11:52:24.61349+03
m11c1btxbiz5ilm4spj1ujr5kal7svqi	eyJjaXR5X2lkIjoyM30:1mxQ8L:fTmRUfhpnnonPIfeF0djvd41QI5EJz8ZWTFrhsYD9IU	2021-12-29 11:59:33.125168+03
gusgz99zzegva8v8xyj1ree1elmpgnu2	eyJjaXR5X2lkIjoyM30:1mxQOG:OG9QDJyDj-_6lB7YFWPpJyfxDeWKlLmH77Z9H3pCa-E	2021-12-29 12:16:00.096892+03
la0ec5ys78putlk6691cyxtmm9snsftc	eyJjaXR5X2lkIjoyM30:1mxQQh:7yQhGebg-Lg_73B7RW3VedLqaZqokOtG8ld4y_UdLTs	2021-12-29 12:18:31.702218+03
8z41alyp8mm1qzn850qloppcra89sh97	eyJjaXR5X2lkIjoyM30:1mxQRI:fPxbnAPfv_1XGMh-owYO3Px_yUtFCBpnp_xy7XVHpkc	2021-12-29 12:19:08.259209+03
uqczy7dn75o6gc7b4fbagnbtmgavzdjk	eyJjaXR5X2lkIjoyM30:1mxQT0:0w0HJECj4tJ7s2i08DJOcK8uQj6eu_cbWTV73ATOvS8	2021-12-29 12:20:54.187936+03
39l9iilp8z2njwldy9v8zsdmkavcd0kn	eyJjaXR5X2lkIjoyM30:1mxQrI:-lesRIChBs9JZIud8KJs7wQD5CxGlLleumunOEGFe1M	2021-12-29 12:46:00.772884+03
7d78njbx1n8wrxwlx5zja2iaaoea6esb	eyJjaXR5X2lkIjoyM30:1mxQvv:JqaKVj23RDaAxPL522p-VxoQ5XOL5pppHGVXxFW6W0I	2021-12-29 12:50:47.387254+03
5bg4eaaeqwg4byfefbxdj2i3fm98dfeg	eyJjaXR5X2lkIjoyM30:1mxR9k:au1ADHNpyTuvPypvK_ruHyKi3Kr9SLoiM0Z6JdV2acM	2021-12-29 13:05:04.650377+03
9rreexuu1z7gb04h1gjsbcsx38e9d004	eyJjaXR5X2lkIjoyM30:1mxRAh:i2WpbWvr4z4ZAOqlCFwbvhEPu42f9RjZNX8bwR0wB8A	2021-12-29 13:06:03.704867+03
bv1bizzowml9i37ew3wu4ft9efde1sz4	eyJjaXR5X2lkIjoyM30:1mxRBE:BCDUo1j6Gl5petOHXj5mMg_YcLO8ZSg-FiCg7m7kbZg	2021-12-29 13:06:36.028894+03
yhh6djb4td5p6qsvptw4z4tx2x40gnr2	eyJjaXR5X2lkIjoyM30:1mxRJk:-cMe2eZIDW3-6GQJ_Iv2foBWE2mUdA3omxi0SX-IrBg	2021-12-29 13:15:24.714238+03
r9nf4xy319sudrti9qbreckwzwwkelht	eyJjaXR5X2lkIjoyM30:1mxRKG:v1or_Dh4sogLiHN3FGNNAFv6ehIc44zvZwIKxZ5XVv8	2021-12-29 13:15:56.969425+03
efrd1b6n28j4kb6pykc9frh3rucew907	eyJjaXR5X2lkIjoyM30:1mxRWa:E2Xs8b2UEGhRD0Z9W_VcAu9YdpnpsHYHkMwWDcLz6AA	2021-12-29 13:28:40.634412+03
kmfvh7i0exsatt5iordtqqdgo6qhzl2h	eyJjaXR5X2lkIjoyM30:1mxRXF:Yr15KlhTNUwyEOP8mqEncnwkydQmRR0TBIt3zUeZTGA	2021-12-29 13:29:21.342084+03
fjqam8915zfos4fwcgatjwxxliawofif	eyJjaXR5X2lkIjoyM30:1mxRXF:Yr15KlhTNUwyEOP8mqEncnwkydQmRR0TBIt3zUeZTGA	2021-12-29 13:29:21.606023+03
vfm5xp2c6vg43j1uos4vw032hza22qqw	eyJjaXR5X2lkIjoyM30:1mxRXF:Yr15KlhTNUwyEOP8mqEncnwkydQmRR0TBIt3zUeZTGA	2021-12-29 13:29:21.873602+03
rb5qvq7eh9n32agm8kbys4azbee44urj	eyJjaXR5X2lkIjoyM30:1mxRXF:Yr15KlhTNUwyEOP8mqEncnwkydQmRR0TBIt3zUeZTGA	2021-12-29 13:29:21.971559+03
m85pgmw3ureqhoylxi0fy9aaoehy93c9	eyJjaXR5X2lkIjoyM30:1mxRXG:xYRXn0XV68lYRju5c1wMSVKDv4WTa5ChMmaPlZ4OISE	2021-12-29 13:29:22.068189+03
dsh8h3t1dch0yrs0vyuwmbnef6p1n4mb	eyJjaXR5X2lkIjoyM30:1mxRXG:xYRXn0XV68lYRju5c1wMSVKDv4WTa5ChMmaPlZ4OISE	2021-12-29 13:29:22.164587+03
wtm4pnhxln472reg9mfieekmbb9zu0yh	eyJjaXR5X2lkIjoyM30:1mxRXG:xYRXn0XV68lYRju5c1wMSVKDv4WTa5ChMmaPlZ4OISE	2021-12-29 13:29:22.515526+03
t7myb5u2tj4zqismf1zzx7zt85bgbexa	eyJjaXR5X2lkIjoyM30:1mxRXH:Ih6ei-kNDCaFWBr7p0g10CRnuaL1FnxfaAKkuOVcG6E	2021-12-29 13:29:23.426074+03
7ap1bl6gw6qscwd0qyt9cc90vhnjzesr	eyJjaXR5X2lkIjoyM30:1mxRa1:40UbqOwbNZrdmyDE-d_cPUB3kl0E5qhz1-Uktyy7WtM	2021-12-29 13:32:13.849796+03
4tl1ks0s8gvmfacgkewq3m8gqzz0ttjc	eyJjaXR5X2lkIjoyM30:1mxRe0:TUDbV3WAAc_HKdcJ47DpRw7XrZVzInL0lnY5sYL8LBw	2021-12-29 13:36:20.757497+03
sf36eoxcr9895d3iae2htnb6st0sl06b	eyJjaXR5X2lkIjoyM30:1mxReN:0YmgcbX2eA5z9XnuGoRf01VqZThw_25qfcKEustfpAs	2021-12-29 13:36:43.005728+03
95m2ew7fyi2uyrpmswxothmtwbj1bi9s	eyJjaXR5X2lkIjoyM30:1mxRiy:o78komcr9Z55zSDUEYmKUgo-BCczcVkrEkZws53FbXM	2021-12-29 13:41:28.739757+03
5ng5tkmlff3nnhifzeiol5ho7ztpi789	eyJjaXR5X2lkIjoyM30:1mxRm6:mE2-ywsIKvOqm1YC0ULheRXGG7usowapPcZWOsEDh7I	2021-12-29 13:44:42.826201+03
oohp3ysc2rxt3l9fdmnnw0xzpmr6v7cw	eyJjaXR5X2lkIjoyM30:1mxRq1:4RylJYxdMFkJ3QzCRlZzyq3q9q734dBu2IYsGZ8FUjk	2021-12-29 13:48:45.772085+03
9a9jyhz7j3q9qhrnpc7b8geypt69jv3j	eyJjaXR5X2lkIjoyM30:1mxRyv:JUmGSFgP6Q6qpat3Y06qDoe8RpdUzEH5obCt8Buwrdo	2021-12-29 13:57:57.299139+03
6kewjyuqt5yyryv9ykiqrjuukolglloe	eyJjaXR5X2lkIjoyM30:1mxSKN:l0MqgJ8ESWBKysQZ4p-UwyQZk0NrPbmdLabd9V931jQ	2021-12-29 14:20:07.948088+03
u28b5b8je4ydnuvfbahp2gclo3o2z5b8	eyJjaXR5X2lkIjoyM30:1mxSM6:YhPLl5A1w_Z1T7noBs6KIFoLBn9z4Rv_PZhmRW-aHSA	2021-12-29 14:21:54.43805+03
5hmfhb0br76g7ogwplxz8ju4wufvj40w	eyJjaXR5X2lkIjoyM30:1mxSMB:kSRfR94K8LpOvDRr44ltedRtNeNAkZGsNtmDJvKZMy0	2021-12-29 14:21:59.025909+03
qgsnddx9ik8lqatswrn0cuijjdvnujdw	eyJjaXR5X2lkIjoyM30:1mxSQF:kv9CvCm-gRE9xcGUp8lSnuc8tiN7trcX6IzvT8Kg-64	2021-12-29 14:26:11.620538+03
ln9r66fxedrorg52pbl4nplh7qzjbs1k	eyJjaXR5X2lkIjoyM30:1mxSVJ:b8sNeW2dptkCtH1_8ELetWUh5jlVjL47A6DJZ5nnbCM	2021-12-29 14:31:25.601265+03
73r6v9cc9d7govr2xp301zpqr7cw7x4l	eyJjaXR5X2lkIjoyM30:1mxSZA:Q2uIeMlfro4ljUJ_Y8Fo5bU3DtWlAgFrQrxr-Rc2x0A	2021-12-29 14:35:24.009148+03
hkz97r8eyujrbh9rcifu7bme1vhszwqg	eyJjaXR5X2lkIjoyM30:1mxSZw:SMwt5PeU3RuIAw7OGYGkxDa215kvpoc-HLY7wRc1434	2021-12-29 14:36:12.089483+03
wn4gxjayfx2ft7q55oqrigpad514c40o	eyJjaXR5X2lkIjoyM30:1mxSbt:zR3G9hxQKUMyrCbIT6Za36vT-Stoxn3lLbrbnim4gVk	2021-12-29 14:38:13.60136+03
277uc7ntdj132m4t5ga8yyccisrmn1ti	eyJjaXR5X2lkIjoyM30:1mxSbt:zR3G9hxQKUMyrCbIT6Za36vT-Stoxn3lLbrbnim4gVk	2021-12-29 14:38:13.865745+03
m25e8tz2t357oq5413oho67z0gmzy0kp	eyJjaXR5X2lkIjoyM30:1mxSbt:zR3G9hxQKUMyrCbIT6Za36vT-Stoxn3lLbrbnim4gVk	2021-12-29 14:38:13.961022+03
3mb0zpmix5xbjch4zq5aqxj0s89sortj	eyJjaXR5X2lkIjoyM30:1mxSbu:xcfCZLrIotaX3da-onBGbx3E7_c4Dd_UZlwBxFrY6Dg	2021-12-29 14:38:14.233226+03
vmsuid3dyda2svcxzm2167g7sx698vb1	eyJjaXR5X2lkIjoyM30:1mxSbu:xcfCZLrIotaX3da-onBGbx3E7_c4Dd_UZlwBxFrY6Dg	2021-12-29 14:38:14.330587+03
2543zgolp6695vm0gtubq4bf2hkwq44n	eyJjaXR5X2lkIjoyM30:1mxSbu:xcfCZLrIotaX3da-onBGbx3E7_c4Dd_UZlwBxFrY6Dg	2021-12-29 14:38:14.427345+03
afjoaqgp0jz9skv5g7hdmcz1iecz0a48	eyJjaXR5X2lkIjoyM30:1mxSbu:xcfCZLrIotaX3da-onBGbx3E7_c4Dd_UZlwBxFrY6Dg	2021-12-29 14:38:14.763855+03
s0ldv5qf4gsz9hmulme0tfzpbef67u5m	eyJjaXR5X2lkIjoyM30:1mxSbu:xcfCZLrIotaX3da-onBGbx3E7_c4Dd_UZlwBxFrY6Dg	2021-12-29 14:38:14.764691+03
fd9o7ebadjjl9hqv2ip9lx5egath821i	eyJjaXR5X2lkIjoyM30:1mxSsz:d480ElaWIhXKuyj04rwUdI9y1QE36D2mv1ZNoYGADNA	2021-12-29 14:55:53.401769+03
15vzsm8hmcus62as39f9o47yquoh79k6	eyJjaXR5X2lkIjoyM30:1mxT4t:woRG8FP2X7cJC5xzLyI9is3XzDLuVSroETHKvRpEN2k	2021-12-29 15:08:11.699539+03
o092pepow16vpxf3ropr5oixki73f11l	eyJjaXR5X2lkIjoyM30:1mxT8n:mPHxulJyAzhlfiwmeBuWq-LKKUQrVBEANGeu7eZLHkw	2021-12-29 15:12:13.792756+03
hbempp14kouun14yk1dxzpi37dhwdrfq	eyJjaXR5X2lkIjoyM30:1mxTEL:5Qd_u1yLwauy-xMIU5tGPigv0MJqgfqR8CwiTPDWonE	2021-12-29 15:17:57.209475+03
nn07jcf7wmd05gar1iv5tn4h584mbs7o	eyJjaXR5X2lkIjoyM30:1mxTEd:3dGgBEBnjhg2WHxHSV4dBSFWePaGo6YqNlZFPWthMj8	2021-12-29 15:18:15.367625+03
55wft3p2cy3wj6j7nd8so5uxrf680tjp	eyJjaXR5X2lkIjoyM30:1mxTRc:-qyoCES2Iy24zcJfoGCt7ru36vcKMrFHLESMAxuRE_k	2021-12-29 15:31:40.386105+03
n1zxzzece9ed613sllqxx12ky6tnkfaf	eyJjaXR5X2lkIjoyM30:1mxXLN:lHEQlILqQsVPMAiIT1RuagdJu9cSCFl7U2C4Ak2CQrk	2021-12-29 19:41:29.443526+03
6a9f80dhtjv3f1g84ey34qrpzs9niqcj	eyJjaXR5X2lkIjoyM30:1mxYeJ:wOp4WdXlOznxe-AnPSdzgijZR7vUcKPKsg8sfB5JNEw	2021-12-29 21:05:07.406798+03
rr5r73hajf1y4o0bu7g8b2ooy19a81ch	eyJjaXR5X2lkIjoyM30:1mxZjn:73gNHHh7ckkX6YoC1uWBn4IN81AfjejMUT5icImIOYo	2021-12-29 22:14:51.716728+03
03mog8a4bemr82p3fnzorslbaoiznmf0	eyJjaXR5X2lkIjoyM30:1mxZlE:AzfA7E2WfbGiINKlqhEVr2fnL_BBctRJ1hMVoHoC5VA	2021-12-29 22:16:20.841249+03
9jiivn8lw7noi0ewcnjhljzolga2hibv	eyJjaXR5X2lkIjoyM30:1mxZsU:a_k12vXP4u7YhgOV4IUrUsxmPS7lCDpZhqpM1M7jw-0	2021-12-29 22:23:50.826114+03
8mantsuqfvct87fg8hsxuleyt3nysnmh	eyJjaXR5X2lkIjoyM30:1mxa2F:1hqjmcneXPKQBE_bQ9kKZ4Knb_x7n5lcg3cUaoMrU3o	2021-12-29 22:33:55.451351+03
leirol629vb1q7l5zxxvqrfl1uq5rkpb	eyJjaXR5X2lkIjoyM30:1mxa9V:gYquHjm7IW3GFHGSBKpy8T0h074vOVvwuUcnnkp9-Ag	2021-12-29 22:41:25.456711+03
f8wu5risj8vf6b5u4983mg9df5jpodvc	eyJjaXR5X2lkIjoyM30:1mxaO1:CDTaupnCboYtm2D2srejawGJ3CjRvkS4Xj26wQeS3iI	2021-12-29 22:56:25.435609+03
z9if8dfeawwk1trhe3pwelduejrgj4he	eyJjaXR5X2lkIjoyM30:1mxdok:RPRlvW5_OSXRPO5EXoYAFs1ba-AQpU48vynDvsrIAiE	2021-12-30 02:36:14.261176+03
906dpglwcbtyj2uxxodqzs54bypa2ayi	eyJjaXR5X2lkIjoyM30:1mxdw0:4bdT-CvsxLAvuTduA3GkLwfeCajaV9rj3qrSkS8ohH4	2021-12-30 02:43:44.155862+03
nkxjrybezh87srrhe8h5mpwois8jqcfl	eyJjaXR5X2lkIjoyM30:1mxfJ8:_vojTVlDVyAYXPTR2fdkyz20fD8NjTDS2uesl_QXhdY	2021-12-30 04:11:42.867332+03
kilo1fnnux367wy1z45g5c78dfmfgrmv	eyJjaXR5X2lkIjoyM30:1mxhLj:hxvSJsei6e-7ygx7Zm2lXVc0wUvdcD2JEN0XJk9BAvo	2021-12-30 06:22:31.683097+03
4av3vepeb1bga89vi13rhh3d99jldhnx	eyJjaXR5X2lkIjoyM30:1mxhZB:pWH8ByLmDbOdT4qbz-D1evxJRrwquxcn-M_WAcyPUZc	2021-12-30 06:36:25.695603+03
4i6iwmbz8vajen026i0tylk6r27tmvf8	eyJjaXR5X2lkIjoyM30:1mxhos:Qf-f8pdoHikNc0NOeBqtEAAXGYUjmtzFTNIS0biB3KE	2021-12-30 06:52:38.53548+03
90jxnt0onm9qnxzvv333gl4n0h0oyrjx	eyJjaXR5X2lkIjoyM30:1mxj1h:rrUSaS84ppxDzt5OTW_YNhSJ9oxhpwK9I1uwebYF5mw	2021-12-30 08:09:57.84491+03
eptfufxlfcul8ewmtqn5p9ybji2ch218	eyJjaXR5X2lkIjoyM30:1mxjEq:tXXcBBZopwB_hChcsAMrfunZz3aQi4ba4z4pvMCsp4s	2021-12-30 08:23:32.093458+03
oispf2qhtl41mtqrcvmzyea7hvzu3px2	eyJjaXR5X2lkIjoyM30:1mxjLP:wkwkFsgIls-y6zxyolFCaqGMEyYeQwsqK-1VLwp01AU	2021-12-30 08:30:19.232349+03
na8fhi427qim2i0gcmel56pxtc40arqs	eyJjaXR5X2lkIjoyM30:1mxjMF:dIdBpbWeTUupqk2PGcNz_GsVXLLwVKn4lvXvh2Qbsyg	2021-12-30 08:31:11.634545+03
n5iik98pnj2vkxcjt8oq60rophabduh9	eyJjaXR5X2lkIjoyM30:1mxjOu:wpLoxamK7bfljjL5HIRupOSJMrbShhpaPoYFfYR1Pes	2021-12-30 08:33:56.710728+03
q826mgl623ca9saf27oex7qgp2elhtou	eyJjaXR5X2lkIjoyM30:1mxjXE:x0mfzdAML-DD4XkQ2LFffOQu6Np7WIfh6aIdyDEijPI	2021-12-30 08:42:32.870907+03
b0plxvfwghvjwl3dho3uu6td4n2h8llf	eyJjaXR5X2lkIjoyM30:1mxjYv:LfQyYJlu7Qo4lVVWF_NOkJJrCatfTFAAshLTnb-eVWo	2021-12-30 08:44:17.709094+03
g6dzray8zp1tvxou6ntwzk43te6uvpmo	eyJjaXR5X2lkIjoyM30:1mxjac:_nFp_F_fh65XzQCfeQg4lMZFdfErV-E8VkBw86dOPJI	2021-12-30 08:46:02.485238+03
ekpfcyasle1x2xu1ntfr5fsci4gism4q	eyJjaXR5X2lkIjoyM30:1mxjcJ:beFIZN9BvTZuUyJWGoQ8PdAXzVN3EBk8H5qfKIIhIy8	2021-12-30 08:47:47.286326+03
ir1mbqxp23gye10t3le75cton3th1xzn	eyJjaXR5X2lkIjoyM30:1mxje0:Es0sTWTbbpAT3Dr55kHN2GtgaRYhmpqsgcHDNESbfwU	2021-12-30 08:49:32.12876+03
o5k5md5qco9szx1rw59sppcrkkw87uph	eyJjaXR5X2lkIjoyM30:1mxjjC:aeuPdYB_1XM38RxraBtNZ7wY39a80AYHAv-2QVAanDw	2021-12-30 08:54:54.775171+03
ye6mm85wkfc3jtvzrg7bte5sprs9jmcf	eyJjaXR5X2lkIjoyM30:1mxjkV:ZtiUzRDwPfTTPlD5YbjpAasRWOm5pDHwNVeqQmjq14A	2021-12-30 08:56:15.949776+03
rw7uo4uhfrxysenwim0m5a46fxxi9nee	eyJjaXR5X2lkIjoyM30:1mxjm0:PPHCeSJFaHpuZkEW6oMrFf3RBrNaYkOkJYGyBFD9B_s	2021-12-30 08:57:48.840696+03
mzdq2abr0a6p74osgsjjuqsvwfhjnk8n	eyJjaXR5X2lkIjoyM30:1mxjn7:N4t7NliR-34spssCgixAbVpQEC4XfAjWlBZy8wwnLnw	2021-12-30 08:58:57.493838+03
9bkxi39ugvs7tywy52luxuv98ote8beg	eyJjaXR5X2lkIjoyM30:1mxjpp:TP-49HkjJ91H9w3P42SazQMu6qDaxxf5hmWBQeqOkjg	2021-12-30 09:01:45.151764+03
0w1gm9kfc9azpdhwuclblucge6kh1ztq	eyJjaXR5X2lkIjoyM30:1mxjrE:IbR0M5obehYINnwF3DtA0g_UI9JOvlB3e8sCpXXvNwY	2021-12-30 09:03:12.068741+03
4ffleym2nctimj9xeyl3rwiq8ibas4ho	eyJjaXR5X2lkIjoyM30:1mxjsc:NNZwtMMExDl2iUnpZ33PJttOPGmGO7mw8DvnGIMSWK8	2021-12-30 09:04:38.949841+03
jqg6fvpuauf5ghy5lwrqzpecklzqveqp	eyJjaXR5X2lkIjoyM30:1mxjvF:uYNBvAm3k_YY6AIDZfmwVebCHcOPdQKGjIxar_O5mLU	2021-12-30 09:07:21.433378+03
o5il6pukujixozj3up7ysysij3gtx03v	eyJjaXR5X2lkIjoyM30:1mxjvQ:e1FKonAawf9_ml_1vuuTdqPFV48Jhkn4QmljJ-6Awwc	2021-12-30 09:07:32.724246+03
kboh6kyr9puqgjdcd4ahjpe8ijx20y6b	eyJjaXR5X2lkIjoyM30:1mxjwp:QJmrFQGSPf3A50Qn2nynG3VMx3gxIG7LDjwmKwpECnY	2021-12-30 09:08:59.635102+03
gylnk47x0ysunpx0dq1u62gei6k512bn	eyJjaXR5X2lkIjoyM30:1mxjyL:Lwdk2i8RW9ZI4k49fDvWhEqrvnQV3Z7NLwIsqzWKxxM	2021-12-30 09:10:33.046219+03
d52as4dd8y6mswuaav4sba3tcosy31ln	eyJjaXR5X2lkIjoyM30:1mxjz6:OYE05XgRX2Z8weV981v8xRG6aD8GopSUpSol8XP9kOs	2021-12-30 09:11:20.83411+03
q7dtbtqhw4nshx4yc0wzjisc9qprxa7s	eyJjaXR5X2lkIjoyM30:1mxk12:m1D8wXMgZstOocxbcpUe7cTzjfuyrgsUJDdf3jlAIYg	2021-12-30 09:13:20.33509+03
6p2wjg745f6mx9cbn8a6puqlv1qj4hx5	eyJjaXR5X2lkIjoyM30:1mxk2R:0nSnO0nIjvUmDnKTuqiu0bWGntawDG6OXh5hg7sr1V8	2021-12-30 09:14:47.206349+03
edooba5r1hep7vrwgfhotxqdy5tamfnq	eyJjaXR5X2lkIjoyM30:1mxk3T:Vaf9MDbj09dE2OVTOIkbFNBR_z3szmzngj0tnQmsNsQ	2021-12-30 09:15:51.104942+03
w5gvtkngidgpd55pe5fsppsd737vplxh	eyJjaXR5X2lkIjoyM30:1mxk3q:KSpsP0vXI6gCO0GYbbMV31OV_diGERk3PbTXiTF1_P0	2021-12-30 09:16:14.003024+03
nyygnb5f82xv46yjcd1xg3o0cx4pb1nk	eyJjaXR5X2lkIjoyM30:1mxk5E:VEk_ifRxc5ve2y2VJ3hccE1dtYtpPeJwvj6EpW59B4g	2021-12-30 09:17:40.594149+03
b4wlxtirv226gpkmq3wavnsl1fru8r5u	eyJjaXR5X2lkIjoyM30:1mxkAq:c4VvQEvHR9tXiA55OFVk4efuKbI1h_apYbUaGvMfOtU	2021-12-30 09:23:28.292782+03
mw5xhe6wj3wjm1az7hz3csujx6d7h0e4	eyJjaXR5X2lkIjoyM30:1mxkDd:Vup9UHETcNZBkQ7ICiml538ulFFjlCnYm-omMWKUFMI	2021-12-30 09:26:21.484302+03
n1fys5qq8u5xzeaqy48hvomb51nqid3u	eyJjaXR5X2lkIjoyM30:1mxkGQ:giLsSMsP_rlb9d_gu_j501MIWSOs_7GFtyz9Z5i1eBg	2021-12-30 09:29:14.673126+03
vt43ef5u2g9ey59b7dlq0io84pwcm0hg	eyJjaXR5X2lkIjoyM30:1mxkHp:RK5OHURwp1Cr1LdXCCa4YSRjA02UUUmrX76dEhIZ-bI	2021-12-30 09:30:41.274956+03
xr3rlq5cq84o90fm95qy7uqf7qmckaln	eyJjaXR5X2lkIjoyM30:1mxkJD:KHZCACDg5DjiUtX2tU_eMsdjF8wRGzOZaipTgRQHsBo	2021-12-30 09:32:07.881993+03
2so6cvfa4mqjorwc446otjn4vqdtkdb8	eyJjaXR5X2lkIjoyM30:1mxkKb:cBUUIWDT9OC4ZWqAFIiZNeliBSm4lfpz-SsqnaEZu5I	2021-12-30 09:33:33.753137+03
yub8ufcnuwnitzmsqb3pbivg7s3mavs2	eyJjaXR5X2lkIjoyM30:1mxkay:pQz_0chO9fO98tW-YH24OBJTUmZ7CvsuQTjPw7GLY54	2021-12-30 09:50:28.492496+03
hcm2u43rxscratdc4dcfd6dsg4m68v7l	eyJjaXR5X2lkIjoyM30:1mxkb7:C0MHk946gByjRweyJSgJXVUxWSS9Pwm_dgviqTMgrcE	2021-12-30 09:50:37.280587+03
bnw1igutnbhag97d4109k8iywjzdre6g	eyJjaXR5X2lkIjoyM30:1mxkb7:C0MHk946gByjRweyJSgJXVUxWSS9Pwm_dgviqTMgrcE	2021-12-30 09:50:37.617999+03
7gbewnx8utqtl49tg4p1cw4b63q2dgro	eyJjaXR5X2lkIjoyM30:1mxkb7:C0MHk946gByjRweyJSgJXVUxWSS9Pwm_dgviqTMgrcE	2021-12-30 09:50:37.958141+03
974wxofq8jkhv4c12z5vwswbb5lfpoc5	eyJjaXR5X2lkIjoyM30:1mxkb8:Nv1VfJ_gMYyxql8BiszkRen97VFqrsgezbeghsu7ivY	2021-12-30 09:50:38.07845+03
i2ts6qh5vi0ayvgl7pg9rh7e6kyq2ypq	eyJjaXR5X2lkIjoyM30:1mxkb8:Nv1VfJ_gMYyxql8BiszkRen97VFqrsgezbeghsu7ivY	2021-12-30 09:50:38.19793+03
tlpvc83npqcswcpguw97wo3pjovd60ki	eyJjaXR5X2lkIjoyM30:1mxkb8:Nv1VfJ_gMYyxql8BiszkRen97VFqrsgezbeghsu7ivY	2021-12-30 09:50:38.317352+03
99qynglmqnrymstshse0o9w16j1qxn41	eyJjaXR5X2lkIjoyM30:1mxkb8:Nv1VfJ_gMYyxql8BiszkRen97VFqrsgezbeghsu7ivY	2021-12-30 09:50:38.593139+03
ffd1fyjskjnx9e0pwhrbnpxd7h5wyxd9	eyJjaXR5X2lkIjoyM30:1mxkb8:Nv1VfJ_gMYyxql8BiszkRen97VFqrsgezbeghsu7ivY	2021-12-30 09:50:38.930499+03
ee6du92fl6slp1u00s4nnxb3qeclruzd	eyJjaXR5X2lkIjoyM30:1mxkbN:uZVrn6LdJFEE-S-H9gS0B2ppf1pSvrOqDF4DE6DQHSU	2021-12-30 09:50:53.408758+03
esxn855k1n0u6cid4f2o870zodb4h4m8	eyJjaXR5X2lkIjoyM30:1mxkcp:3_aZUOSaoBBHwPu1EQOM3cLs6suPQnSh01edE40IiJI	2021-12-30 09:52:23.409166+03
o3a7hqyhqvmqitkz5u4w56tinzwubclt	eyJjaXR5X2lkIjoyM30:1mxkeH:p4h-anXCgGbBmjkVH8aVfyQAsNdFQQQwp82SmPNgkmU	2021-12-30 09:53:53.416664+03
5fof7rru2q5styn5v01mb08kiz14gx9w	eyJjaXR5X2lkIjoyM30:1mxkfM:MS-ZbUYnvG6KqQmGr3w5-7G7kwbaI3umqOxvgxD06uw	2021-12-30 09:55:00.310608+03
3nt5xwyhi21brlnbl60x0joutt3qdvw2	eyJjaXR5X2lkIjoyM30:1mxkfO:hMsK7UM3JHjqdg47YFQxqMDyz3a7KOHK8jHl9S4cJjk	2021-12-30 09:55:02.950264+03
v52lvujfh5sior7vkck32uz30s49bod4	eyJjaXR5X2lkIjoyM30:1mxkhB:tNdqdcdIH_6IZ0UAdGIgPnOIKkt2HNb7Iy_gLQXvKDU	2021-12-30 09:56:53.99727+03
1ik9u7ny244qyicbe9cin3qgkl5c7cgm	eyJjaXR5X2lkIjoyM30:1mxkrH:5eWmQribXfOkc-N97HPPcbVQSkSwvX9Z_Ev1H0kF-wg	2021-12-30 10:07:19.96425+03
927eeizgh0y6fw2t7k0366hlfs64eb6v	eyJjaXR5X2lkIjoyM30:1mxkrJ:fjyTpEXkQcdqaSHjjxZkKKZDu2yTLcuK0Kzqxl2Nims	2021-12-30 10:07:21.2669+03
xgowb6d4ukmitolb5z0e0fim2cevhue8	eyJjaXR5X2lkIjoyM30:1mxkuJ:bm-eVqmZNofoi_w5HQCvA5k2q9getVLpeeQGfG5H6NY	2021-12-30 10:10:27.305621+03
hziq5wgbp2mhdv1nyse5mclj917xneoo	eyJjaXR5X2lkIjoyM30:1mxkyH:gg6hBd0uh-jH5WbLQNYpnMJXZmO7HZOtvtpySoQxNSo	2021-12-30 10:14:33.755075+03
bvrqvo5nllu7ijrsowm7i4y4t0aizibt	eyJjaXR5X2lkIjoyM30:1mxkz6:vdDB7LQmvR7ksbJFrr5TSxGcag7F1KoXew9CNZiQmI8	2021-12-30 10:15:24.597544+03
9nsq7qxy2ai26hfj7n21mqlm3rcnktyd	eyJjaXR5X2lkIjoyM30:1mxlDu:YcFKX1Ulqm4zc3hRJCdMu4n9thH32by8sBMkU-jFouk	2021-12-30 10:30:42.807546+03
b073zbw4gjtusjf7i2rfkb4d5k0ojg96	eyJjaXR5X2lkIjoyM30:1mxlE7:puLjVps5EblPitcpHsZfIjLJKqbmXTZ4VyJ8oSi3IGQ	2021-12-30 10:30:55.181464+03
068adjoshfqi2tm5c6a6868nsclg7l9s	eyJjaXR5X2lkIjoyM30:1mxlGf:woyZuikgO9IgynQjFs7DT_qPsjjYb-l1mdm4jPtjHm0	2021-12-30 10:33:33.039745+03
ky2i7omxkdkyzplfmv4yoa3h6srbmb5l	eyJjaXR5X2lkIjoyM30:1mxlJs:xJ_QT8iarDdClD6-aXFs7EmDPWpH6DUgJguYUxBYcxI	2021-12-30 10:36:52.361151+03
xcsts6o1bfkrb7b4ic7bn3e6p5z9c036	eyJjaXR5X2lkIjoyM30:1mxlKC:cSq-CHhEr5_esWZ-gJIBE8iLubr_MvrCgkmCxzHKFo4	2021-12-30 10:37:12.056986+03
tsc155jmxb1eawr8vlptixiy2vyzi31y	eyJjaXR5X2lkIjoyM30:1mxlMT:4YJBuveuZU2JEGMTd-ek_nMFUfCcr_Bt0HkdQLW9-gM	2021-12-30 10:39:33.048208+03
y0ess321nv9aq6jmk11pls73cdsz56vk	eyJjaXR5X2lkIjoyM30:1mxlMe:99aMA1H0n2qmo7y2F3vrUU-XNJFeDdAYLGOU8abSCAA	2021-12-30 10:39:44.388588+03
cnthe39mygpef4g1wqpipwcccjn4754z	eyJjaXR5X2lkIjoyM30:1mxlRg:khFuBEtPNoPPG5y2RofosgkcnjR_M0bI4kgDooPFAag	2021-12-30 10:44:56.142507+03
87gwllvtsxs6fpd7moevlx61ud2eqwkv	eyJjaXR5X2lkIjoyM30:1mxlUA:7XCE6lKCYQqrxJfA8Z8RWqzlWE7Ei9iu1IRnVWqi0x4	2021-12-30 10:47:30.983872+03
2y61nx87ykxaqdfn42uy8q4ajn791fq0	eyJjaXR5X2lkIjoyM30:1mxlnK:iqn9Am5M_xPTavQE_TrUVshgsLobKiyS_DNIctiBcEg	2021-12-30 11:07:18.977775+03
qn6jyf0f1qtwj0bfnoilm4yfu1n23qjc	eyJjaXR5X2lkIjoyM30:1mxlvk:eHJ304HXooUagt-uvzp9mn-Db1nH5iyQt3H8s5jKKFo	2021-12-30 11:16:00.777124+03
y0i5mcoiwjqfs3d5vprq9pbmxewk8utn	eyJjaXR5X2lkIjoyM30:1mxmEP:qizHtIiIfAd-IgdT6Xt305ZqQ7U3aLdP5-xFJBe8ZDQ	2021-12-30 11:35:17.133708+03
9vm6s1vgzgeur4qxpvlclz9z4ecg30tt	eyJjaXR5X2lkIjoyM30:1mxmK4:MkLeuenSX-Hc1Fp1liiripzUnxpzpsmjh1C4czIBIIg	2021-12-30 11:41:08.935936+03
hqs8enw93wbgi8hmzey9llfi3owmlzmz	eyJjaXR5X2lkIjoyM30:1mxmME:hvOtHh88RSEk_QkDpmAXWF0XQHGFOpHp-m84JA-m9A8	2021-12-30 11:43:22.514496+03
99p6icelafd1jujjb3l32mfoyyjg2q3j	eyJjaXR5X2lkIjoyM30:1mxmNX:GTk7e8cyRHHcbOtzfwjla1XcIDJH5E8VXM7CZxQE0b0	2021-12-30 11:44:43.425936+03
rytaltxupzfqvc2afhz78rq17f20q5w2	eyJjaXR5X2lkIjoyM30:1mxmed:_pvGxveD1x13fvSxc8Qu6szsjWEkOBM2R0-dk3T9Vz0	2021-12-30 12:02:23.783338+03
v195pw5rj8tkv2qwqp5wkvh34zp8r09i	eyJjaXR5X2lkIjoyM30:1mxmk7:xFxi65882SqWlzn-qpCc1Qh00OJjMnfAZyCMCsqPnpc	2021-12-30 12:08:03.315337+03
v5xvzw6tpob7seiujxgt18rfydw37xya	eyJjaXR5X2lkIjoyM30:1mxn7o:4Lnpk_qc9uipvUM5b5FLUx5PduCwv7QftCvncgcEI6U	2021-12-30 12:32:32.606741+03
ad0c79iv7i3434gxjw06n6ew29dgcxno	eyJjaXR5X2lkIjoyM30:1mxnDy:C6mITTTvwNp-rBnHSHmOu4NGJpcamcKIcXfo5tvFFqU	2021-12-30 12:38:54.802707+03
3n7ewcrj0lo6vfe1mwojjdgdbwh4vi70	eyJjaXR5X2lkIjoyM30:1mxnf6:P3dPgPZ0RqIyGVNoLawN0mlDCRAuzVAeu4j2lbCOJ9Y	2021-12-30 13:06:56.0516+03
benzohh6ppqc9jiyz11z1vpuy498a9hd	eyJjaXR5X2lkIjoyM30:1mxoDR:gC7H7amyCOCYVJUiIdBrV7kTwEv8L9gZc_aNHh2cHg8	2021-12-30 13:42:25.466967+03
4ipia4w1d3whhuvmdy2mcjdfndx8kgww	eyJjaXR5X2lkIjoyM30:1mxoMe:A6cIMwRhhLcfISEJGHPWmjA-gR07VcWH00C_31_K10I	2021-12-30 13:51:56.821708+03
biath14kjp5hah5k0jq9wpipr60cc8qs	eyJjaXR5X2lkIjoyM30:1mxojE:IUk5U8QihOXmrfjIbeZ71PUn4SnXSGdHVsibJsyujCk	2021-12-30 14:15:16.477341+03
0g13p5yjf2dp1fqsz4c7l4z1iixxozo1	.eJxVjMsOwiAQRf-FtSF0kEdduu83kAEGQQ0kpV0Y479rTTfdnnPufbNQlpcrkV1AnpjDdclu7TT_EQOp2YF6DA-qm4p3rLfGQ6vLXDzfEr7bzqcW6Xnd28NBxp5_a0VokVCiCAb8EH1SChKgCaOUNvgotD0rMDYlBLBmHMSYrNQEWhtPin2-E-88Ow:1mxpam:ST2UGRUSpNSi1iFbVoHkLd0KBHotecFd8A4CpzXNf4Q	2021-12-30 15:10:36.548446+03
urbtzgifzarrjx9n9rj7hmmhgituoygj	eyJjaXR5X2lkIjoyM30:1mxpxN:2kMzU6ICF48zqeV1aSHStsaEdoU2XbnvfR215ue0rsg	2021-12-30 15:33:57.342848+03
0iexg1rr1sq717qg0ve2p3bgy9kfqr7o	eyJjaXR5X2lkIjoyM30:1mxq6F:p1SkT56XTdFoG_OKMd54iLASUQwc9gupaIrP3Ck8VPM	2021-12-30 15:43:07.771711+03
n66ni9296b8u4kikgllzensvepvv6fu4	.eJxVjjsOwjAQRO_iGlmLbdYxJX3OEK29a2xAiZRPgRB3J0EpoJ038zQv1dEyl26ZZOwqq7My1qvDbxop3aXfEN-ovw46Df081qi3it7ppNuB5XHZu3-CQlNZ18kH75nYApwaFzJEhwYjC0WkhMZmTMKQM5Ijb83RA1MQIdMIiOAqTXV-fl8a-_4ARAg9HA:1mxqCB:qpNUd0x-LZYNVLTRo0qLnArnLqiwa_Wj7hSoxi26pTw	2021-12-30 15:49:15.786991+03
mgodngk04ncycb8ecflbk7xndrmclt0z	eyJjaXR5X2lkIjoyM30:1mxqFe:FH2x7v15bhaNupsknGmdqIOLDDeU048_9iHAj3HRNVA	2021-12-30 15:52:50.324842+03
1v4pcqs95bnv1yznzw66rz76d5267616	eyJjaXR5X2lkIjoyM30:1mxqJa:BGYTakNLR3vDdevhyPTc9KUKBPZoyEsXY9KLR4ge-Cc	2021-12-30 15:56:54.319697+03
wfh1khtb7tj8h8jxd2trux3wclh2jeko	eyJjaXR5X2lkIjoyM30:1mxqJi:Nu8iI6aZiq0UHeRNjmk3vB6WHGm6rv9B245VrKotMBA	2021-12-30 15:57:02.435854+03
whn006ee9ixuscb8oenx7qfpl9zbs9vp	eyJjaXR5X2lkIjoyM30:1mxqO1:n0TEE_0PMX-pFt7Z2PGAd99qloAdEhZobqmwqDdnkhU	2021-12-30 16:01:29.274351+03
cbyhagc2ock3tf4c1cc0jhzeqmavhs2l	eyJjaXR5X2lkIjoyM30:1mxqiu:zzw1BelGluJnsnEZiknmpSnL77B2s58DIfO9HAqy19g	2021-12-30 16:23:04.360062+03
sa4tjtavd8jp3q3wcktpi4ke6n1dvjmi	eyJjaXR5X2lkIjoyM30:1mxr1C:sjHm0oW8qESPkvjnAwXZDCipd9ImhLw6obrE9YDZs0U	2021-12-30 16:41:58.702106+03
pvwoxj3yyt29k3l3rfpqfj6gs2jmjj2z	eyJjaXR5X2lkIjoyM30:1mxr2l:UVLH1Gv95HCdl0wRbjk_6640kWRzdQxoMB0YriBoCa8	2021-12-30 16:43:35.4242+03
kabrhpcswbsz9l6fbz3ean9sfyvap3ck	eyJjaXR5X2lkIjoyM30:1mxrLe:ayxlJBrerBpF0ya6b7LL8eouN_hLy3_0PTUYE-qK-jo	2021-12-30 17:03:06.936818+03
04lb6s3itb2z5hprk1q07fai6oxnx8ls	eyJjaXR5X2lkIjoyM30:1mxrLo:47D-Px3gujzIwxBzJ8HX1quQH40MUcNbZSqp9YYQy_Q	2021-12-30 17:03:16.879059+03
7o1aosv6sq44nj1vt7oe009093hxven4	eyJjaXR5X2lkIjoyM30:1mxrMO:xL0UgsZA1ivqqMCTrdzpB2T57UlIpUECtbdHnVn9roE	2021-12-30 17:03:52.615941+03
be393x8ktdtpa5r40j8lk6s2rk3en7wm	eyJjaXR5X2lkIjoyM30:1mxrUd:FCnio-ti66Z-k0ljakZKffJPv0Uzi4ZCoeTCW2usch0	2021-12-30 17:12:23.400005+03
g9jz5nmmxsjalo6e3q1737qqnreyfqcz	.eJxVjjkOwjAURO_iGlmON2xK-pzB8l-MAyiR4qRAiLtDUApo5808zVOkvC41rY3nNJA4CW2COPymkPHG44bomsfLJHEal3kAuVXkTpvsJ-L7ee_-CWpudVt3kYojiwwGAyErIIdoi1e2KAbvC3DQRStTXPQYFfujj5mcQdcBfqQ4LI_vS21eb3iYPYg:1mxrW3:yY4q-EZvgJj2cbcMiGwwkOtsqNpTvs0JwpTsuUkZxEc	2021-12-30 17:13:51.996277+03
orx8i2m8ae5i2dfiimnnhee7pn3skxtd	eyJjaXR5X2lkIjoyM30:1mxruN:Y5PCxJAFIg0ftv3OmWWiMMlx5EeI4hrwud_5kiVpVjo	2021-12-30 17:38:59.358175+03
q70s2rct4z17g44qmr87uszkccps57zk	eyJjaXR5X2lkIjoyM30:1mxsIu:GM7P4vscqPW1D9KWLPEXYkXwbOQvuqavcqjtru9o9TA	2021-12-30 18:04:20.402432+03
9fzokmvrl801k5sgcvl6r5bxeq66a56f	eyJjaXR5X2lkIjoyM30:1mxscn:CggfYPXD7jkkmI3HYOUYpVpaKtct7UUNntB0EdnNGRQ	2021-12-30 18:24:53.815839+03
1teaw1i0ksq17nats7svxby5e0bw4ld5	eyJjaXR5X2lkIjoyM30:1mxsip:fuvP1aNefop4bf6Ttw0xiTCMDJ9I1h8gB7u3rs-h0wY	2021-12-30 18:31:07.73842+03
3mgbup11jc75lkjt24ili1m25mof1zy9	eyJjaXR5X2lkIjoyM30:1mxssA:kpsnGG2BPZYd7Xd9IW9sb6N9-nhI-tInjc9kDs-ZzN0	2021-12-30 18:40:46.772905+03
sq7q21tfmh689kovap2czw21swvpdgor	eyJjaXR5X2lkIjoyM30:1mxth8:coCzrMhf8BDysHNC_b9FFzvJBxD6T3CT5BQi5sTMGfQ	2021-12-30 19:33:26.752159+03
gw4fzap8yvpst3h1gqcs4868eer2xnyy	eyJjaXR5X2lkIjoyM30:1mxuUQ:mO2cdwHtX5ubmkADnO5jlSj0Z6HY6fuPKvwBwlpp144	2021-12-30 20:24:22.998097+03
9jspqgpkmdqurtizti94hlmnroyf8klr	eyJjaXR5X2lkIjoyM30:1mxuWM:ZdpYT55kDtX1vZpY_cA1lC1zQOTo5fo-OEG48mAK6uw	2021-12-30 20:26:22.821398+03
x60h85fs5om2ogm77v92vlhzy7ea16ai	eyJjaXR5X2lkIjoyM30:1mxvMg:9YhTcrfiScHP_o6FVoDV5ER4vW1l2OGClKdjUt8z7bg	2021-12-30 21:20:26.707881+03
envq7llcmknpxobqbmc21oyr90wd6di2	eyJjaXR5X2lkIjoyM30:1mxvve:QAadPixNW-EOy2IbVyVpU8jjswpubXs-GPgX8ktamEM	2021-12-30 21:56:34.495585+03
6j3nvih32a2v5sppm7if7x593ooorhgt	eyJjaXR5X2lkIjoyM30:1my3gv:T_QjRfo29_EC694VVdWZch6hp9wJo2m3fAf3hi2qERI	2021-12-31 06:13:53.695313+03
qkdflx7zn3cqgfv95x3m3ri4w7c1c7z6	eyJjaXR5X2lkIjoyM30:1my3ts:Wzi7y1US8qcgmxxLreuYZaItYPA1rgTGWJgNVKzaPck	2021-12-31 06:27:16.532993+03
ntgb8sril25uvqrgrad2vt2k19f0n00q	eyJjaXR5X2lkIjoyM30:1my45w:07zYM0GDQvph4lhbiqD_NeOVwIXg_T7s0Qnzjj4Do3c	2021-12-31 06:39:44.125811+03
aahifjcxzftkiulqc7kket8jm8naxews	eyJjaXR5X2lkIjoyM30:1my4Ql:IeUwExF_mHj3Pmpe-AvKi1luZ52rMk3ZGblff9tXnqs	2021-12-31 07:01:15.431321+03
mnmxuhsai4x66n8wo7wqw851mtb0p9vf	eyJjaXR5X2lkIjoyM30:1my4Xg:Me_D12V3gMxMCXDp3KD5GhgfybDZeoE7KWKHzv-YUQY	2021-12-31 07:08:24.760764+03
8rp8u18v7mdy69hovxqjmqo0bo3u4abp	.eJxVjEsOwjAMBe-SNYoaJzUJS_Y9Q-XYDi2gVOpnhbg7VOoCtm9m3sv0tK1Dvy0696OYiwnm9Ltl4ofWHcid6m2yPNV1HrPdFXvQxXaT6PN6uH8HAy3DtwZxDoM610QmKdQCegLFHJQxJmZsxLdRktfssQTSBAU1Q8N0hhLN-wPrBjhe:1my4oI:t_DrrONEjvaJvsqUkSKVCPnNKhTtM_yKBLPVWzFcsSk	2021-12-31 07:25:34.854556+03
epijrnep0x798mx1wb5et9e80jcwiv3a	eyJjaXR5X2lkIjoyM30:1my4pa:Z0cRib_FbBnye1ZKCjScs_dl7olAYMJKxGIo43LnB-0	2021-12-31 07:26:54.535788+03
2p1vowrpno28mq5mnf52svmqn8tu5trx	eyJjaXR5X2lkIjoyM30:1my5DI:jQ20KggWjc12q8RGhovJV6q45hDoAO3bWRwimqAqfvc	2021-12-31 07:51:24.333332+03
3tzr0nbpw5yipn6f4vrtu7z2y3p8p14d	eyJjaXR5X2lkIjoyM30:1my5sW:KnUmMFeqe-BFg6DWfeplFi0buWSUcgGYhkMzKX6zdgw	2021-12-31 08:34:00.321295+03
ickhf5vmgdwb4eg4w8eelb091wg48ci0	eyJjaXR5X2lkIjoyM30:1my5xM:n5X8rfc19XJaZDWI76cIIn8b09w6PTvoDHYCHfqdza0	2021-12-31 08:39:00.60859+03
zzikfn7kvv52sdaof9ydteb8kw1rebnu	eyJjaXR5X2lkIjoyM30:1my6Yl:a9CBWIGQVq6AckX0adzxen0R6cMhP1CAR8JiMtyehNw	2021-12-31 09:17:39.294278+03
adwo3efkwoei333lzm8y34b4dfdt3g0o	eyJjaXR5X2lkIjoyM30:1my6ci:4i-SlbtCE_9f7ow-3dD6R8wn5eVpUru_5A0iHaUe3f0	2021-12-31 09:21:44.108638+03
hl04et2wztf18ogil97r3eb7w64ulx7f	eyJjaXR5X2lkIjoyM30:1my6u4:KHe3w1i9BHmRBaf9ZcVkur1S3a99fgPsjvkbti6jgLs	2021-12-31 09:39:40.486741+03
5is4ijot0hqix63w0ylizyodusk7clsp	eyJjaXR5X2lkIjoyM30:1my6we:Rhm5sE9wbXot2ZT20fgv-Op1Dosl3lkwVLdeTwVHr7s	2021-12-31 09:42:20.558956+03
cflpnwj449dlyp1uvcrma86bubvq5imt	eyJjaXR5X2lkIjoyM30:1my720:yudTlhpOMV8Kv4nlWQyoCG-Wx4ZBppQKv7-ajbqyJ_Y	2021-12-31 09:47:52.10203+03
k7s1beaz5i0srqhoqqoce5djfflznw7h	eyJjaXR5X2lkIjoyM30:1my737:6EzMA7aRGP6Z7TNz2z1Nio2qLs2hKE6bp6IP1IwD-CI	2021-12-31 09:49:01.397793+03
b970ee7r4az6oaes9ab0qx7gh6r2a5z3	eyJjaXR5X2lkIjoyM30:1my7LC:YeSdy_EbsPD7JOoSaHGk65AmABbKRlMH3VXq97zg8O0	2021-12-31 10:07:42.680817+03
dfie2p4tbmmxeiz3v5uaiuupd2k62nsy	eyJjaXR5X2lkIjoyM30:1my7MX:Gx7wSca6uxmBDqx1mYnR6EEw2z3FO1NE_RPlAYQ3SRk	2021-12-31 10:09:05.831114+03
0udt8pr721gbueekywocowb7p68i2yq8	eyJjaXR5X2lkIjoyM30:1my7Mz:IiES9qddxY5JDWWwuVbdhoNpqzfQn9K3PngpzRyXj2o	2021-12-31 10:09:33.693566+03
r2fhpnw020u103iex2n5vbla4usne8fc	eyJjaXR5X2lkIjoyM30:1my7SM:fh2qfOjedGOwAEYU2Z9vWJBC1HfGC0VOUZpxSWjmzKM	2021-12-31 10:15:06.064739+03
stc0icu5k7bvcrxffeujsak15l9nr1tk	eyJjaXR5X2lkIjoyM30:1my7UI:0TlqHk8l4YuPTSVlazV1lfP2OgIHSzB8cyDBEEQwtAU	2021-12-31 10:17:06.16408+03
vrtecc47474n1muk8dqadlj1u1qhphuz	eyJjaXR5X2lkIjoyM30:1my7Xe:RKF1qhcXjoLawarrbBlPTT7BKu5CATDdU9w-cV-cqG4	2021-12-31 10:20:34.304647+03
qikgothk2ein1v2udomghjf5saujv3br	eyJjaXR5X2lkIjoyM30:1my7oj:Wmpuf8WC930is9OSouv5US5uAzoucxI-9iDr827a0BY	2021-12-31 10:38:13.725312+03
w0w5y4rx56gmso2lq9iw2hdtcwxofddq	eyJjaXR5X2lkIjoyM30:1my7u8:gUgJMVaP6t0at6Dt_djb_TxRR7JZwOYA7088JkPd3so	2021-12-31 10:43:48.748472+03
v0u652nssrzu63l9dl5erngaacempgbb	eyJjaXR5X2lkIjoyM30:1my7yy:kGKFFR2qKFxtnR4UpFsclB0ZhFCmGKx-lrnSNWbb0B8	2021-12-31 10:48:48.328911+03
40rognzbhw0iea8natfd6dc10oei12dk	eyJjaXR5X2lkIjoyM30:1my86Y:5gKQB0zVvqQ3vIAJgfNVbTUpl9IRweZwKEMdvybHENM	2021-12-31 10:56:38.192443+03
1l1vio1hj43zz2dyxz97bbxwtpmfnr65	eyJjaXR5X2lkIjoyM30:1my90H:grJUQxgQwDqiXkaRb9H9s3SC6F9keGeXaQmI8e9dwzk	2021-12-31 11:54:13.6584+03
wguzl5lwefgp645hhf7jpj0yzhfzmz0u	eyJjaXR5X2lkIjoyM30:1my955:kPJlhFjHfGSm6hHFWjAwB4ddk2MEyM_zuQaqQbclVng	2021-12-31 11:59:11.459185+03
d38y2dywmvj66q7jsikxx878sq6j0vr6	eyJjaXR5X2lkIjoyM30:1my9CL:XboA0zcVv8QkcIj9SyPR8tYJLB2kWqrtTo6N0tohf4o	2021-12-31 12:06:41.472552+03
tihv57oeqfavbyx7262a7v4fz6ycqg8h	eyJjaXR5X2lkIjoyM30:1my9a4:8eRTs2ooShr90ieT0fxvP2zIy_dl_5YXYw1i2CSoyyA	2021-12-31 12:31:12.962729+03
au5fc1l06s49rzrahgaocxiezuk0logg	eyJjaXR5X2lkIjoyM30:1my9bK:YHtsQ2uVxWYwMdpQhGdEEJJ1OQLux7GoHz89-AtblVk	2021-12-31 12:32:30.406581+03
0atscpxce37z3ezwyip6sfnay9wwjg32	eyJjaXR5X2lkIjoyM30:1my9gM:71nUe-IkUsD1Q7BhRPOYt-R6o30auWSmafkqFyvLB8o	2021-12-31 12:37:42.589392+03
nftckq2xrsohd4bp2znl8sye69ld83zw	eyJjaXR5X2lkIjoyM30:1my9h6:movnnJbTjE2rScBTLyZmIwjks5Bs8otz6cCtiygwRX4	2021-12-31 12:38:28.244381+03
vvdyh0qjadnh0eazcb0r1hdv18xjvast	eyJjaXR5X2lkIjoyM30:1my9hy:xEx8j1xg1DulKJH_XZrWg4fPjT4y4minwQfm1238ESg	2021-12-31 12:39:22.831266+03
1xnoda3717vv9hn45l7q6plje63skv4h	eyJjaXR5X2lkIjoyM30:1my9l7:7BU68Nfq7Kx9V7RU86LPegBBfcMkDPtFS5pRSMk_w9c	2021-12-31 12:42:37.515302+03
0mmlmivbk87uu593d3jur0yngw71t9cu	eyJjaXR5X2lkIjoyM30:1my9pK:pbHtj7ScG2aJwM8c2AbneIdblorR-spxoDwH5w7Vjgw	2021-12-31 12:46:58.798454+03
deejoggzclw1mvs25t3e4vrbr8b26r3u	eyJjaXR5X2lkIjoyM30:1my9qn:RHIcN7dWAFHA96kSja9jRYgU5LJiIo_AnM7KDk9aJTg	2021-12-31 12:48:29.227928+03
8yoah5goekp4re55rdbybgce3exujeg7	eyJjaXR5X2lkIjoyM30:1my9sV:j9LnFhBD35NrQpsxrI2_oH2FVUirmb2RE6UB13a7qTU	2021-12-31 12:50:15.496638+03
4req522khwnlojugtiq196exji6s419v	eyJjaXR5X2lkIjoyM30:1my9wz:n75NN5oE-tM1gbb4oVRqJ2gT0_KRVaBqYKDPZ5TexyM	2021-12-31 12:54:53.132495+03
z43u6rbhuh4ep3jmgoyhxaumf17cfn97	eyJjaXR5X2lkIjoyM30:1myA00:YgnDZ-_Qvp2YfqFueq_HMQQRicE5v52rViLVr1CIo7E	2021-12-31 12:58:00.376405+03
fn0v1ve7bncpsfarhqnuwp0w5najinbb	eyJjaXR5X2lkIjoyM30:1myA31:AGBwhGQLRxGZAJXO5QZ5Vscw8hoOqWB9RLkEliwyV-s	2021-12-31 13:01:07.953827+03
20towu4qakyc85jjrn6qosbwmuyj6ma7	eyJjaXR5X2lkIjoyM30:1myA63:UjHjD1k_NEFnvR9Kndmn71ePBI484IcQFsc9dRxUBJs	2021-12-31 13:04:15.502244+03
lwly4kzl4bwj6ya90cc5up2rj8wuba2c	eyJjaXR5X2lkIjoyM30:1myA8W:uG08ZCEWNtilAd56H2RTmC9siJsxWrB9Z2J0uPbdWeQ	2021-12-31 13:06:48.187407+03
fjejgkrlebcq4bvus9cmroo5uedzejbe	eyJjaXR5X2lkIjoyM30:1myA95:rX5Xt6b5izlWhpOUO8sb20UdVxo1vxJazJ2wUFkJb64	2021-12-31 13:07:23.064614+03
6mv35r6fyei1cy7k6ahbzbwexhej7z9k	eyJjaXR5X2lkIjoyM30:1myAJ8:NrnH1jZ7eARAcxP4zs_EXnoNyGV2wKIjlsApJs5CcgU	2021-12-31 13:17:46.2145+03
b4dk803sjs2pkmqmw3f1i5rev6a9xbnj	eyJjaXR5X2lkIjoyM30:1myAN8:1tfyEwUJL-C8Tv7Du5oz71O54T8Hnn8Cy-NZfmIT-Ms	2021-12-31 13:21:54.445652+03
10tcrawt7xoiqe47wnjtlz7sn7hmcel7	eyJjaXR5X2lkIjoyM30:1myAP8:zh5Jlj-IpWxMv2aPyKBbJS-E-aQVD5VdE57fcile2j8	2021-12-31 13:23:58.257692+03
6pbm9eo18cyk2178w8tkn6oneeg6uesr	eyJjaXR5X2lkIjoyM30:1myAR5:p-koaMkYRpEFSik603nn4xfc2SvMX11XUinYT-v2Bxs	2021-12-31 13:25:59.722749+03
m52o9sc3svx53tp5inlt87bm5f0zs78m	eyJjaXR5X2lkIjoyM30:1myARZ:l5E4DPKARpM8zoUokYzzd05hNtRzOYlbmubuqD9Jkkk	2021-12-31 13:26:29.593722+03
i6035e97lhb3is6c2lrzdjxddjgvqrfh	eyJjaXR5X2lkIjoyM30:1myASM:gi3RcCG3rbFLN_stdv22s0VHoE81OFnQJ5pTPI5p2MQ	2021-12-31 13:27:18.253027+03
ykgu1825kndsgbbg5xcy32do4pn3x1ns	eyJjaXR5X2lkIjoyM30:1myATy:tQlV-QV82M-UWcR2uShnU-7QJldr6L1CV77asEabUNE	2021-12-31 13:28:58.248565+03
o74nwodpugy0yjc9ox1wos0h6ljhol42	eyJjaXR5X2lkIjoyM30:1myAeB:mpugiTaYgYONG71zHaMlnMcVF9lMqXth5K90UaAIi7w	2021-12-31 13:39:31.392411+03
ox4x22troadqig03x6wzlo6k37g41j1j	eyJjaXR5X2lkIjoyM30:1myAsK:DQSxrRf42p-ti9uoxBTLYmj4JBkH6wWoPME1JB1F8tI	2021-12-31 13:54:08.310336+03
7gvkqc37pzgsbug75i1silfbuxxrtqo9	eyJjaXR5X2lkIjoyM30:1myAwC:u4MSj9u5bDu9ceDa3gPj7L84ndOEZ22JH3rCIz2lSW4	2021-12-31 13:58:08.917349+03
lvch4h3q0xoiloo6azd7jaywav7oe1sz	eyJjaXR5X2lkIjoyM30:1myCRd:2AaGIso9Yh4XND5UQCvDCXHkbkotxdd34Oi41QEJmuk	2021-12-31 15:34:41.217454+03
d19vgg1l2q6jnk9wr333h5r6bjqvs46q	eyJjaXR5X2lkIjoxfQ:1mz7k4:n2TvXCMQLAnyng3c5ieQLT46K1hz0sLxJukqQd0Knq4	2022-01-03 04:45:32.626209+03
osousn8qacxsjnm79w4mwgi116nxt1xp	.eJxVjsEOgjAQRP-lZ9PQbVmLR-9-A9nubgU1kFA4GOO_C4aDXufNvMzLtLTMXbsUndpezMkEc_jNEvFdhw3IjYbraHkc5qlPdqvYnRZ7GUUf5737J-iodOsaxDkM6lwVmSRTDegJFFNQxtgwYyW-jtJ4TR5zIG0goyaomI6Q4yrlfn5-P4J_fwDibzxS:1myCf0:AeqguE7BUjmUGOAqTJKBhZp-li29qbebaGd_UjHxxPs	2021-12-31 15:48:30.001392+03
zg17ekjaualgtrq2rl4hss7w1whkv11l	eyJjaXR5X2lkIjoyM30:1myFkb:gG-wUezHAUJsw9W702HV8mH0AiMKmClgRZSxRLJHWeE	2021-12-31 19:06:29.627388+03
ohpn1lh5ttjfzsl5t6hnexk9kdr4b90r	eyJjaXR5X2lkIjoyM30:1myI54:bvIMAR8GFiurY3US02p70NwfP9GJ88xGr3bESMGHz9w	2021-12-31 21:35:46.62792+03
glrkagb9vpv31b2m0yeu254w7scn5tab	eyJjaXR5X2lkIjoyM30:1myJBh:fKcmCWqPgJ-As36N8ZHyg_FQMrUNWJc43fI0ydeVjcg	2021-12-31 22:46:41.358177+03
2qrdnmm1r85zi71h7j3u5dj1ftdy6sc2	eyJjaXR5X2lkIjoyM30:1myOc9:dQ94A3ysHAGmNaRK1phi6trPAqBVuLLrgcIerLtOhPI	2022-01-01 04:34:21.455138+03
ccuhaj59y0n0behua5076s8y452rirsa	eyJjaXR5X2lkIjoyM30:1myOhx:MHsCyHv2RKxMVXvgvq1Uh60q44AnPXaJo_Y_3kskcdI	2022-01-01 04:40:21.881743+03
qt7w50us9dh9mfk4t5lvfpxpykjpzxs1	eyJjaXR5X2lkIjoyM30:1myOnm:a9UIPY-_qJfr-BWsxBThefYtTbsPI0dsTjAbBlD4AT4	2022-01-01 04:46:22.194255+03
2oq3r9rx33gmdieb9lyr13vysj1latv2	eyJjaXR5X2lkIjoyM30:1myRg4:csl6So8mbtn3QEhmywPB7sI2kpJIeG3aQRCABDgWbRU	2022-01-01 07:50:36.033435+03
qq31gy3aguj1njdp436jl1kdpbl4qo4j	eyJjaXR5X2lkIjoyM30:1myRnJ:aTgSxfrfzlBcdsmHOJ5-o-FGSZsPY7OKC0IABVZIQ-E	2022-01-01 07:58:05.831382+03
zgiywnk0g05c2ym81sob7efggjaqmk0t	eyJjaXR5X2lkIjoyM30:1myRx5:lN6_amhP11tTuHq_lfeBxeCG3WsydokrVKdpuH7oMSY	2022-01-01 08:08:11.66969+03
jkes0v6jhsnb44jpxz0rl25amvhl8wjh	eyJjaXR5X2lkIjoyM30:1myS4d:27CULNavD0tqy2eVO60zHNhpO9CsARMSyNSDCYmIZnM	2022-01-01 08:15:59.218724+03
j3awcgv60rdrgnu1mw1f2worx6dnloug	eyJjaXR5X2lkIjoyM30:1mySAi:IpfMVbuERODwsaYFvvkPG5F9afcR6V2zukLbYpvDamQ	2022-01-01 08:22:16.562525+03
91k4khxbt9a4m2dkvyjqhbfru1n2wnb8	eyJjaXR5X2lkIjoyM30:1mySJ3:LVjAFkA_CBOUTxq81iDpfyvR6Jc-KgFVNYQkjESP46w	2022-01-01 08:30:53.347871+03
sjn6fet9m3evfu95y98a8wc7i607e281	eyJjaXR5X2lkIjoyM30:1mySLp:rPntvU1sKjeIChliiV8TBL1wuIVqIQVdf5IWo0i7KZc	2022-01-01 08:33:45.612825+03
vxvh61f70ye9sjmyoi0ykl5ydjmkvrc1	eyJjaXR5X2lkIjoyM30:1mySRM:6ciPxGcTqh-mau75CRAMcdwJTSHVsbmMSBk-f4t_S7Y	2022-01-01 08:39:28.93604+03
io5toxm8qkvp07ruoefksg2pjjuhmvp1	eyJjaXR5X2lkIjoyM30:1mySU7:SeM96p80SLAwg1lEdvwS4HdRqFgmCQORtYkdz7eEs9k	2022-01-01 08:42:19.988764+03
3tzqn9zdyvvxbaz2693za15sjvfdz83j	eyJjaXR5X2lkIjoyM30:1mySWt:gWt4kU7WF9npu2qCdnSShea1Qkzn7GM0NnBhO-dKeTY	2022-01-01 08:45:11.043959+03
jqwuehayinq64i8qr6s2x7ldgh2f6jmu	eyJjaXR5X2lkIjoyM30:1mySZe:H8uyGyQrZlFlV5m9D5YtNQdPEMoUB5WulId4NBTGskg	2022-01-01 08:48:02.16788+03
zlm14podq4wsqonz9rh97a04nsxzpern	eyJjaXR5X2lkIjoyM30:1mySe1:MevocTSwwal7s8l3Uvvt_pGsEAL0IDOW-bRy7eu81QI	2022-01-01 08:52:33.684534+03
xq018ydb23xi8eyzd0cnfgng616t76po	eyJjaXR5X2lkIjoyM30:1mySiP:3uOkNUFKwpk9heN4EY1luyL6suPDnncasDORaP0USlg	2022-01-01 08:57:05.255995+03
9jh35rhzix7klqz4pqs0j3kzgwiskjus	eyJjaXR5X2lkIjoyM30:1myTGM:8uEa74__r_GbAvHfzP5J0XBlWpSAja-QKcUQRt8VjAM	2022-01-01 09:32:10.667523+03
comd3okf0t31btg5wp4huc3c5cn2z9bv	eyJjaXR5X2lkIjoyM30:1myTPx:RIADfw-HOzeEBn_NXEU5sGHUMcxCflDvQQcnUcZCTUY	2022-01-01 09:42:05.526444+03
f6ru0ormcn8ry48t5ev5qzx5qyn165yf	eyJjaXR5X2lkIjoyM30:1myTeT:jJs-2donfr9FmURgCtcIsoX48ebwtLINk-C1yzPiy8Y	2022-01-01 09:57:05.259431+03
kuiy73j742e8ild19p5ncxdaeh8s8efa	eyJjaXR5X2lkIjoyM30:1myU0F:SDlARIz9FObD4GjXHFlsfkZPXTqcYtr7BDa6a0YIcBo	2022-01-01 10:19:35.428368+03
xtwolpbj5ph1ue3l1gm50fez2mlh10ac	eyJjaXR5X2lkIjoyM30:1myUEl:bPie4K-LoLMrHmOO2JxfrBJrAknih4j-a6f05-9FWro	2022-01-01 10:34:35.498472+03
l78itt8q6wm3kwoyoruw0dcio2ix2mfk	eyJjaXR5X2lkIjoyM30:1myUS4:9-a3b6ukAQp7JgZX1rCSF1v-3GcSCbv6QgMBzjm1aOw	2022-01-01 10:48:20.246089+03
0t01fyohmg8q9uyw23ph4vnxrfou83lz	eyJjaXR5X2lkIjoyM30:1myUZK:mHtYoe6NV9rmnQAoSP3m8XZlBh4Sbfx5uO3Mtvc5tZw	2022-01-01 10:55:50.69818+03
gp6md1hi7qbunosv1cy8k82qkadghys5	eyJjaXR5X2lkIjoyM30:1myWmF:Du8NYjSlTl7MlKokuda4DD7os__7-gb8aJPQ7QXtZzc	2022-01-01 13:17:19.888926+03
dzdx7xpl8chkwai4ab091zdmk3pnjlgc	eyJjaXR5X2lkIjoyM30:1myZzU:S6MzbCEyp1375icHmwlxDjVgKPNuXzQQe2Z4hfbOyKA	2022-01-01 16:43:12.580613+03
evtbc2yhyqhd94a2guwxopjudxzmb0fc	eyJjaXR5X2lkIjoyM30:1mydKT:uV4sUmZSseFgZ7fL1rnPhiau-s-5YvY7FBKtP3fOsJc	2022-01-01 20:17:05.109885+03
6n4sdzkufvu4olz5pen910rjvru7acj5	eyJjaXR5X2lkIjoyM30:1myfUz:k42_xrGPaviYwvFdbxbH5dTLfHV3Bm7lDNpUPPbcnQg	2022-01-01 22:36:05.795869+03
0azvqzmcr6mzqkg9qk9863i5ka977k1y	eyJjaXR5X2lkIjoyM30:1myhQj:nhJZyRPyMZE9BkHGxhLWXvLhSUWawJ0uZowNX_6DKc8	2022-01-02 00:39:49.349528+03
ux05v717lrrsek3qzu4u5owu9f6maltk	eyJjaXR5X2lkIjoyM30:1mykED:7yqUwbbxHbkU93QpuviKB5Ja4_siQxS-rJC6s_m_sDQ	2022-01-02 03:39:05.977779+03
jibzdponzff891xcri5w6e098wkcjign	eyJjaXR5X2lkIjoyM30:1mykXA:TrehQbWmDxcQgWqfPr_wpdYl4GImYe6nhw7a5PWNnFc	2022-01-02 03:58:40.531122+03
4ddw0xe49wvlzr4yeci3fvetckenwn27	eyJjaXR5X2lkIjoyM30:1mykoc:PVItt3w2Ju-y_edAk4Gy4dpLzb0koYGErnsLmmEIKPE	2022-01-02 04:16:42.310193+03
2cu6hlq79l7sanxo5i9p7049zloxlwr6	eyJjaXR5X2lkIjoyM30:1mym0E:i3lKQCGDvaDRq61lMcL8vARHDv2w3w9znH2an-Fz_CU	2022-01-02 05:32:46.33669+03
islqs1id9cok0z99p55wemf6flnk9syl	eyJjaXR5X2lkIjoyM30:1mym7U:BGvrjrB52fZzQ_l8CPFR7fEgY94xo8iGcoRNsLbqIdI	2022-01-02 05:40:16.337194+03
i926ltgbt9ay41gpykl80u0l4giiu27t	eyJjaXR5X2lkIjoyM30:1mymLH:FrRYm-66VUXgCKem7dzpbXetSOru_ibmU4dz_sy7-4k	2022-01-02 05:54:31.142054+03
ktloup0ldgf7eoe784o9m9a6nkkwtgor	eyJjaXR5X2lkIjoyM30:1mymNj:kmu1BE0q-eqlwMGG_Nzapu8oX_iEP6_-4NsFO6afINY	2022-01-02 05:57:03.573882+03
zfw4sxmbmt2oapwequm52bahhnvwcvwh	eyJjaXR5X2lkIjoyM30:1mymTQ:y_fDaG-EUCNr6Pl2URTxmzFJzwgC4-deIPnTqbKuTE8	2022-01-02 06:02:56.161709+03
2twqgq14mjlflscuamab436i5b6in2a1	eyJjaXR5X2lkIjoyM30:1myp9t:20-KKrvUsdeISgcuRPO3T7Rf6KAK5Rprdmg24d9N07A	2022-01-02 08:54:57.88877+03
mf1wxz1bl2hd4unmiq326xqm0td0j19w	eyJjaXR5X2lkIjoyM30:1myqyE:ZEAHD9onneP7JNxRa-ECF-f5ZpQ5ab2wG74N0Cs0bl8	2022-01-02 10:51:02.594847+03
ef02gxj5vn6veeg5gfee8ipq7ti0gikc	eyJjaXR5X2lkIjoyM30:1myr6d:H97_yKB8EyTAO2b7LFkAIMLd1gyXXP1cXCyAWVsjlFA	2022-01-02 10:59:43.660545+03
4qzttscn9mkubr1yadsn19whx6v4oxmi	eyJjaXR5X2lkIjoyM30:1myrCk:KBTg864novRRgKjw91QG2p8-5ONQfTsp6HS4kBGwG8U	2022-01-02 11:06:02.602535+03
yvzc9lzi4rsnuseafx8senu85mudynu6	eyJjaXR5X2lkIjoyM30:1myrK0:nK-Dv_p6Z_U7SIc9lgwTWzqsTeiPV2YsKCZFs5oRazM	2022-01-02 11:13:32.887501+03
rjxu97xqeggsxarjjfq3cj1nggozsig6	.eJxVjMsOwiAQRf-FtSGFoVBduu83kBlmkKqBpI-V8d-1SRe6veec-1IRt7XEbZE5TqwuyjqjTr8rYXpI3RHfsd6aTq2u80R6V_RBFz02luf1cP8OCi7lWydxiYA5eLA0IFPoEDySyUI9WGcpDJ6Bsu9CFgSxyftz6gB6MGJAvT9VCziw:1myw0y:xJNCPikain3XHmQf4X-x770l2lQ-QtNo-7DkQe0dzvE	2022-01-02 16:14:12.301318+03
o9nhur3ej36g3t5gh88m9mji1qyr1dg9	.eJxVjEEOwiAQRe_C2hAECoxL9z0DmSmDVA0kpV0Z765NutDtf-_9l4i4rSVunZc4J3ERzonT70g4PbjuJN2x3pqcWl2XmeSuyIN2ObbEz-vh_h0U7OVbE2n0ljiYRM4FFTQHZYhBB7A6IGVMxI7yMFgCAgB3zl6xMsDsrRXvDx23OFg:1mywDD:KD2zgpY30j0FLXQ21bobhzVdCVPkY_JuIh3HoUzC_z4	2022-01-02 16:26:51.315394+03
j894zgshgloex62ttcy6mdgresuvqvzf	eyJjaXR5X2lkIjoyM30:1mywDP:BBMRAWSvjNnVvZz6Lup8Kj0PWQWmjNuTXBKw8Xku0O8	2022-01-02 16:27:03.427548+03
zslwd81edptatvqgykcltvnuigxywrs3	eyJjaXR5X2lkIjoyM30:1mywbE:iQ_vUPAoPBJK6-NMkBRQwvucwBIFuldL6RGu8kzeW2Y	2022-01-02 16:51:40.68242+03
m9x2k45e1fnwaqltvs8wzzg740zb2int	eyJjaXR5X2lkIjoyM30:1mywow:XHYwRZ11K1hFKfVXvKHJtw_OZ2FfQ4837so-3fsoof8	2022-01-02 17:05:50.059328+03
6dym1n62e9sevzxquum42jic11tywxd5	eyJjaXR5X2lkIjoyM30:1myxGy:mL6YLzi0LN5SQ8VGl-I1oEJQdZT-mEBRq0dPUvSwqb0	2022-01-02 17:34:48.127069+03
n4avf99ozgieahlql7uidd170mdl2d6s	eyJjaXR5X2lkIjoyM30:1myxXw:6OMVB_iMespgtnb-D6zDuulHANPXxus9dc6I0EAlob0	2022-01-02 17:52:20.738336+03
okjub19k5szg0q9o9pvn2emowjc0hg5h	eyJjaXR5X2lkIjoyM30:1mz9jK:8t4JCPCCNNVJsmlM-bJGiXrgcNwk73vq-Ouk0Gy5koE	2022-01-03 06:52:54.82324+03
46bd3pdqdidpdhjjzbt6yigdwjzic5ne	.eJxVjMsOgjAQRf-la9NM6bQWl-75BjKPIqiBBMrCGP9dMWzYnnPufRsZyqsd1FwqfzItraVv1yXPf2QqrMyBMskjj5vSO423yco0lnlguyV2t4ttJs3P694eDnpa-t_adYLMRICIEr1PXlg1BmR1LOEsQC4KZ8yQ68iSXAIIIXS1-ggM5vMFGMw8mw:1mz9jg:_HtvAs6LIft9qdR9S24nONKXf12zeGqVbIW_kDcN5H8	2022-01-03 06:53:16.784034+03
rtzoybt6bw4nw41c0isnbga47tvmpfym	eyJjaXR5X2lkIjoyM30:1mzBGx:rSafDXXbugUu1tNefJU3jpoAyjXM2XYItqmLBj84f_c	2022-01-03 08:31:43.052109+03
jjz3xeiwkk6u9bmpp7uukj2qj12ly5e5	eyJjaXR5X2lkIjoyM30:1mzBlx:uUehhY3A6ttup4v7IyB96hsM7mIE8ZXwqD8slbuOeis	2022-01-03 09:03:45.495645+03
qbszkalno2yoha8rapwk0cov44p92f98	eyJjaXR5X2lkIjoxfQ:1mzCV7:4wez5_qYjwK5-bUifx2iBfll0qtljsZsXK1L8NYmARY	2022-01-03 09:50:25.961855+03
yfw29qq2e18ngztp1k40hesxa9ill0lb	eyJjaXR5X2lkIjoyM30:1mzCzV:Ch4XEq2RsHIZjtaqTHK1cY64haT17kjgl93nza7nJtM	2022-01-03 10:21:49.835733+03
g2uh4875uyygole5i8fsww6phhz54wbe	eyJjaXR5X2lkIjoyM30:1mzDU1:ELDBqFgxUJ5MO8-HI5sCw-t6xVDnSl2TlKPGy7770VY	2022-01-03 10:53:21.085558+03
qvh845o03mts28845k0wdu902m8gnh4f	.eJxVjMEOwiAQRP-FsyEGFpZ69O43EJZdpGpoUtqT8d9tkx70NMm8N_NWMa1LjWuXOY6sLsrYQZ1-W0r5KW1H_EjtPuk8tWUeSe-KPmjXt4nldT3cv4Oaet3WKZydhIG3sMKpECNCwAJoxHMwREAegUO2zgKVXIyzrpAUQgDw6vMFQBo4vA:1mzDXy:JXDMd1VnqYvSyY42yT3hpJZrZpzI-CPPm_XSVfsPaD0	2022-01-03 10:57:26.275401+03
0bvl1xhf12n1i3fipo0h9hvrjm185o67	eyJjaXR5X2lkIjoyM30:1mzDbH:yV5qKjQxRzhoJ0KYhqB8Vo_-bZgCpS8G3du8ySq0ZmE	2022-01-03 11:00:51.071704+03
81txjdqv09y4gr3zl0oyrj2y66c0gugu	eyJjaXR5X2lkIjoyM30:1mzDjx:VhpQs-Ga2Wn3-cDwQLSXAjS6xdIm-XAQoR5Y8Uh7_RY	2022-01-03 11:09:49.018654+03
2j445e90n1jm7pc7gmfjcdshor4c8ji0	eyJjaXR5X2lkIjoyM30:1mzEDT:tUpdHdEMMkyLkEGyN5FQfQtSmDMS367VIMtLDjNCNTk	2022-01-03 11:40:19.189983+03
pexfyen7wdmcg3co4if03t0r6wsm0m3n	eyJjaXR5X2lkIjoyM30:1mzGOv:bDj-Yh568Tdtl_nNaScfX3f4M20obywLsggU0zkasVU	2022-01-03 14:00:17.20048+03
wbx6c5dkv6lok0451mjjfmjgo0c4wxdz	eyJjaXR5X2lkIjoyM30:1mzHgz:MYzfOyjEtmUywKoSlDSi1U_rvm4VjvJa9I4Nhh59x_U	2022-01-03 15:23:01.801612+03
wtu815lwleodswmxuz3vl3yfuctniggp	eyJjaXR5X2lkIjoyM30:1mzJIp:XTCPkLKVlmnac8jR36vSmbbSeIC8hztGFA_l395eZNo	2022-01-03 17:06:11.15642+03
09gewale5qbo7y0ub07mdslxtmvnuiws	eyJjaXR5X2lkIjoyM30:1mzKmP:gd4MWc5OCoSTIAuK3nJe_xvNP9t5xmV-g0CRrmAipRw	2022-01-03 18:40:49.968273+03
cdg0y1pqw1re60jdo3s0tml8qbgohqvl	eyJjaXR5X2lkIjoyM30:1mzL9N:4KLOLl2kldqRQSLcVM6QNlpx88tV_s44bXMKP0FaEqk	2022-01-03 19:04:33.871335+03
vkzz7ft2cbjakbarygi6mk9kkozqqhg2	eyJjaXR5X2lkIjoyM30:1mzLUd:zROpuJwX-kxPaQjuN2IjbWuEUUjTvR_cb9cWtKY2lxg	2022-01-03 19:26:31.637741+03
jgqeli5t66ledldipno5zcxib4j2ybxv	.eJxVjjsOwjAQRO_iGlnrX9hQ0nOGaO31YgNKpHwKhLg7CUoB7byZp3mpjpa5dMuUx66yOinrQB1-00jpnvsN8Y3666DT0M9jjXqr6J1O-jJwfpz37p-g0FTWdcLGBkQ0HDMZQnDBehABQLQZkJ0XcHyU3EYxPpAkKyTsU7BN2_pVmur8_L407w_YeTv9:1mzO4L:235TrvvuYu5ykzMMwfITruqlXRTqTXaDaoEr5l1yGxo	2022-01-03 22:11:33.770572+03
4i9gl2eu6jri6km0j7iscdagtay657cg	eyJjaXR5X2lkIjoyM30:1mzOSZ:2T7YvYLPjd5qOauPhmdNFnANLOA2Lve3I_Ln2KrtUng	2022-01-03 22:36:35.397195+03
sfeoeewxnwwhp84cnpwijmjqw4wwx5w2	eyJjaXR5X2lkIjoyM30:1mzOSx:WELs7phJ7aFx4tv6du-n12Ce5-v4UfxgNnjYiBlNg1s	2022-01-03 22:36:59.284278+03
g8rhl4l5m3c19qdp7ml48heummqj2ac5	eyJjaXR5X2lkIjoyM30:1mzX4C:z3vQML5T_hiYhP6N44Qsw_rBzX5dNd5-lS67Oxq671Q	2022-01-04 07:48:00.09685+03
9hq7crtdvjoba38zw5qyjz8uhxxhxuch	eyJjaXR5X2lkIjoyM30:1mzY0E:D4UyJ_B9vmrlv_ewkGrJSowckzXw4Zf0SxiciSBafKY	2022-01-04 08:47:58.000199+03
mzhsi39opsd86h6lxhhpn11uzzupr3u6	eyJjaXR5X2lkIjoyM30:1mzY0g:0gr9NmObfEl2DtfSi6Ud9pqus87g2tkVNeGwATpayTY	2022-01-04 08:48:26.130368+03
ykr2m65ra2lmrpk3m8h1cb4xbt5nq469	eyJjaXR5X2lkIjoyM30:1mzY0g:0gr9NmObfEl2DtfSi6Ud9pqus87g2tkVNeGwATpayTY	2022-01-04 08:48:26.326287+03
dl088w137p5g3l8h5d8sh3oelag6twhm	eyJjaXR5X2lkIjoyM30:1mzY0g:0gr9NmObfEl2DtfSi6Ud9pqus87g2tkVNeGwATpayTY	2022-01-04 08:48:26.550565+03
kg5svz8fg7qed43kj0pr5g3skoama9rt	eyJjaXR5X2lkIjoyM30:1mzY0g:0gr9NmObfEl2DtfSi6Ud9pqus87g2tkVNeGwATpayTY	2022-01-04 08:48:26.75913+03
jv2q1344t28ll2kyrjpgsovd70a8va4k	eyJjaXR5X2lkIjoyM30:1mzY0g:0gr9NmObfEl2DtfSi6Ud9pqus87g2tkVNeGwATpayTY	2022-01-04 08:48:26.999412+03
7n8xgjtlg2ms2oiiyhu5my84431o7po6	eyJjaXR5X2lkIjoyM30:1mzY0h:ZxXCNhUFzA6rODPi-61roW2TGnds5tTiWqH_wtkf848	2022-01-04 08:48:27.214022+03
fv7fku7g9ea7ovf7g0p4q9rflzd2q42m	eyJjaXR5X2lkIjoyM30:1mzY0h:ZxXCNhUFzA6rODPi-61roW2TGnds5tTiWqH_wtkf848	2022-01-04 08:48:27.429245+03
0by52oguifs46i7ka19jlgjqyztc9t4z	eyJjaXR5X2lkIjoyM30:1mzY0h:ZxXCNhUFzA6rODPi-61roW2TGnds5tTiWqH_wtkf848	2022-01-04 08:48:27.628016+03
1dojlvr0rel9fquh4h3l2meqq45luqyz	eyJjaXR5X2lkIjoyM30:1mzY0h:ZxXCNhUFzA6rODPi-61roW2TGnds5tTiWqH_wtkf848	2022-01-04 08:48:27.8501+03
ozw4tscu8axa36ttyjg5wdgioko04v3h	eyJjaXR5X2lkIjoyM30:1mzY0i:wjpA_4r_OrRhzYndDplbIZ3uSCjA65XbwE8B-Lvk38g	2022-01-04 08:48:28.060075+03
0azisu84mahzl10q176wfzc9gdn05fns	eyJjaXR5X2lkIjoyM30:1mzY0i:wjpA_4r_OrRhzYndDplbIZ3uSCjA65XbwE8B-Lvk38g	2022-01-04 08:48:28.27874+03
3dd38lyqk6amcoebfxb25t55mn2aug3h	eyJjaXR5X2lkIjoyM30:1mzY0i:wjpA_4r_OrRhzYndDplbIZ3uSCjA65XbwE8B-Lvk38g	2022-01-04 08:48:28.481871+03
q2nlb7o986vjw486l36s3q9xbjy9xgwk	eyJjaXR5X2lkIjoyM30:1mzY0i:wjpA_4r_OrRhzYndDplbIZ3uSCjA65XbwE8B-Lvk38g	2022-01-04 08:48:28.689684+03
y2qi0c0c06etfu7th48wgel24gfr07q2	eyJjaXR5X2lkIjoyM30:1mzY1b:pKW-UVgX4h0hekPhXSTeg6YhJHZQHqm1OJ1gCZaRlVA	2022-01-04 08:49:23.955883+03
q4qoklnyqssrkq0m771dzk40kp9jxlsv	eyJjaXR5X2lkIjoyM30:1mzYr1:fd7vL418jip0JgGKwSHeNeNl8-_qaS4lJUt6Op4Zmp4	2022-01-04 09:42:31.403299+03
qal78r24ixip705j0788vfhdar5ime7l	eyJjaXR5X2lkIjoyM30:1mzZA3:Z2ymMbKpclReJ2lmSNF6MJuxito7rqPRp1UWaXdV5O4	2022-01-04 10:02:11.157209+03
pbc6uch7wshpacdwy66snkbavdjcoj54	eyJjaXR5X2lkIjoyM30:1mzZA3:Z2ymMbKpclReJ2lmSNF6MJuxito7rqPRp1UWaXdV5O4	2022-01-04 10:02:11.238887+03
qmcxx8oiva5em4x3xstzozg9pr8q5izf	eyJjaXR5X2lkIjoyM30:1mzZA3:Z2ymMbKpclReJ2lmSNF6MJuxito7rqPRp1UWaXdV5O4	2022-01-04 10:02:11.308222+03
trzs6r3bb7546gth0sjmdduu5s7nbec8	eyJjaXR5X2lkIjoyM30:1mzZA3:Z2ymMbKpclReJ2lmSNF6MJuxito7rqPRp1UWaXdV5O4	2022-01-04 10:02:11.379058+03
0kz67y82tfakj6qfluiejwuzs62pu91t	eyJjaXR5X2lkIjoyM30:1mzZA3:Z2ymMbKpclReJ2lmSNF6MJuxito7rqPRp1UWaXdV5O4	2022-01-04 10:02:11.447764+03
5l8ecnbt2j6nfx5t7iewkx7xsg51rwbp	eyJjaXR5X2lkIjoyM30:1mzZA3:Z2ymMbKpclReJ2lmSNF6MJuxito7rqPRp1UWaXdV5O4	2022-01-04 10:02:11.516418+03
ok5o2jmfhfs2cij3szpgzh9l9pscuwir	eyJjaXR5X2lkIjoyM30:1mzZA3:Z2ymMbKpclReJ2lmSNF6MJuxito7rqPRp1UWaXdV5O4	2022-01-04 10:02:11.59248+03
m6cxnl3izijmm1q66aelhg43nvzvot2s	eyJjaXR5X2lkIjoyM30:1mzZA3:Z2ymMbKpclReJ2lmSNF6MJuxito7rqPRp1UWaXdV5O4	2022-01-04 10:02:11.671048+03
esg1f40rareclvtngip5jmtkcpjkxy67	eyJjaXR5X2lkIjoyM30:1mzZA3:Z2ymMbKpclReJ2lmSNF6MJuxito7rqPRp1UWaXdV5O4	2022-01-04 10:02:11.740115+03
hu8xhkflrocvmxiu9gab7hocb63m9hlp	eyJjaXR5X2lkIjoyM30:1mzZA3:Z2ymMbKpclReJ2lmSNF6MJuxito7rqPRp1UWaXdV5O4	2022-01-04 10:02:11.81369+03
f69sr11dbs4sl2mnys9lhe59pjvhh57y	eyJjaXR5X2lkIjoyM30:1mzZA3:Z2ymMbKpclReJ2lmSNF6MJuxito7rqPRp1UWaXdV5O4	2022-01-04 10:02:11.885358+03
no6yfvrn060k5xmav9vv7vppbc3mpgj8	eyJjaXR5X2lkIjoyM30:1mzZA3:Z2ymMbKpclReJ2lmSNF6MJuxito7rqPRp1UWaXdV5O4	2022-01-04 10:02:11.95716+03
t5u5qjstflv02rwc2ztinfc1y3uthm7o	eyJjaXR5X2lkIjoyM30:1mzZA4:Er-sHccu_8yJzCknvWuLTBviySKKWZWAPKL34vKn6qA	2022-01-04 10:02:12.028369+03
lym64g0qbuqxlyrbc7pbj5qw2wokhj8l	eyJjaXR5X2lkIjoyM30:1mzZA4:Er-sHccu_8yJzCknvWuLTBviySKKWZWAPKL34vKn6qA	2022-01-04 10:02:12.096136+03
b7vzpyx299frtvhrdtos9hey6sskgug9	eyJjaXR5X2lkIjoyM30:1mzZA4:Er-sHccu_8yJzCknvWuLTBviySKKWZWAPKL34vKn6qA	2022-01-04 10:02:12.17326+03
dldk44op1nn9u2vxeeudppqvzx40yghb	eyJjaXR5X2lkIjoyM30:1mzZA4:Er-sHccu_8yJzCknvWuLTBviySKKWZWAPKL34vKn6qA	2022-01-04 10:02:12.24831+03
549scs0ld17vhgsdtn0dn3xrj5pzi8dp	eyJjaXR5X2lkIjoyM30:1mzZA4:Er-sHccu_8yJzCknvWuLTBviySKKWZWAPKL34vKn6qA	2022-01-04 10:02:12.311858+03
qmh05csykgvmdvif9ypyr3uua5637xo5	eyJjaXR5X2lkIjoyM30:1mzZA4:Er-sHccu_8yJzCknvWuLTBviySKKWZWAPKL34vKn6qA	2022-01-04 10:02:12.38154+03
g9jstvydjzbulqgd7qy8daukq8mmb22b	eyJjaXR5X2lkIjoyM30:1mzZA4:Er-sHccu_8yJzCknvWuLTBviySKKWZWAPKL34vKn6qA	2022-01-04 10:02:12.453343+03
azodxbsferiseyy34iso828qltkajoun	eyJjaXR5X2lkIjoyM30:1mzZA4:Er-sHccu_8yJzCknvWuLTBviySKKWZWAPKL34vKn6qA	2022-01-04 10:02:12.523645+03
6sff1yildlliixj2mw1e110jj5336cs3	eyJjaXR5X2lkIjoyM30:1mzZA4:Er-sHccu_8yJzCknvWuLTBviySKKWZWAPKL34vKn6qA	2022-01-04 10:02:12.606692+03
0o94a36tcsdl6oifedqdp3gq380rzgp9	eyJjaXR5X2lkIjoyM30:1mzZBx:fe1nemr0ILpHxJJG4UJ8__o9CPImnCjw1ODWTTAOJ4c	2022-01-04 10:04:09.726434+03
sa049wnfcg4byl57b631w3s82cindnt9	eyJjaXR5X2lkIjoyM30:1mzZhd:q_N2fiT2OiBYe-dN-3Mv1Hueq2Tom-N5eftQsVgnqYQ	2022-01-04 10:36:53.388278+03
jo0ebvya17hy9b89j82wkhyet0lp1y9e	eyJjaXR5X2lkIjoyM30:1mzZuP:bgsgYP2Ix6jlDnZ2qUtc4ZIfxkNXCS4dBLIJf8x7nLs	2022-01-04 10:50:05.578514+03
uph94fyfmgosyv9tcrbu7kfo8dggevfe	eyJjaXR5X2lkIjoyM30:1mzada:-YUvW0KFOmQibmMDCp483dl1iLQ8h9G7q-ghnKBWevk	2022-01-04 11:36:46.264763+03
h1p5lte0ie9ptk3wdins5bcvc3tdvqvk	.eJxVjDsOwyAQBe9CHSHM16RM7zOg3QWCkwgkY1dR7h5bcpG0b2bemwXY1hK2npYwR3ZlUgl2-V0R6JnqgeID6r1xanVdZuSHwk_a-dRiet1O9--gQC97TVJjsm7ISCSTUTZ7dJ5MRCmUHBJaQOtGhxpxjN6Cj7BjA1lIUEqzzxdMADjz:1n0p1M:PjcGHZWJao9cddMtDC0oJIpS-Excb0Dm_OlCU3Kp0bU	2022-01-07 21:10:24.254947+03
dnpnhw2nk9aw3l5gzz56wo1caqwrvokq	.eJxVjDsOwyAQBe9CHSHM16RM7zOg3QWCkwgkY1dR7h5bcpG0b2bemwXY1hK2npYwR3ZlUgl2-V0R6JnqgeID6r1xanVdZuSHwk_a-dRiet1O9--gQC97TVJjsm7ISCSTUTZ7dJ5MRCmUHBJaQOtGhxpxjN6Cj7BjA1lIUEqzzxdMADjz:1n4owc:dqZbWRLXjvvW94jeRGOzGU1WK6WL4oEKoCd8IWm0fHw	2022-01-18 21:54:02.547627+03
e6a6e2j67lwrojd7kz1mtfmnkscij13k	.eJxVjDsOwjAQBe_iGlm217-lpOcM1vqHA8iR4qRC3B0ipYD2zcx7sUDb2sI2yhKmzM5MgWCn3zVSepS-o3ynfpt5mvu6TJHvCj_o4Nc5l-flcP8OGo32raWFTLX6SFbLkh2pooX1ghAEgEL0NlZRvURwVaUkNEh0xtQoDRad2fsDIiY3rw:1n7wog:d2nnGB-iDWglMDXwJhiCUTHPdympNTxnDCjl6x03mmI	2022-01-27 12:54:46.283766+03
d2ujxizogvd35lmpebv4zpocg392ygcq	.eJxVjkEOwiAURO_C2hDgUwou3XuG5gMfixqaFLowxrsrpgvdzpt5mSebcGvztFVapxzZkSkQ7PCbegw3Kh3FK5bLwsNS2po97xW-08rPS6T7ae_-CWas82ctDURMyXo0WlIcUZEWxgp0IACUc9b4JJKVDsakQhAapBuHIXk5ONJdGnJ7fF8qeL0BEKw7ow:1n81gE:QI1vKJOw3IfxjC_T8KvLrmO5bogW2i_srH3AjrrtgPQ	2022-01-27 18:06:22.026344+03
gh3skfmkaslbgy2ds5xs5ccfwopcf1nq	.eJxVjMsOwiAUBf-FtSHA5enSvd9ALi9BTZsUujDGf9eabrqdmXPeJLbx8i2Rs4AT8biO6teelz8iAhg50IDxkadNpTtOt5nGeRpLC3RL6G47vc4pPy97ezio2OtvzTUkLMUG1JLnZFBkybRl6IABCOesDoUVyx2YImJkErgzSpXAlcsykc8X7xM7ow:1n8IhO:eyjde020yn3NiqKzaTjaFYFApD89eVNf7wn7aodrl0A	2022-01-28 12:16:42.2694+03
yk860lkr9f0bmom3x2iquclcqbm5fks2	.eJxVjDsOwjAQBe_iGlm217-lpOcM1vqHA8iR4qRC3B0ipYD2zcx7sUDb2sI2yhKmzM5MgWCn3zVSepS-o3ynfpt5mvu6TJHvCj_o4Nc5l-flcP8OGo32raWFTLX6SFbLkh2pooX1ghAEgEL0NlZRvURwVaUkNEh0xtQoDRad2fsDIiY3rw:1nEDQS:sJS3wLAHlu-c20AumSYlJVVOKmWWSdPGoYbnhwaKjF0	2022-02-13 19:51:40.35065+03
rluh8xwwmcd5bj0eezo6j07c4bdyuej5	.eJxVjEEOwiAQRe_C2hAyFOm4dO8ZyMAMUjWQlHbVeHdt0oVu_3vvbyrQupSwdpnDxOqiwBp1-l0jpafUHfGD6r3p1OoyT1Hvij5o17fG8roe7t9BoV6-dUIvwg5RHGf2Z8kJrDhvEcANTBkJY7TGICOOYmLGmI0dQBKMlpx6fwBQUzjp:1nSKO6:-bMYTW5-GkfzKqQJnnWA2fzXnu__4KCSmDfAodZhhW0	2022-03-24 18:07:34.424312+03
qtx5nqdwhlxdzv1i3jj7lc7xg6hfh199	.eJxVjEEOwiAQRe_C2hAyFOm4dO8ZyMAMUjWQlHbVeHdt0oVu_3vvbyrQupSwdpnDxOqiwBp1-l0jpafUHfGD6r3p1OoyT1Hvij5o17fG8roe7t9BoV6-dUIvwg5RHGf2Z8kJrDhvEcANTBkJY7TGICOOYmLGmI0dQBKMlpx6fwBQUzjp:1nSlHp:PX5kvpVZRmmE6yPdq26wYNvqDW0nd3RWBFXRWNyMe_0	2022-03-25 22:50:53.649623+03
mbklpoybbs5ddhmdtf4hufp9vwfy7wst	.eJxVjEEOwiAQRe_C2hAyFOm4dO8ZyMAMUjWQlHbVeHdt0oVu_3vvbyrQupSwdpnDxOqiwBp1-l0jpafUHfGD6r3p1OoyT1Hvij5o17fG8roe7t9BoV6-dUIvwg5RHGf2Z8kJrDhvEcANTBkJY7TGICOOYmLGmI0dQBKMlpx6fwBQUzjp:1nVaOx:VkxBCEznqdmsj-QuKMxxhlhqj9gQVozHwV590cNMDZ4	2022-04-02 17:49:55.028298+03
705gsxo0k40ritl08wqqce25t9qpts5o	.eJxVjDkOwjAUBe_iGlnO94Yp6XMG6y82CaBEipMKcXeIlALaNzPvpTJu65C3VpY8iroosEadfldCfpRpR3LH6TZrnqd1GUnvij5o0_0s5Xk93L-DAdvwrQv4WBkAzlITUjAJknHsyEUMrrKgNcl7qZ0jHyBxZImuGGsNJYqden8AKT44BQ:1nfl2J:ALEfplTWpZhyBlOzgYboCz3Wi66_2PyItXyCl--Y_rY	2022-04-30 19:12:35.417906+03
zeqee2rq4uc890remolny2ze9gwhlme1	.eJxVjDkOwjAUBe_iGlle8BJK-pzB-ouNA8iR4qRC3B0ipYD2zcx7iQTbWtPW85ImFhdhrBKn3xWBHrntiO_QbrOkua3LhHJX5EG7HGfOz-vh_h1U6PVbE_khRs2Oc3E-ZCjnyBBKwIKA3oKOhrUlGDQygimKSVnnVCSvuDjx_gBhDzl_:1ng1OP:MyU4KMnDMowhnNJw-l2D5fHj02CctZ_qJ5ehwR9pWW0	2022-05-01 12:40:29.602319+03
2930r7odxxo5oj4lbtcmxd1dfvidslix	.eJxVjMEOwiAQRP-FsyELBWk9evcbyLK72KqBpLQn47_bJj3obTLvzbxVxHUZ49pkjhOri7IdqNNvm5CeUnbEDyz3qqmWZZ6S3hV90KZvleV1Pdy_gxHbuK3dMPQQmJ1nF1ygMwVkItii7bzJFIxFAMp-EJ9BAIHQoUlWOtuTqM8XJUM4gQ:1nqpbE:xYjYngWG1Ku7f5FQm1joCMH0t3iFUATLoFNPjBIoe7I	2022-05-31 08:18:24.252901+03
v9z65yqtdtmhr0cornws0rtuom3m6r8b	.eJxVjEsOwjAMBe-SNYqa2iQtS_Y9Q2Q7LimgROpnhbg7VOoCtm9m3stE2tYct0XnOCVzMS005vS7MslDy47SncqtWqllnSe2u2IPutihJn1eD_fvINOSvzVwoKbXDhCpkZFZBdiJlxD60YN6SE5S65HQuSCA0reO8YwswtJ58_4AP5I4tA:1nu81P:tFZC5AKPpEMqiNQpVTf0fyNQqCMEU-_t4hPXJkZ0m-U	2022-06-09 10:35:03.970772+03
jd08fd3z4j6unxjt1m2ymizwzwz7svjb	.eJxVjEsOwjAMBe-SNYqa2iQtS_Y9Q2Q7LimgROpnhbg7VOoCtm9m3stE2tYct0XnOCVzMS005vS7MslDy47SncqtWqllnSe2u2IPutihJn1eD_fvINOSvzVwoKbXDhCpkZFZBdiJlxD60YN6SE5S65HQuSCA0reO8YwswtJ58_4AP5I4tA:1oDQe3:KyTLjUTQC7zyX9-Mo3drSImdK-VZ24Z4K_jEPSpWPQk	2022-08-01 16:18:43.816527+03
rf050ej8cr660zla8eyp8wz4xf08wgar	.eJxVjEsOwjAMBe-SNYqa2iQtS_Y9Q2Q7LimgROpnhbg7VOoCtm9m3stE2tYct0XnOCVzMS005vS7MslDy47SncqtWqllnSe2u2IPutihJn1eD_fvINOSvzVwoKbXDhCpkZFZBdiJlxD60YN6SE5S65HQuSCA0reO8YwswtJ58_4AP5I4tA:1oPoZX:mbtW9DuJt1svowKAn127uKERjEMS6bqkuIljnFSuXiA	2022-09-04 20:17:15.006648+03
diudqho3o5pbumgyga7lsbxwvavdmhue	.eJxVjEsOwjAMBe-SNYqa2iQtS_Y9Q2Q7LimgROpnhbg7VOoCtm9m3stE2tYct0XnOCVzMS005vS7MslDy47SncqtWqllnSe2u2IPutihJn1eD_fvINOSvzVwoKbXDhCpkZFZBdiJlxD60YN6SE5S65HQuSCA0reO8YwswtJ58_4AP5I4tA:1oRBgF:Mtqsc-aMpAjDC5YNuZDAvtw33oknB3ZyAwJd9M2sUCk	2022-09-08 15:09:51.552315+03
d1xnmvg57cpadjqzk2l903szp0390t4j	.eJxVjEsOwjAMBe-SNYqa2iQtS_Y9Q2Q7LimgROpnhbg7VOoCtm9m3stE2tYct0XnOCVzMS005vS7MslDy47SncqtWqllnSe2u2IPutihJn1eD_fvINOSvzVwoKbXDhCpkZFZBdiJlxD60YN6SE5S65HQuSCA0reO8YwswtJ58_4AP5I4tA:1oa1eB:2DOXlDAdwsbeUe3u9TtUk4dhACd0A4m0oeAiXbFhOQo	2022-10-03 00:16:15.316186+03
2cgk9pjc3zqgcxrgew640zwatywh8c2x	.eJxVjDsOwjAQBe_iGlmLf4kp6XMGa-1d4wCypTipEHeHSCmgfTPzXiLgtpawdV7CTOIilAZx-l0jpgfXHdEd663J1Oq6zFHuijxol1Mjfl4P9--gYC_f2iEA6JTRwpANaDajMzh48p7VWXmrmI02EX0EIputIXI2wZgsgQIn3h8W9DfL:1oeaLa:6hr2WCtNe_DUWWf0yLVi0gieoCoJoRl9kri54zoC-gE	2022-10-15 14:07:54.699583+03
\.


--
-- Data for Name: django_site; Type: TABLE DATA; Schema: public; Owner: mysite_user
--

COPY public.django_site (id, domain, name) FROM stdin;
1	royalflowers.kz	royalflowers.kz
\.


--
-- Data for Name: franchise_order; Type: TABLE DATA; Schema: public; Owner: mysite_user
--

COPY public.franchise_order (id, email, fio, phone, city, city_fr, brend, kapital, opit, obopite, velbiznes, pochemu, date_add) FROM stdin;
\.


--
-- Data for Name: franshiza_order; Type: TABLE DATA; Schema: public; Owner: mysite_user
--

COPY public.franshiza_order (id, email, fio, phone, city, brend, kapital, opit, obopite, velbiznes, pochemu, date_add, city_fr) FROM stdin;
2	aaa@gmail.com	ssss	33333	ddd	Royal Flowers	Да	Да	dddd	Один	ddd	2021-11-21 16:37:55.565911+03	sdsds
3	Pleskacevich_k@mail.ru	Плескацевич константин	+7(778)530-00-00	Астана	Royal Flowers	Да	Да	Да , строительство 	С парнёром	Стремление к заработку	2021-11-21 21:05:16.07168+03	Астана
4	sharipbek38@gmail.com	Sharipbek Dulat	87472928554	Shymkent 	Royal Flowers	Да	Да	Действующий фаст-фуд центр 	С парнёром	Хочу поднять бабло )	2021-11-28 12:16:11.916176+03	Shymkent 
5	almaz_ts@mail.ru	Тулеков Алмаз	7783798555	Алматы	Royal Flowers	Да	Да	Развитие продаж	Один	Интересно 	2021-12-13 11:04:56.925857+03	Шымкент
6	aibat84.84@mail.ru	Байтулин Айбат Борисович	87789997751	Нур-Султан	Royal Flowers	Да	Да	Занимаюсь изготовлением мебели уже 20 лет.Так же открыл изготовление окон	Один	Интересный опыт и хорошая ниша	2021-12-20 19:26:16.496094+03	Нур-Султан,Караганда
\.


--
-- Data for Name: logs_logs; Type: TABLE DATA; Schema: public; Owner: mysite_user
--

COPY public.logs_logs (id, text) FROM stdin;
23	Заявка Бейбарыс 1
24	{'transaction_id': 40411952, 'type': 0, 'status': 1, 'reference_id': '55', 'secret_key': '$2y$10$PKnOm/FvFe1jN3x0rw256OuGLn0Y4HpACXuuP5y5gtngNfXSe78DS', 'masked_pan': '5169-49XXXXXX-2387', 'description': 'Заявка 55', 'bank_id': 12}
25	{'transaction_id': 40411952, 'type': 0, 'status': 1, 'reference_id': '55', 'secret_key': '$2y$10$YMG1r9fV/assqrBA3U8lkOg0DrfyeU71mqTQnz/77tyHAKweD5ewy', 'masked_pan': '5169-49XXXXXX-2387', 'description': 'Заявка 55', 'bank_id': 12}
26	{'transaction_id': 40411952, 'type': 0, 'status': 1, 'reference_id': '55', 'secret_key': '$2y$10$YmlDGiPVsCFt3Kj8L5kyXeG4APWDLdy6xu2N75oD.mCKufcBozday', 'masked_pan': '5169-49XXXXXX-2387', 'description': 'Заявка 55', 'bank_id': 12}
27	{'transaction_id': 40411952, 'type': 0, 'status': 1, 'reference_id': '55', 'secret_key': '$2y$10$ThZ2ANTsXCXS/N/VSJ58gupv24fy7FDp2l1nlZmQv6bV8Wnc6Zjzm', 'masked_pan': '5169-49XXXXXX-2387', 'description': 'Заявка 55', 'bank_id': 12}
28	{'transaction_id': 40413293, 'type': 0, 'status': 1, 'reference_id': '58', 'secret_key': '$2y$10$E8RhVkpHCqLplnqBlDxfLO2QmvdG.xMRKiresX9Fk8KAzknsuMASW', 'masked_pan': '5169-49XXXXXX-5509', 'description': 'Заявка 58', 'bank_id': 12}
29	{'transaction_id': 40413432, 'type': 0, 'status': 6, 'reference_id': '60', 'secret_key': '$2y$10$vTyfSJ1zzPyLvYJJpEXfquFi1kZX8F9YeQEh/irt9LqtMaSyCCx4W', 'masked_pan': '5169-49XXXXXX-5509', 'description': 'Заявка 60', 'bank_id': 12}
30	{'transaction_id': 40412134, 'type': 0, 'status': 6, 'reference_id': '56', 'secret_key': '$2y$10$gVS980PeVjtD7y0joI150egJqug07/hihEjjMDDoGellgMXu/BmvS', 'masked_pan': None, 'description': 'Заявка 56', 'bank_id': 29}
31	{'transaction_id': 40413397, 'type': 0, 'status': 6, 'reference_id': '59', 'secret_key': '$2y$10$rfrf/5gu5PnYMtn1ZwdDduUSC8aPF./gnD9Lcq4c0eduVPqNmRUjW', 'masked_pan': None, 'description': 'Заявка 59', 'bank_id': 29}
32	{'transaction_id': 40413743, 'type': 0, 'status': 6, 'reference_id': '61', 'secret_key': '$2y$10$rGFuLzft8tf01Y6XnbTTWebrHDJWvLdKok0BBptXaOk0lwlYvTBHG', 'masked_pan': None, 'description': 'Заявка 61', 'bank_id': 29}
33	{'transaction_id': 40413922, 'type': 0, 'status': 6, 'reference_id': '63', 'secret_key': '$2y$10$FhIfPbikPAzpjQkpSexBg.uEky.W1uzwt5ObZdO1wBUrs0wrInFTS', 'masked_pan': None, 'description': 'Заявка 63', 'bank_id': 29}
34	{'transaction_id': 40413878, 'type': 0, 'status': 6, 'reference_id': '62', 'secret_key': '$2y$10$4cf2GZiAUYwcGfEd9LNXbOOP9ZQf.3nqVn8k/Piw5FaBJE7Zn/Y7q', 'masked_pan': None, 'description': 'Заявка 62', 'bank_id': 29}
35	{'transaction_id': 40423251, 'type': 0, 'status': 6, 'reference_id': '66', 'secret_key': '$2y$10$7Nj5ZvnttiC62JgTfraNL.nnj2TzWCCcmlsryr9v.faaNRwC5xZcu', 'masked_pan': None, 'description': 'Заявка 66', 'bank_id': 29}
\.


--
-- Data for Name: mainapp_category; Type: TABLE DATA; Schema: public; Owner: mysite_user
--

COPY public.mainapp_category (id, name) FROM stdin;
3	Роза
4	Пионы
5	Кустовая роза
6	Пионовидная роза
7	Голландская роза
8	Герберы
9	Альстромерия
10	Антуриум
11	Гвоздика
12	Гортензия
13	Ирисы
14	Каллы
15	Лилии
16	Орхидея
17	Подсолнух
18	Ромашки
19	Тюльпаны
20	Фрезии
21	Хризантемы
22	Эустома
23	Микс
24	Эвкалипт
25	Фисташка
26	Гипсофила
\.


--
-- Data for Name: mainapp_city; Type: TABLE DATA; Schema: public; Owner: mysite_user
--

COPY public.mainapp_city (id, name, url_name, description, keywords, post) FROM stdin;
22	Костанай	kostanay	\N	\N	\N
21	Туркестан	turkestan	\N	\N	\N
16	Ташкент	tashkent	\N	\N	\N
15	Уральск	uralsk	\N	\N	\N
14	Талдыкорган	taldikorgan	\N	\N	\N
13	Петропавловск	petropavlovsk	\N	\N	\N
12	Кокшетау	kokshetau	\N	\N	\N
11	Усть-Каменогорск	ustkamenogorsk	\N	\N	\N
10	Семей	semei	\N	\N	\N
9	Павлодар	pavlodar	\N	\N	\N
8	Актау	aktau	\N	\N	\N
7	Атырау	atirau	\N	\N	\N
6	Актобе	aktobe	\N	\N	\N
5	Кызылорда	kizilorda	\N	\N	\N
4	Тараз	taraz	\N	\N	\N
3	Шымкент	shimkent	\N	\N	\N
2	Караганда	karaganda	\N	\N	\N
1	Астана	astana	\N	\N	royalflowersproject@gmail.com
23	Алматы	almaty	букеты в алмате	букеты в алмате, цветы	royalflowers.almaty@gmail.com
\.


--
-- Data for Name: mainapp_counts_flowers; Type: TABLE DATA; Schema: public; Owner: mysite_user
--

COPY public.mainapp_counts_flowers (id, count_in) FROM stdin;
1	1
2	3
3	5
4	9
5	15
6	33
7	101
9	4
\.


--
-- Data for Name: mainapp_extraproducts; Type: TABLE DATA; Schema: public; Owner: mysite_user
--

COPY public.mainapp_extraproducts (id, name, price, picture, total, selected, col) FROM stdin;
1	Шары	500	extraproducts/shariki.png	\N	f	1
2	Зелень	1000	extraproducts/logo.png	\N	f	1
3	Вазу	5000	extraproducts/адиль.jpeg	\N	f	1
4	Raffaello	3000	extraproducts/1027426585.jpg	\N	f	1
5	Мишка Teddy (средний)	5000	extraproducts/230D3320-5B0B-49F1-9C61-81579038F891.jpeg	\N	f	1
6	Шары Комплект	9500	extraproducts/A2654C47-4B10-4342-9EE6-251CD3CA697E.jpeg	\N	f	1
7	Мишка Teddy (гигант) 2 метра	25000	extraproducts/DDEDDE04-A9F7-432E-8506-960AC190F6B4.jpeg	\N	f	1
\.


--
-- Data for Name: mainapp_filial; Type: TABLE DATA; Schema: public; Owner: mysite_user
--

COPY public.mainapp_filial (id, name, post) FROM stdin;
1	Цветочный взрыв	11111111111111
2	Астана2	knurzhanov1999@gmail.com
\.


--
-- Data for Name: mainapp_flowerimages; Type: TABLE DATA; Schema: public; Owner: mysite_user
--

COPY public.mainapp_flowerimages (id, image, flower_id) FROM stdin;
1	flower/147415563_226844779178227_4729294452093065075_n_gUhgPFd.jpg	1
2	flower/WhatsApp_Image_2021-02-26_at_15.07.10.jpeg	2
3	flower/WhatsApp_Image_2021-02-26_at_15.07.11.jpeg	3
4	flower/WhatsApp_Image_2021-02-26_at_15.07.11_1.jpeg	4
5	flower/WhatsApp_Image_2021-02-26_at_15.07.12.jpeg	5
6	flower/WhatsApp_Image_2021-02-26_at_15.07.12_1.jpeg	6
7	flower/WhatsApp_Image_2021-02-26_at_15.07.13.jpeg	7
8	flower/156225874_200963745147356_4239904703013269762_n.jpg	8
9	flower/155557227_201212715127203_329296781165895802_n.jpg	9
10	flower/156296007_5775767469115363_4520959940127595809_n.jpg	9
11	flower/154969840_458907595534731_6410972734523224948_n.jpg	10
12	flower/152378325_902323367244992_2861851407991173101_n.jpg	11
13	flower/148580189_862336874548415_8950468514992914960_n.jpg	12
14	flower/148625993_114275920634071_1712455182943742827_n.jpg	13
15	flower/145214108_121783166423889_1949429612925163945_n.jpg	14
17	flower/WhatsApp_Image_2021-03-06_at_11.26.57.jpeg	16
19	flower/WhatsApp_Image_2021-03-06_at_11.26.051.jpeg	18
20	flower/WhatsApp_Image_2021-03-06_at_11.26.052.jpeg	19
21	flower/WhatsApp_Image_2021-03-06_at_11.26.06.jpeg	20
26	flower/image57.jpg	22
27	flower/image58.jpg	23
28	flower/image59.jpg	24
29	flower/image60.jpg	25
30	flower/image59_OQPkUYO.jpg	25
31	flower/image58_VtEe5iN.jpg	25
32	flower/image57_xFfwto6.jpg	25
33	flower/iloveimg-compressed.zip	25
34	flower/image_61.jpg	26
35	flower/image_62.jpg	26
36	flower/image_63.jpg	26
37	flower/image_64.jpg	26
38	flower/image_65.jpg	26
39	flower/image_66.jpg	26
40	flower/image_67.jpg	26
41	flower/image_68.jpg	26
42	flower/image_69.jpg	26
43	flower/image_70.jpg	26
44	flower/image_71.jpg	27
45	flower/image_72.jpg	27
46	flower/image_73.jpg	27
47	flower/image_74.jpg	28
48	flower/image_75.jpg	28
49	flower/image_76.jpg	29
50	flower/image_77.jpg	29
51	flower/image_78.jpg	29
52	flower/image_79.jpg	30
54	flower/image_81.jpg	32
55	flower/image_82.jpg	33
56	flower/image83.jpg	34
57	flower/image_84.jpg	35
58	flower/image85.jpg	36
59	flower/image86.jpg	37
60	flower/image87.jpg	38
61	flower/1d93da39-6bcb-4514-a9b3-4d45002c652a.jfif	39
62	flower/5befe8cf-005c-4b44-af39-4bae332444f4.jfif	40
63	flower/6c6c8223-1b55-4882-9aa5-bac388b8d8a3.jfif	41
65	flower/7e90a723-2304-4f97-a2da-cda98288201a.jfif	43
66	flower/16.400.jfif	44
67	flower/18.700.jfif	45
68	flower/19.900.jfif	46
69	flower/24..800.jfif	47
70	flower/604d9b08-b16d-4b4c-8a08-33308f704905.jfif	48
71	flower/4204ac63-ade6-420f-9226-1572ea0df75a.jfif	49
72	flower/19900.jfif	50
73	flower/27500.jfif	51
74	flower/32100.jfif	52
75	flower/e038febb-8d25-4c7d-bd5f-c0bc58d3008b.jfif	53
77	flower/18_к.jpg	55
78	flower/24К.jpg	56
79	flower/101к.jpg	57
80	flower/12500.jpg	58
81	flower/13500.jpg	59
82	flower/14800.jpg	60
83	flower/15500.jpg	61
84	flower/15500тг.jpg	62
85	flower/16500.jpg	63
86	flower/17000.jpg	64
87	flower/18000.jpg	65
88	flower/18200.jpg	66
89	flower/36700.jpg	67
90	flower/40000.jpg	68
91	flower/41200.jpg	69
93	flower/WhatsApp_Image_2021-05-05_at_13.26.13.jpeg	71
94	flower/WhatsApp_Image_2021-05-05_at_12.05.50.jpeg	72
95	flower/WhatsApp_Image_2021-05-05_at_11.59.27.jpeg	73
96	flower/WhatsApp_Image_2021-05-05_at_11.59.27_1.jpeg	74
97	flower/WhatsApp_Image_2021-05-03_at_20.16.40.jpeg	75
98	flower/WhatsApp_Image_2021-04-30_at_20.21.33.jpeg	76
99	flower/WhatsApp_Image_2020-12-30_at_13.46.06.jpeg	77
100	flower/WhatsApp_Image_2021-03-22_at_23.04.39.jpeg	78
101	flower/WhatsApp_Image_2021-04-21_at_13.13.07.jpeg	79
102	flower/WhatsApp_Image_2021-04-21_at_13.47.37.jpeg	80
103	flower/WhatsApp_Image_2021-04-24_at_19.21.53.jpeg	81
104	flower/WhatsApp_Image_2021-04-27_at_10.42.10.jpeg	82
105	flower/WhatsApp_Image_2021-04-30_at_14.57.06.jpeg	83
106	flower/WhatsApp_Image_2021-04-26_at_18.47.01.jpeg	84
107	flower/WhatsApp_Image_2021-05-03_at_16.05.40.jpeg	85
108	flower/WhatsApp_Image_2021-04-29_at_12.47.10.jpeg	86
109	flower/WhatsApp_Image_2021-04-29_at_12.46.51.jpeg	87
110	flower/WhatsApp_Image_2021-05-06_at_20.22.41.jpeg	88
111	flower/WhatsApp_Image_2021-05-04_at_15.17.41.jpeg	89
112	flower/WhatsApp_Image_2021-04-29_at_12.46.46.jpeg	90
113	flower/WhatsApp_Image_2021-05-07_at_14.31.19.jpeg	91
114	flower/WhatsApp_Image_2021-05-08_at_21.33.25.jpeg	92
115	flower/WhatsApp_Image_2021-05-08_at_21.33.26.jpeg	93
116	flower/WhatsApp_Image_2021-05-08_at_21.33.26_1.jpeg	94
117	flower/WhatsApp_Image_2021-05-08_at_21.33.27_1.jpeg	95
118	flower/WhatsApp_Image_2021-05-08_at_21.33.28.jpeg	96
119	flower/WhatsApp_Image_2021-05-08_at_21.33.27.jpeg	97
120	flower/WhatsApp_Image_2021-05-11_at_18.29.03.jpeg	98
121	flower/WhatsApp_Image_2021-05-11_at_18.17.49.jpeg	99
122	flower/WhatsApp_Image_2021-05-11_at_18.25.03.jpeg	100
123	flower/WhatsApp_Image_2021-05-11_at_16.20.02.jpeg	101
124	flower/WhatsApp_Image_2021-05-11_at_16.17.02.jpeg	102
125	flower/WhatsApp_Image_2021-05-11_at_11.45.52.jpeg	103
126	flower/WhatsApp_Image_2021-05-11_at_11.45.52_1.jpeg	104
127	flower/WhatsApp_Image_2021-05-12_at_19.39.53.jpeg	105
128	flower/WhatsApp_Image_2021-05-12_at_19.39.54.jpeg	106
129	flower/WhatsApp_Image_2021-05-12_at_19.39.54_1.jpeg	107
130	flower/WhatsApp_Image_2021-05-12_at_19.39.54_2.jpeg	108
131	flower/WhatsApp_Image_2021-05-12_at_19.39.55.jpeg	109
132	flower/WhatsApp_Image_2021-05-12_at_19.38.12.jpeg	110
133	flower/WhatsApp_Image_2021-05-12_at_19.38.14.jpeg	111
134	flower/WhatsApp_Image_2021-05-12_at_19.38.18.jpeg	112
135	flower/WhatsApp_Image_2021-05-12_at_19.45.23.jpeg	113
136	flower/WhatsApp_Image_2021-01-15_at_11.56.38.jpeg	114
137	flower/WhatsApp_Image_2021-02-22_at_14.57.50.jpeg	115
138	flower/WhatsApp_Image_2021-02-22_at_17.12.33.jpeg	116
141	flower/WhatsApp_Image_2021-05-14_at_13.37.51.jpeg	119
142	flower/WhatsApp_Image_2021-05-14_at_13.37.54.jpeg	120
143	flower/WhatsApp_Image_2021-05-14_at_13.37.52.jpeg	121
144	flower/WhatsApp_Image_2021-05-14_at_13.37.54_1.jpeg	122
145	flower/WhatsApp_Image_2021-05-14_at_13.37.53.jpeg	123
146	flower/WhatsApp_Image_2021-05-14_at_13.37.55.jpeg	124
148	flower/WhatsApp_Image_2021-05-14_at_13.51.28.jpeg	126
149	flower/WhatsApp_Image_2021-05-14_at_13.51.31.jpeg	127
150	flower/WhatsApp_Image_2020-11-14_at_17.00.49.jpeg	128
151	flower/WhatsApp_Image_2021-05-07_at_19.57.14.jpeg	129
152	flower/WhatsApp_Image_2021-03-04_at_16.42.09.jpeg	130
153	flower/WhatsApp_Image_2021-03-08_at_16.42.22.jpeg	131
154	flower/WhatsApp_Image_2021-03-05_at_22.19.45.jpeg	132
155	flower/WhatsApp_Image_2021-05-18_at_17.03.18.jpeg	133
157	flower/WhatsApp_Image_2021-05-18_at_17.03.20.jpeg	135
158	flower/WhatsApp_Image_2021-05-18_at_17.03.20_1.jpeg	136
159	flower/WhatsApp_Image_2021-05-18_at_10.41.18.jpeg	137
160	flower/WhatsApp_Image_2021-05-18_at_10.44.11.jpeg	138
161	flower/WhatsApp_Image_2021-05-18_at_10.41.48.jpeg	139
162	flower/WhatsApp_Image_2021-05-18_at_10.42.11.jpeg	140
163	flower/WhatsApp_Image_2021-05-18_at_10.42.43.jpeg	141
164	flower/WhatsApp_Image_2021-05-18_at_17.21.00.jpeg	142
165	flower/WhatsApp_Image_2021-05-18_at_17.22.00.jpeg	143
166	flower/WhatsApp_Image_2021-05-21_at_18.33.51.jpeg	144
167	flower/WhatsApp_Image_2021-05-21_at_18.33.52.jpeg	145
168	flower/WhatsApp_Image_2021-05-21_at_18.33.54.jpeg	146
169	flower/WhatsApp_Image_2021-05-21_at_18.33.55.jpeg	147
170	flower/WhatsApp_Image_2021-05-21_at_18.33.56_1.jpeg	148
171	flower/WhatsApp_Image_2021-05-21_at_18.33.56.jpeg	149
172	flower/WhatsApp_Image_2021-05-21_at_18.33.58.jpeg	150
173	flower/WhatsApp_Image_2021-05-21_at_18.34.01.jpeg	151
174	flower/WhatsApp_Image_2021-05-21_at_18.34.03.jpeg	152
175	flower/WhatsApp_Image_2021-05-21_at_18.34.02_1.jpeg	153
176	flower/WhatsApp_Image_2021-05-21_at_18.34.00.jpeg	154
177	flower/WhatsApp_Image_2021-05-21_at_18.33.58_1.jpeg	155
178	flower/WhatsApp_Image_2021-05-19_at_13.51.14.jpeg	156
179	flower/WhatsApp_Image_2021-05-26_at_17.03.33.jpeg	157
180	flower/WhatsApp_Image_2021-05-26_at_17.03.33_1.jpeg	158
181	flower/WhatsApp_Image_2021-05-25_at_22.54.56.jpeg	159
183	flower/WhatsApp_Image_2021-05-25_at_21.34.50.jpeg	161
185	flower/WhatsApp_Image_2021-05-25_at_15.23.33.jpeg	163
186	flower/WhatsApp_Image_2021-05-25_at_14.06.25.jpeg	164
187	flower/WhatsApp_Image_2021-05-25_at_13.00.49.jpeg	165
188	flower/WhatsApp_Image_2021-05-25_at_11.27.27.jpeg	166
189	flower/WhatsApp_Image_2021-05-25_at_09.47.09.jpeg	167
191	flower/WhatsApp_Image_2021-05-24_at_10.49.37.jpeg	169
192	flower/WhatsApp_Image_2021-05-26_at_14.59.04.jpeg	170
193	flower/WhatsApp_Image_2021-05-26_at_17.03.33_3.jpeg	171
195	flower/WhatsApp_Image_2021-05-26_at_17.03.33_2.jpeg	173
196	flower/WhatsApp_Image_2021-05-26_at_17.53.57_1.jpeg	174
197	flower/mnxEgBHyWB.jpg	175
198	flower/WhatsApp_Image_2021-05-30_at_12.35.48.jpeg	176
199	flower/WhatsApp_Image_2021-05-30_at_12.35.48_1.jpeg	177
200	flower/WhatsApp_Image_2021-05-30_at_12.35.49.jpeg	178
201	flower/WhatsApp_Image_2021-05-30_at_12.35.49_1.jpeg	179
202	flower/WhatsApp_Image_2021-05-30_at_12.35.49_2.jpeg	180
203	flower/WhatsApp_Image_2021-05-30_at_12.35.49_3.jpeg	181
204	flower/WhatsApp_Image_2021-05-30_at_12.35.49_4.jpeg	182
205	flower/WhatsApp_Image_2021-05-30_at_12.35.50.jpeg	183
206	flower/WhatsApp_Image_2021-05-30_at_12.35.50_1.jpeg	184
207	flower/WhatsApp_Image_2021-05-30_at_12.35.50_2.jpeg	185
209	flower/WhatsApp_Image_2021-05-31_at_10.49.38.jpeg	187
210	flower/WhatsApp_Image_2021-05-31_at_10.49.17.jpeg	188
211	flower/WhatsApp_Image_2021-05-31_at_10.49.09.jpeg	189
212	flower/WhatsApp_Image_2021-05-31_at_10.48.56.jpeg	190
213	flower/WhatsApp_Image_2021-05-31_at_10.48.49.jpeg	191
214	flower/WhatsApp_Image_2021-05-31_at_10.48.33.jpeg	192
215	flower/WhatsApp_Image_2021-05-31_at_10.44.36.jpeg	193
217	flower/WhatsApp_Image_2021-06-05_at_10.57.48.jpeg	195
221	flower/WhatsApp_Image_2021-06-06_at_16.05.27.jpeg	199
222	flower/WhatsApp_Image_2021-06-06_at_16.05.41.jpeg	200
225	flower/WhatsApp_Image_2021-06-07_at_14.12.03.jpeg	204
226	flower/WhatsApp_Image_2021-06-05_at_10.57.48_1.jpeg	205
229	flower/WhatsApp_Image_2021-06-09_at_10.05.26_1.jpeg	208
246	flower/WhatsApp_Image_2021-06-13_at_12.39.34.jpeg	226
247	flower/WhatsApp_Image_2021-06-13_at_12.36.05.jpeg	227
248	flower/WhatsApp_Image_2021-06-13_at_12.33.29.jpeg	228
250	flower/WhatsApp_Image_2021-06-16_at_18.00.38.jpeg	230
251	flower/WhatsApp_Image_2021-06-16_at_18.02.36.jpeg	231
252	flower/WhatsApp_Image_2021-06-16_at_17.51.09.jpeg	232
253	flower/WhatsApp_Image_2021-06-16_at_21.32.05.jpeg	233
254	flower/WhatsApp_Image_2021-06-16_at_18.03.55.jpeg	234
255	flower/WhatsApp_Image_2021-06-16_at_14.02.09.jpeg	235
257	flower/WhatsApp_Image_2021-06-25_at_09.31.53_2.jpeg	237
259	flower/WhatsApp_Image_2021-06-25_at_09.31.51.jpeg	239
260	flower/WhatsApp_Image_2021-06-25_at_09.31.50.jpeg	240
261	flower/WhatsApp_Image_2021-06-23_at_09.21.46.jpeg	241
262	flower/WhatsApp_Image_2021-06-23_at_09.21.46_1.jpeg	242
263	flower/WhatsApp_Image_2021-06-23_at_09.21.45.jpeg	243
264	flower/WhatsApp_Image_2021-06-23_at_09.21.45_1.jpeg	244
265	flower/WhatsApp_Image_2021-06-23_at_09.21.44.jpeg	245
266	flower/WhatsApp_Image_2021-06-26_at_09.52.20.jpeg	246
267	flower/WhatsApp_Image_2021-06-26_at_09.52.20_1.jpeg	247
268	flower/WhatsApp_Image_2021-06-26_at_09.52.20_2.jpeg	248
269	flower/WhatsApp_Image_2021-06-26_at_09.52.19.jpeg	249
271	flower/WhatsApp_Image_2021-06-30_at_10.10.07.jpeg	251
272	flower/WhatsApp_Image_2021-06-30_at_10.10.06_1.jpeg	252
273	flower/WhatsApp_Image_2021-06-30_at_10.10.06_3.jpeg	253
274	flower/WhatsApp_Image_2021-06-30_at_10.10.05.jpeg	254
275	flower/WhatsApp_Image_2021-07-02_at_16.51.21.jpeg	255
276	flower/WhatsApp_Image_2021-07-02_at_16.51.31.jpeg	256
277	flower/WhatsApp_Image_2021-07-02_at_16.51.29.jpeg	257
278	flower/WhatsApp_Image_2021-07-02_at_16.51.27.jpeg	258
279	flower/WhatsApp_Image_2021-07-02_at_16.51.28.jpeg	259
281	flower/WhatsApp_Image_2021-07-02_at_16.51.31_1.jpeg	261
282	flower/WhatsApp_Image_2021-07-02_at_16.51.24.jpeg	262
283	flower/WhatsApp_Image_2021-07-02_at_16.51.22.jpeg	263
284	flower/WhatsApp_Image_2021-07-02_at_16.51.24_1.jpeg	264
285	flower/WhatsApp_Image_2021-07-19_at_09.59.42.jpeg	265
286	flower/WhatsApp_Image_2021-07-18_at_09.56.28.jpeg	266
287	flower/WhatsApp_Image_2021-07-18_at_23.15.52.jpeg	267
288	flower/WhatsApp_Image_2021-07-18_at_23.15.51.jpeg	268
289	flower/WhatsApp_Image_2021-07-18_at_23.15.51_1.jpeg	269
290	flower/WhatsApp_Image_2021-07-18_at_23.15.49.jpeg	270
291	flower/WhatsApp_Image_2021-07-19_at_15.24.15.jpeg	271
292	flower/WhatsApp_Image_2021-07-19_at_14.26.41.jpeg	272
293	flower/WhatsApp_Image_2021-07-19_at_14.26.38.jpeg	273
294	flower/WhatsApp_Image_2021-07-30_at_12.47.14.jpeg	274
295	flower/WhatsApp_Image_2021-07-30_at_12.47.09.jpeg	275
296	flower/WhatsApp_Image_2021-07-29_at_20.51.51.jpeg	276
297	flower/WhatsApp_Image_2021-07-29_at_19.53.15.jpeg	277
298	flower/WhatsApp_Image_2021-07-29_at_19.46.52.jpeg	278
299	flower/WhatsApp_Image_2021-08-06_at_14.02.22.jpeg	279
300	flower/WhatsApp_Image_2021-08-06_at_12.29.11.jpeg	280
301	flower/WhatsApp_Image_2021-08-05_at_20.08.26.jpeg	281
302	flower/WhatsApp_Image_2021-08-11_at_10.39.18.jpeg	282
304	flower/WhatsApp_Image_2021-08-11_at_10.50.57.jpeg	284
305	flower/WhatsApp_Image_2021-08-27_at_11.46.41.jpeg	285
306	flower/WhatsApp_Image_2021-08-27_at_11.46.13.jpeg	286
307	flower/WhatsApp_Image_2021-08-26_at_10.16.09.jpeg	287
313	flower/WhatsApp_Image_2021-08-26_at_09.29.01.jpeg	293
314	flower/WhatsApp_Image_2021-08-25_at_18.17.04.jpeg	294
315	flower/WhatsApp_Image_2021-08-25_at_13.37.36.jpeg	295
316	flower/WhatsApp_Image_2021-08-25_at_12.02.19.jpeg	296
317	flower/WhatsApp_Image_2021-09-04_at_11.55.27.jpeg	297
318	flower/WhatsApp_Image_2021-09-04_at_11.54.12.jpeg	298
321	flower/b011bed9-7ccd-42c1-8eda-860c00d452e7.jpg	301
322	flower/76c14517-eb74-4aec-adea-8aae6c10fcf8.jpg	302
326	flower/0979a089-4a50-44fb-9550-ba165d94b050.jpg	306
327	flower/4d0ae895-13ab-497f-9323-77f246cbaebb.jpg	307
328	flower/5a6a0ca7-b56d-483c-ba48-3d7334ab04bb.jpg	308
330	flower/e8bf96d7-39b5-4ee6-a640-4fc4f4356b38.jpg	310
332	flower/e4dd9990-90e4-4902-bcb9-0d1144a6af52.jpg	312
338	flower/0a691726-7651-4d65-a689-9fcde9f41d8a.jpg	315
339	flower/490ada62-0536-48fe-97eb-22b88dc5cf5d.jpg	315
343	flower/WhatsApp_Image_2021-03-06_at_11.26.04_7azWHuA.jpeg	318
344	flower/ab39fd36-9a20-4574-b8bc-5cbf69ffe453.jpg	319
345	flower/3fba4674-ad7f-4875-ad1f-a98b4b98f85c.jpg	319
350	flower/cf01191a-5e01-48a1-9c60-fefe43fd3a15.jpg	283
355	flower/гипса.jpeg	321
356	flower/гипса_2_LfhGrwx.JPG	321
357	flower/50b2e6ec-aba4-4326-9316-8b12b038c565_iAh8rew.jpg	299
360	flower/photo1636016828.jpeg	317
364	flower/e06c5ded-9c29-4ed2-8567-486aad1b7629.jpg	323
367	flower/288fc1fc-7f04-40b0-b807-df6cb108a2d2.jpg	304
368	flower/c509cb44-4bb5-453f-9073-dc880f3dd2ab.jpg	304
369	flower/photo1636018948.jpeg	324
370	flower/photo16361018948.jpeg	324
371	flower/d3669a5f-d50d-4643-ba44-a42a776aba5f.jpg	17
376	flower/WhatsApp_Image_2021-11-04_at_13.19.36.jpeg	290
377	flower/WhatsApp_Image_2021-11-04_at_12.55.01.jpeg	290
378	flower/e2f7ca0d-01b4-48ce-8589-fb4ee88aaea2.jpg	291
380	flower/f395d941-d5f7-419c-83ae-8ed45deb25bf.jpg	250
381	flower/15a9846d-0bf6-42f6-b2da-00b4fe1da330.jpg	260
382	flower/7d63a8db-c11a-4ebe-a290-7e40b802e55a.jpg	292
383	flower/5a57a64a-d754-4091-9cca-e04263759ccb.jpg	292
384	flower/e2d21e4c-c599-4640-bb4d-9d39ff08d985.jpg	313
385	flower/b1d3dde2-e9af-431a-b77b-05633c6c6f9c.jpg	313
387	flower/cc8f1d92-34ec-465b-b1dc-83b320d4f00e_nBQLnIm.jpg	326
389	flower/9c19a982-a295-4bf7-a029-5d8140eadeb2.jpg	327
390	flower/WhatsApp_Image_2021-11-15_at_13.25.00.jpeg	325
391	flower/WhatsApp_Image_2021-11-15_at_13.25.01.jpeg	325
392	flower/photo1637135300_2.jpeg	328
393	flower/photo1637217614.jpeg	288
394	flower/photo1637218068.jpeg	238
395	flower/photo1637135300.jpeg	218
397	flower/photo1637395476.jpeg	329
398	flower/photo1637395066_1.jpeg	221
399	flower/photo1637395066.jpeg	203
401	flower/photo1637396179.jpeg	194
402	flower/photo1637135300_2_R12cwhX.jpeg	225
405	flower/IMG_1695.JPG	322
413	flower/IMG_1703_NrqH1PB.JPG	332
414	flower/IMG_1704_iK9e6lD.JPG	332
417	flower/IMG_1622_asiFgS8.JPG	331
421	flower/IMG_1720.JPG	211
422	flower/IMG_1719_PpzzHKI.JPG	214
423	flower/IMG_2599.JPG	223
424	flower/photo1638339976.jpeg	213
425	flower/IMG_1892.JPG	207
426	flower/IMG_1886.JPG	206
427	flower/IMG_2015.JPG	215
428	flower/IMG_2016.JPG	215
429	flower/IMG_2017.JPG	236
430	flower/IMG_3426.JPG	209
431	flower/IMG_2021.JPG	201
\.


--
-- Data for Name: mainapp_flowers; Type: TABLE DATA; Schema: public; Owner: mysite_user
--

COPY public.mainapp_flowers (id, name, description, price, count_in_id, ready, enable, date_time, comp, valentine, percent_stock, stock, end_stock, start_stock, filial_id, set_id, col, total) FROM stdin;
8	Коробочки гипсофилы цвета Tiffany	количество цветов ограничено	13000	5	f	t	2021-03-06 08:08:49.817272+03	t	t	0	f	\N	\N	\N	2	1	0
25	Букет из 31 голландских роз 60-70см	Букеты из роз	16500	1	f	t	2021-03-06 09:59:26.328756+03	f	t	0	f	\N	\N	\N	2	1	0
26	Букет из 25 голландских роз 60-70см	Голландские розы 60-70 см разных расцветок. Оформление также может быть разным, ярким или нежным.	13500	1	f	t	2021-03-06 10:07:55.924895+03	f	t	0	f	\N	\N	\N	2	1	0
65	Цветы и сладости в коробке		18000	1	f	t	2021-04-24 17:42:57.980441+03	t	f	0	f	\N	\N	\N	2	1	0
76	Евробукет премиум класса	Букет с добавлением гортензий и пион	60000	1	f	t	2021-05-05 11:25:29.064749+03	f	f	0	f	\N	\N	\N	2	1	0
83	Яркая композиция роз	композиция роз 60см	18000	1	f	t	2021-05-05 11:43:04.809655+03	f	f	0	f	\N	\N	\N	2	1	0
4	Самый сладкий букет	С разными видами сладостей	10900	5	f	t	2021-02-26 18:25:10.900792+03	f	t	0	f	\N	\N	\N	2	1	0
103	Евробукет премиум класса	Евробукет	32000	1	f	t	2021-05-12 16:36:06.17414+03	f	f	0	f	\N	\N	\N	2	1	0
120	Евробукет премиум класса		25200	1	f	t	2021-05-14 10:44:37.250795+03	f	f	0	f	\N	\N	\N	2	1	0
133	Композиция премиум класса		39700	1	f	t	2021-05-18 14:10:28.109655+03	f	f	0	f	\N	\N	\N	2	1	0
146	Евробукет премиум класса	Евробукет 	32000	1	f	t	2021-05-21 15:39:29.735056+03	f	f	0	f	\N	\N	\N	2	1	0
178	Облако гипсофилы		15000	1	f	t	2021-05-30 10:27:00.383889+03	f	f	0	f	\N	\N	\N	2	1	0
187	Композиция гипсофилы	Композиция из радужной гипсофилы	13000	1	f	f	2021-05-31 13:06:39.637836+03	f	f	0	f	\N	\N	\N	2	1	0
2	Букет "Притяжение"		15000	5	f	t	2021-02-26 18:23:14.93741+03	t	t	0	f	\N	\N	\N	2	1	0
3	15 роз с оформлением	Букеты нежнейшими оттенками цветов	13500	5	f	t	2021-02-26 18:24:10.461695+03	f	t	0	f	\N	\N	\N	2	1	0
23	Евробукет из антуриум, дельфиниум и пышной гортензии	Евробукет из белоснежного дельфиниум, гортензии и других красивых экзотических цветов	35200	1	f	t	2021-03-06 09:49:00.592895+03	f	t	0	f	\N	\N	\N	2	1	0
38	Нежный букет из роз и хризантем	Евробукет из голландских роз и хризантем нежных оттенков	8000	1	f	t	2021-03-06 10:45:41.395738+03	f	t	0	f	\N	\N	\N	2	1	0
39	Премиальный евробукет	Евробукет из гортензии с добавлением кустовых роз и лизиантуса в оформлении	37500	1	f	t	2021-03-23 18:57:14.172027+03	f	f	0	f	\N	\N	\N	2	1	0
43	35 Голландских роз	35 Голландских роз в оформлении	18500	1	f	f	2021-03-23 19:10:18.028298+03	f	f	0	f	\N	\N	\N	2	1	0
99	Евробукет 		15000	1	f	t	2021-05-12 16:32:24.235648+03	f	f	0	f	\N	\N	\N	2	1	0
22	Евробукет из розовой брасики и персиковых роз	Пышный евробукет из брасики, роз с добавлением хризантем и зелени	14500	1	f	t	2021-03-06 09:44:40.42622+03	f	t	0	f	\N	\N	\N	2	1	0
72	Нежная композиция роз	сочетание рускуса с нежно розовыми розами	15000	1	f	t	2021-05-05 11:15:09.033385+03	t	f	0	f	\N	\N	\N	2	1	0
88	Букет роз	розы 60см	13500	1	f	t	2021-05-07 15:17:35.23089+03	f	f	0	f	\N	\N	\N	2	1	0
94	Букет из 101 розы	Нежные розы 60 см	70700	1	f	t	2021-05-08 18:42:15.557879+03	f	f	0	f	\N	\N	\N	2	1	0
95	Евробукет премиум класса		29000	1	f	t	2021-05-08 18:43:45.017438+03	f	f	0	f	\N	\N	\N	2	1	0
96	Евробукет 	Яркий евробукет 	32000	1	f	t	2021-05-08 18:44:49.535333+03	f	f	0	f	\N	\N	\N	2	1	0
97	Евробукет 	Евробукет премиум класса	22000	1	f	t	2021-05-08 18:45:47.079949+03	f	f	0	f	\N	\N	\N	2	1	0
98	Евробукет премиум класса		28000	1	f	t	2021-05-12 16:31:46.099352+03	f	f	0	f	\N	\N	\N	2	1	0
131	Евробукет премиум класса		51000	1	f	f	2021-05-15 18:54:21.988817+03	f	f	0	f	\N	\N	\N	2	1	0
32	Букет из 41 голландской розы 60-70см	Красивый букет из 41 голландской розы в нежном оформлении в виде сердца	22500	1	f	t	2021-03-06 10:30:18.317543+03	f	t	0	f	\N	\N	\N	2	1	0
130	Евробукет премиум класса		55000	1	f	t	2021-05-15 18:53:42.258403+03	f	f	0	f	\N	\N	\N	2	1	0
143	Композиция премиум класса		35000	1	f	t	2021-05-18 14:24:05.703449+03	f	f	15	t	\N	\N	\N	2	1	0
151	Композиция премиум класса		45000	1	f	f	2021-05-21 15:42:34.084269+03	f	f	0	f	\N	\N	\N	2	1	0
154	Евробукет 		8500	1	f	t	2021-05-22 17:28:49.646895+03	f	f	0	f	\N	\N	\N	2	1	0
155	Яркая композиция 		18500	1	f	f	2021-05-22 17:29:43.849635+03	f	f	0	f	\N	\N	\N	2	1	0
157	Евробукет 		28000	1	f	t	2021-05-26 14:16:56.650984+03	f	f	0	f	\N	\N	\N	2	1	0
159	Букет  роз		18500	1	f	t	2021-05-26 14:26:17.450747+03	f	f	0	f	\N	\N	\N	2	1	0
161	Евробукет 		13500	1	f	f	2021-05-26 14:27:26.512439+03	f	f	0	f	\N	\N	\N	2	1	0
163	Нежная композиция 		19900	1	f	t	2021-05-26 14:28:57.943788+03	f	f	0	f	\N	\N	\N	2	1	0
164	Евробаскет 	Нежная композиция 	17400	1	f	t	2021-05-26 14:32:00.80576+03	f	f	0	f	\N	\N	\N	2	1	0
165	Евробукет 		15000	1	f	t	2021-05-26 14:33:11.660795+03	f	f	0	f	\N	\N	\N	2	1	0
166	Букет из пион		39500	1	f	f	2021-05-26 14:34:20.34792+03	f	f	0	f	\N	\N	\N	2	1	0
167	Композиция		19800	1	f	t	2021-05-26 14:35:23.420563+03	f	f	0	f	\N	\N	\N	2	1	0
169	Композиция 		22500	1	f	t	2021-05-26 14:36:57.855618+03	f	f	0	f	\N	\N	\N	2	1	0
170	Евробукет 		14500	1	f	t	2021-05-26 14:37:51.115295+03	f	f	0	f	\N	\N	\N	2	1	0
180	Евробукет премиум класса		24000	1	f	t	2021-05-30 10:28:44.695109+03	f	f	0	f	\N	\N	\N	2	1	0
184	Яркая композиция		33000	1	f	t	2021-05-30 10:31:12.325911+03	f	f	0	f	\N	\N	\N	2	1	0
185	Евробукет 		20000	1	f	t	2021-05-30 10:32:04.720563+03	f	f	0	f	\N	\N	\N	2	1	0
227	Букет "Пламя"		23000	1	f	t	2021-06-13 10:38:32.202039+03	f	t	0	f	\N	\N	\N	2	1	0
230	Нежный евробукет		27000	1	f	t	2021-06-17 07:16:46.384841+03	f	f	0	f	\N	\N	\N	2	1	0
232	Сборный евробукет		18000	1	f	t	2021-06-17 07:23:27.115955+03	f	f	0	f	\N	\N	\N	2	1	0
233	Облако гипсофилы		20000	1	f	t	2021-06-17 07:27:47.165601+03	f	f	0	f	\N	\N	\N	2	1	0
235	Яркая композиция		27000	1	f	f	2021-06-17 08:23:18.489839+03	f	f	0	f	\N	\N	\N	2	1	0
236	Композиция "Ягодный пунш"		17300	1	t	t	2021-06-25 07:36:07.362914+03	f	t	0	f	\N	\N	\N	2	1	0
116	Сладкий букет		13000	1	f	t	2021-05-12 17:09:59.784157+03	f	f	24	t	\N	\N	\N	2	1	0
158	Композиция премиум класса		49400	1	f	f	2021-05-26 14:21:36.409208+03	t	f	0	f	\N	\N	\N	2	1	0
203	Букет "Авангард"		50000	1	f	t	2021-06-09 07:00:23.643225+03	f	t	0	f	\N	\N	\N	2	1	0
209	Композиция "Нежный сад"		17500	1	f	t	2021-06-09 07:11:00.235429+03	t	t	0	f	\N	\N	\N	2	1	0
211	Композиция "Прага"		33500	1	f	t	2021-06-10 13:08:56.743076+03	t	t	0	f	\N	\N	\N	2	1	0
221	Композиция "Восторг"		17500	1	f	t	2021-06-13 10:28:41.083733+03	t	f	0	f	\N	\N	\N	2	1	0
237	Шикарный букет нежных роз		39000	1	f	t	2021-06-25 07:37:01.160521+03	f	f	0	f	\N	\N	\N	2	1	0
240	Яркая композиция роз		10500	1	f	t	2021-06-25 07:39:24.973832+03	t	f	0	f	\N	\N	\N	2	1	0
241	Яркий букет		27000	1	f	t	2021-06-25 07:41:51.383571+03	f	f	0	f	\N	\N	\N	2	1	0
249	Сладкая композиция		16500	1	f	t	2021-06-26 11:01:40.809394+03	t	f	0	f	\N	\N	\N	2	1	0
255	Нежный букет		19500	1	f	f	2021-07-07 10:02:39.270814+03	f	f	0	f	\N	\N	\N	2	1	0
258	Воздушное облако гипсофилы		18000	1	f	f	2021-07-07 10:07:25.737916+03	f	f	0	f	\N	\N	\N	2	1	0
259	Букет "Миллениум"		40000	1	f	f	2021-07-07 10:09:45.684452+03	f	t	0	f	\N	\N	\N	2	1	0
260	Букет "Безмятежность"		13500	1	f	t	2021-07-07 10:12:25.05098+03	f	t	0	f	\N	\N	\N	2	1	0
261	Букет "Утренняя заря"		15000	1	f	f	2021-07-07 10:13:20.090228+03	f	t	0	f	\N	\N	\N	2	1	0
262	Букет "Внимание"		17000	1	f	f	2021-07-07 10:14:26.812186+03	f	t	0	f	\N	\N	\N	2	1	0
265	Букет "Белоснежность"		16500	1	f	f	2021-07-19 07:09:56.176854+03	f	t	0	f	\N	\N	\N	2	1	0
273	Букет "Сказочная фея"		17000	1	f	f	2021-07-20 08:40:55.175218+03	t	t	0	f	\N	\N	\N	2	1	0
279	Шикарный букет микс роз		29000	1	f	f	2021-08-06 11:22:37.973381+03	f	f	0	f	\N	\N	\N	2	1	0
284	Букет "Грёзы любви"		18500	1	f	f	2021-08-11 14:38:20.169394+03	t	t	0	f	\N	\N	\N	2	1	0
287	Букет "Лучи солнца"		14000	1	f	f	2021-08-27 11:56:13.99529+03	f	t	0	f	\N	\N	\N	2	1	0
296	Букет "Королевская гортензия"		16000	1	f	f	2021-08-27 12:19:10.520433+03	f	t	19000	t	\N	\N	\N	2	1	0
82	Облако гипсофилы	нежная гипсофила	16500	1	f	t	2021-05-05 11:41:08.213156+03	f	f	18	t	\N	\N	\N	2	1	0
268	Букет "Облачко"		13000	1	f	f	2021-07-19 07:18:10.446655+03	t	t	0	f	\N	\N	\N	2	1	0
277	Букет "Нежный мусс"		18900	1	f	f	2021-08-03 10:56:00.580842+03	f	t	0	f	\N	\N	\N	2	1	0
281	Композиция "Ягодный пунш"		17300	1	f	f	2021-08-06 11:26:20.717853+03	t	t	0	f	\N	\N	\N	2	1	0
283	Букет "Комплимент"		12000	1	t	t	2021-08-11 09:40:44.482105+03	f	t	20	f	\N	\N	\N	2	1	0
285	Букет "Эммануэль"		17900	1	f	f	2021-08-27 11:51:07.131597+03	f	t	0	f	\N	\N	\N	2	1	0
286	Букет "Мадам"		23900	1	f	f	2021-08-27 11:53:12.373207+03	t	t	0	f	\N	\N	\N	2	1	0
290	Композиция "Глинтвейн"		39500	1	f	t	2021-08-27 12:02:42.552044+03	t	f	0	f	\N	\N	\N	2	1	0
291	Букет "Yellow"		15600	1	f	t	2021-08-27 12:06:46.40563+03	f	t	0	f	\N	\N	\N	2	1	0
292	Букет "Red"		20000	1	f	t	2021-08-27 12:09:46.77954+03	f	t	0	f	\N	\N	\N	2	1	0
293	Букет "Зефир"		16000	1	f	f	2021-08-27 12:12:14.378119+03	t	t	0	f	\N	\N	\N	2	1	0
294	Букет "Сиреневый туман"		31900	1	f	f	2021-08-27 12:14:35.048601+03	t	t	0	f	\N	\N	\N	2	1	0
295	Букет "Дух романтики"		59000	1	f	f	2021-08-27 12:17:23.144317+03	f	t	0	f	\N	\N	\N	2	1	0
297	Букет "Прелесть"		14500	1	f	f	2021-09-04 12:23:47.479174+03	f	f	0	f	\N	\N	\N	2	1	0
298	Букет "Вдохновение"		13500	1	f	f	2021-09-04 12:24:46.75118+03	t	t	17500	t	\N	\N	\N	2	1	0
301	Букет "Микс роз"		50500	1	f	f	2021-10-26 09:02:36.82271+03	f	t	70700	t	\N	\N	\N	2	1	0
302	Букет "Романс"		25900	1	f	f	2021-10-26 09:31:30.438444+03	f	t	29900	t	\N	\N	\N	2	1	0
307	Букет "Радужное свечение"		10000	1	f	f	2021-10-26 10:27:09.812372+03	t	t	0	f	\N	\N	\N	2	1	0
308	Букет "Джульетта"		23000	1	f	f	2021-10-26 10:35:16.289684+03	f	t	27900	t	\N	\N	\N	2	1	0
59	Премиальный сорт роз в коробке		17000	1	f	t	2021-04-24 17:28:49.118493+03	t	f	21	t	\N	\N	\N	2	1	0
228	Композиция "Unicorn"		13000	1	f	t	2021-06-13 10:40:36.682779+03	t	t	0	f	\N	\N	\N	2	1	0
263	Букет "Миа"		13900	1	f	f	2021-07-07 10:15:44.94174+03	f	t	0	f	\N	\N	\N	2	1	0
264	Букет "Моника"		15000	1	f	f	2021-07-07 10:18:19.911091+03	f	t	0	f	\N	\N	\N	2	1	0
266	Букет "Признание в любви"		16000	1	f	f	2021-07-19 07:13:36.825289+03	f	t	0	f	\N	\N	\N	2	1	0
267	Букет "Императрица"		16000	1	f	f	2021-07-19 07:15:35.381513+03	t	t	0	f	\N	\N	\N	2	1	0
269	Букет "Премиум"	В наши букеты вложено много любви и труда. Флористы Royal Flowers используют всегда свежие цветы и максимум фантазии. Надеемся, вы оцените наши труды	33000	1	f	f	2021-07-19 07:19:06.25358+03	t	t	0	f	\N	\N	\N	2	1	0
270	Букет "Симфония чувств"		14000	1	f	f	2021-07-19 07:21:16.411979+03	f	t	0	f	\N	\N	\N	2	1	0
272	Букет "Летний"		13500	1	f	f	2021-07-20 08:37:32.170533+03	f	t	0	f	\N	\N	\N	2	1	0
274	Букет "Розовые мечты"		19000	1	f	f	2021-08-03 10:52:16.724057+03	t	t	0	f	\N	\N	\N	2	1	0
304	Букет "Рубин"	101 высокая роза\r\nВ наши букеты вложено много любви и труда. Флористы Royal Flowers используют всегда свежие цветы и максимум фантазии. Надеемся, вы оцените наши труды!	101000	7	f	t	2021-10-26 09:55:08.966268+03	f	t	10	f	\N	\N	\N	2	1	0
306	Букет "Малиновый сад"	25 Голландских роз	18500	1	t	t	2021-10-26 10:11:54.069208+03	f	t	20	f	\N	\N	\N	2	1	0
318	Букет "Аврора"	101 Голландская роза	70700	1	t	t	2021-11-03 09:41:53.955394+03	f	t	30	f	\N	\N	\N	2	1	0
329	Композиция "Лучи солнца"		11500	1	f	f	2021-11-20 11:01:22.877746+03	t	f	0	f	\N	\N	\N	2	1	0
328	Букет "Ароматный сад"		18000	1	f	f	2021-11-17 10:52:10.201187+03	f	f	0	f	\N	\N	\N	2	1	0
223	Букет "Purple"		23700	1	f	t	2021-06-13 10:32:08.608571+03	f	t	0	f	\N	\N	\N	2	1	0
225	Букет "Робкость"		18000	1	f	t	2021-06-13 10:34:04.639824+03	f	t	0	f	\N	\N	\N	2	1	0
226	Композиция "Сладкий сюрприз"		15000	1	f	t	2021-06-13 10:35:21.944974+03	t	t	17500	f	\N	\N	\N	2	1	0
238	Композиция "Сладкий сон"		36600	1	f	t	2021-06-25 07:37:55.344808+03	t	f	0	f	\N	\N	\N	2	1	0
250	Композиция "Рябина"		20000	1	f	t	2021-07-01 11:35:35.983841+03	t	f	0	f	\N	\N	\N	2	1	0
271	Букет "Верона"		20000	1	f	f	2021-07-20 08:34:23.854873+03	f	t	4	f	\N	\N	\N	2	1	0
325	Композиция "Восхищение"		29500	1	f	t	2021-11-10 08:32:52.262073+03	f	f	0	f	\N	\N	\N	2	1	0
326	Букет "Чувственный"	51 роза	25000	1	f	t	2021-11-12 10:27:53.637256+03	f	f	0	f	\N	\N	\N	2	1	0
327	Букет "Дуэт"		13100	1	f	t	2021-11-12 10:33:01.793408+03	f	f	0	f	\N	\N	\N	2	1	0
193	Евробукет с добавлением королевской гортензии		25500	1	f	f	2021-05-31 13:39:18.655146+03	f	f	0	f	\N	\N	\N	2	1	0
194	Букет "Pink"		50000	1	f	t	2021-06-05 08:02:39.96014+03	f	t	0	f	\N	\N	\N	2	1	0
195	Букет "Эстелла"		20500	1	f	t	2021-06-05 08:06:05.434235+03	t	t	0	f	\N	\N	\N	2	1	0
199	Букет "Благородство"		20000	1	f	t	2021-06-06 13:16:01.155809+03	f	t	0	f	\N	\N	\N	2	1	0
201	Композиция "Акварель"		17500	1	f	t	2021-06-07 06:27:47.529587+03	t	t	0	f	\N	\N	\N	2	1	0
204	Букет "Белоснежность"		52000	1	f	t	2021-06-09 07:02:09.696537+03	f	t	0	f	\N	\N	\N	2	1	0
205	Букет "Сюрприз"		8900	1	f	f	2021-06-09 07:04:22.093081+03	f	t	0	f	\N	\N	\N	2	1	0
207	Композиция "Откровение"		14200	1	f	t	2021-06-09 07:08:43.415132+03	t	t	0	f	\N	\N	\N	2	1	0
213	Композиция "Чувственная"		35000	1	f	t	2021-06-11 07:39:05.796057+03	t	t	0	f	\N	\N	\N	2	1	0
215	Композиция "Гранат"		60000	1	f	t	2021-06-11 07:43:21.271648+03	t	t	0	f	\N	\N	\N	2	1	0
18	Цветочные композиции в шляпных коробках	Наши флористы учтут все ваши пожелания по гамме и стилистике букета или композиции	35000	1	f	t	2021-03-06 08:42:21.887367+03	t	t	0	f	\N	\N	\N	2	1	0
11	Букет из роз	Этот букет с первых минут окутывает своим ароматом роз, шлейфом нежности и нотками любви	36700	5	f	t	2021-03-06 08:16:36.488759+03	f	t	0	f	\N	\N	\N	2	1	0
19	Коробка нежных и теплых роз	Коробка, полная нежности, для самых трепетных, искренних эмоций ✨	70000	1	f	t	2021-03-06 08:43:29.940259+03	t	t	0	f	\N	\N	\N	2	1	0
20	Красные розы 🌹	Чувственный, страстный и стильный	62200	1	f	t	2021-03-06 08:44:31.998563+03	f	t	0	f	\N	\N	\N	2	1	0
24	Букет из 101 кустовой розы	Шикарный букет из 101 кустовой розы микс в пышном авторском оформлении	120000	1	f	t	2021-03-06 09:55:44.847951+03	f	t	0	f	\N	\N	\N	2	1	0
92	Коробочки гипсофилы		15000	1	f	t	2021-05-08 18:40:21.188043+03	f	f	0	f	\N	\N	\N	2	1	0
192	Композиция "Нежность в мелочах"		30000	1	f	t	2021-05-31 13:24:51.011362+03	t	f	0	f	\N	\N	\N	2	1	0
200	Букет "Жемчуг"		18000	1	f	t	2021-06-06 13:17:54.951503+03	f	t	0	f	\N	\N	\N	2	1	0
208	Композиция "Холодное сердце"		13000	1	f	t	2021-06-09 07:09:40.42818+03	t	t	0	f	\N	\N	\N	2	1	0
214	Композиция "Хрусталь"		25000	1	f	t	2021-06-11 07:41:48.136601+03	t	t	0	f	\N	\N	\N	2	1	0
6	Стильный евробукет в нежных оттенках	Евробукет из премиальных цветов в светлом оформлении	25000	4	f	t	2021-02-26 18:26:46.034932+03	f	t	25000	f	\N	\N	\N	2	1	0
7	101 голландских роз 	Прекрасный тандем из 101 голландских роз в эксклюзивной шляпной коробке и шары в виде сердца ❤️	70000	4	f	t	2021-02-26 18:27:41.112433+03	t	t	0	f	\N	\N	\N	2	1	0
12	Сладко & красиво 💞✨	*Цвет и наполнение может быть изменено	17500	5	f	t	2021-03-06 08:18:41.94182+03	t	t	0	f	\N	\N	\N	2	1	0
13	ЭКСКЛЮЗИВ ОТ ROYAL FLOWERS ❤️	Коробка огромной любви 🥰	75000	5	f	t	2021-03-06 08:26:03.473021+03	f	t	0	f	\N	\N	\N	2	1	0
14	Нежный и яркий букет	Когда хочется нежного и яркого одновременно ❤️\r\n	37000	1	f	t	2021-03-06 08:28:12.650509+03	f	t	0	f	\N	\N	\N	2	1	0
299	Композиция "Утончённость"		19500	1	t	t	2021-09-04 12:26:36.120802+03	t	t	15	f	\N	\N	\N	2	1	0
317	Композиция + Rafaello		12000	1	t	t	2021-11-02 16:56:14.222477+03	t	t	17	f	\N	\N	\N	2	1	0
322	Композиция "Идеал"		18500	1	f	t	2021-11-04 12:01:21.317635+03	t	t	0	f	\N	\N	\N	2	1	0
323	Букет "Roses"	15 роз каскадом	12500	5	t	t	2021-11-04 12:22:11.718392+03	f	t	32	f	\N	\N	\N	2	1	0
324	Композиция "Bubble Gum"		15100	1	t	t	2021-11-04 12:47:06.249212+03	t	t	15	f	\N	\N	\N	2	1	0
331	Букет "Стихия чувств"		9200	1	t	f	2021-11-24 13:39:36.736158+03	f	t	0	f	\N	\N	\N	2	1	0
332	Композиция "Сиреневые мечты"		9600	1	t	f	2021-11-24 13:46:53.443442+03	t	t	0	f	\N	\N	\N	2	1	0
1	Коробка с цветами "пламя любви"		80000	7	f	t	2021-02-23 13:24:43.292519+03	t	t	25	t	\N	\N	\N	2	1	0
5	Корзина цветов	Корзина цветов больших и маленьких размеров на любой вкус и цвет❤️	45000	4	f	t	2021-02-26 18:25:55.527162+03	t	t	0	f	\N	\N	\N	2	1	0
9	45 премиальных Тюльпанов в стильном оформлении	Тюльпаны своим присутствием по-настоящему озаряют пространство светом и уютом	30000	1	f	t	2021-03-06 08:11:34.94007+03	f	t	0	f	\N	\N	\N	2	1	0
10	Красивый, весенний букет + ваза	Красивый, весенний букет + ваза в наборе специально ко дню главного весеннего праздника 💞🥰	25000	5	f	t	2021-03-06 08:13:30.736922+03	t	t	0	f	\N	\N	\N	2	1	0
16	51 метровая роза	Букет из огромных роз	62200	1	f	t	2021-03-06 08:39:55.092516+03	f	t	0	f	\N	\N	\N	2	1	0
17	Композиция "White Dream"		16500	1	f	t	2021-03-06 08:41:18.859461+03	t	t	0	f	\N	\N	\N	2	1	0
319	Композиция "Сладкий сюрприз"		18500	1	t	t	2021-11-04 10:01:54.448029+03	t	t	5	f	\N	\N	\N	2	1	0
321	Композиция "Rainbow"		12000	1	t	t	2021-11-04 11:36:19.796104+03	t	t	15	f	\N	\N	\N	2	1	0
28	Букет из 35 голландских роз 100см	Букет из 35 голландских роз 100 см микс в красивом, авторском оформлении 	31500	1	f	t	2021-03-06 10:17:46.506365+03	f	t	0	f	\N	\N	\N	2	1	0
29	Букет из 101 голландских роз 100см	Стильное, пышное оформление 101 розы 100 см	101000	1	f	t	2021-03-06 10:21:49.974729+03	f	t	0	f	\N	\N	\N	2	1	0
30	Букет из 21 голландских роз 60-70см	Голландские нежные розы 60-70см в красивом белом оформлении	10500	1	f	t	2021-03-06 10:25:42.481271+03	f	t	0	f	\N	\N	\N	2	1	0
33	Букет из кустовых роз нежных оттенков	Кустовые розы нежно розовых оттенков	11400	1	f	t	2021-03-06 10:33:58.29025+03	f	t	0	f	\N	\N	\N	2	1	0
34	Евробукет белых роз и хризантем	Евробукет из голландских роз с добавлением хризантем в нежных оттенках	6200	1	f	t	2021-03-06 10:36:30.383627+03	f	t	0	f	\N	\N	\N	2	1	0
35	Букет из голландских роз с эвкалиптом	Букеты из роз с добавлением душистого эвкалипта в красивом оформлении	6000	1	f	t	2021-03-06 10:39:24.495144+03	f	t	0	f	\N	\N	\N	2	1	0
36	Евробукет из кустовой розы и гвоздик	Яркий евробукет из кустовых роз и гвоздик в авторском оформлении	9600	1	f	t	2021-03-06 10:42:04.197881+03	f	t	0	f	\N	\N	\N	2	1	0
37	Букет их хризантем	Моно букет из хризантем. Расцветки на выбор	5000	1	f	t	2021-03-06 10:43:46.40281+03	f	t	0	f	\N	\N	\N	2	1	0
40	51 Голландских роз 	51 Голландских роз в белом и розовом цвете в офорилении	26500	1	f	t	2021-03-23 18:59:43.744732+03	f	f	0	f	\N	\N	\N	2	1	0
41	Евробукет	Евробукет с добавлением дильфиниума	24500	1	f	t	2021-03-23 19:04:13.133364+03	f	f	0	f	\N	\N	\N	2	1	0
44	Евробукет	Евробукет с добавлением гортензии	21000	1	f	t	2021-03-23 19:34:16.488782+03	f	f	0	f	\N	\N	\N	2	1	0
45	Евробукет	Евробукет с добавлением подсолнуха	19500	1	f	t	2021-03-23 19:37:51.39425+03	f	f	0	f	\N	\N	\N	2	1	0
46	Евробукет	Евробукет собранный из гортензии, кустовых пионовидных роз	21000	1	f	t	2021-03-23 19:40:59.822092+03	f	f	0	f	\N	\N	\N	2	1	0
47	Яркая композиция	Композиция в белых и красных тонах	23500	1	f	t	2021-03-23 19:44:16.419861+03	f	f	0	f	\N	\N	\N	2	1	0
48	Евробукет  в нежно розово-белых тонах	Евробукет в нежно розово-белых тонах	51000	1	f	t	2021-03-23 19:47:52.556658+03	f	f	0	f	\N	\N	\N	2	1	0
49	Евробукет с добавлением гортензии		22000	1	f	t	2021-03-23 19:53:15.585875+03	f	f	0	f	\N	\N	\N	2	1	0
50	Букет из пионовидных кустовых роз		27300	1	f	t	2021-03-23 19:55:00.84511+03	f	f	0	f	\N	\N	\N	2	1	0
51	Букет из гортензии с добавлением голландских роз		27500	1	f	t	2021-03-23 19:57:41.039055+03	f	f	0	f	\N	\N	\N	2	1	0
52	Стильный евробукет из премиальных цветов		32100	1	f	t	2021-03-23 20:01:15.278628+03	f	f	0	f	\N	\N	\N	2	1	0
53	51 Голландских роз  собранный в виде сердце		26500	1	f	f	2021-03-23 20:21:49.102339+03	f	f	0	f	\N	\N	\N	2	1	0
55	Евробукет	Красивый евробукет	18000	1	f	t	2021-04-24 17:17:39.126893+03	f	f	0	f	\N	\N	\N	2	1	0
56	красно-белая коробка из экзотики и роз		16500	1	f	t	2021-04-24 17:20:50.058484+03	t	f	0	f	\N	\N	\N	2	1	0
57	101 метровая роза		101000	1	f	t	2021-04-24 17:25:05.978636+03	f	f	0	f	\N	\N	\N	2	1	0
58	Микс кустовых и одиночных роз		12500	1	f	f	2021-04-24 17:26:43.389363+03	f	f	0	f	\N	\N	\N	2	1	0
60	Экзотика в коробке		14800	1	f	t	2021-04-24 17:33:01.0896+03	t	f	0	f	\N	\N	\N	2	1	0
61	Красные розы в коробке		15500	1	f	t	2021-04-24 17:35:10.678171+03	t	f	0	f	\N	\N	\N	2	1	0
62	Желтые розы в коробке		15500	1	f	t	2021-04-24 17:36:57.674057+03	t	f	0	f	\N	\N	\N	2	1	0
63	25 роз в коробке		16500	1	f	t	2021-04-24 17:38:47.371193+03	t	f	0	f	\N	\N	\N	2	1	0
64	Пышное облако гипсофилы		17000	1	f	f	2021-04-24 17:40:16.273167+03	f	f	0	f	\N	\N	\N	2	1	0
66	Корейский Евробукет 		18200	1	f	t	2021-04-24 17:49:04.694423+03	f	f	0	f	\N	\N	\N	2	1	0
67	51 премиальная роза		36700	1	f	f	2021-04-24 17:51:25.942786+03	f	f	0	f	\N	\N	\N	2	1	0
68	Комбо: Розы, Ваза, Сладкий букет		40000	1	f	f	2021-04-24 17:53:09.622236+03	f	f	55000	t	\N	\N	\N	2	1	0
69	Большой Евробукет		41200	1	f	t	2021-04-24 17:55:32.723095+03	f	f	0	f	\N	\N	\N	2	1	0
71	Нежный букет	Букет из 25 роз 60 см	13500	1	f	t	2021-05-05 11:12:26.827777+03	f	f	0	f	\N	\N	\N	2	1	0
73	Евробукет 	экзотика	24000	1	f	t	2021-05-05 11:17:04.369747+03	f	f	0	f	\N	\N	\N	2	1	0
74	Евробукет 	яркая экзотикпа	32000	1	f	t	2021-05-05 11:18:59.044303+03	f	f	0	f	\N	\N	\N	2	1	0
75	Облако гипсофилы	гипсофила	25000	1	f	t	2021-05-05 11:22:14.21645+03	f	f	0	f	\N	\N	\N	2	1	0
77	Евробукет 	экзотика	18000	1	f	t	2021-05-05 11:35:59.293177+03	f	f	0	f	\N	\N	\N	2	1	0
78	Яркая композиция роз	розы 60 см	25000	1	f	t	2021-05-05 11:37:50.631347+03	f	f	0	f	\N	\N	\N	2	1	0
79	Нежная композиция 	экзотика	22000	1	f	t	2021-05-05 11:38:34.364638+03	f	f	0	f	\N	\N	\N	2	1	0
80	Яркая композиция 	экзотика	26000	1	f	t	2021-05-05 11:39:09.819574+03	f	f	0	f	\N	\N	\N	2	1	0
81	Моно букет	пионы	120000	1	f	t	2021-05-05 11:40:05.682307+03	f	f	0	f	\N	\N	\N	2	1	0
27	Букет из 51 голландских белых роз 100см	Голландские розы 100см в авторском оформлении флористов Royal Flowers	45900	1	f	t	2021-03-06 10:12:40.502672+03	f	t	0	f	\N	\N	\N	2	1	0
85	Яркая композиция	Насыщенная композиция	75000	1	f	t	2021-05-07 15:12:50.772981+03	f	f	0	f	\N	\N	\N	2	1	0
86	Евробукет 	Премиальный евробукет 	35000	1	f	t	2021-05-07 15:15:15.020569+03	f	f	0	f	\N	\N	\N	2	1	0
87	Яркая композиция роз	Розы с зеленью	16500	1	f	t	2021-05-07 15:16:35.402835+03	f	f	0	f	\N	\N	\N	2	1	0
89	Нежная композиция роз		29000	1	f	t	2021-05-07 15:20:52.786818+03	f	f	0	f	\N	\N	\N	2	1	0
90	Композиция премиум класса		75000	1	f	t	2021-05-07 15:22:03.750778+03	f	f	0	f	\N	\N	\N	2	1	0
91	Евробукет 		25000	1	f	t	2021-05-07 15:23:16.535716+03	f	f	0	f	\N	\N	\N	2	1	0
93	Букет роз	розы 60  см	8500	1	f	t	2021-05-08 18:41:04.48764+03	f	f	0	f	\N	\N	\N	2	1	0
100	Яркая композиция роз		15000	1	f	t	2021-05-12 16:33:01.848866+03	f	f	0	f	\N	\N	\N	2	1	0
101	Нежная композиция 		14000	1	f	t	2021-05-12 16:34:00.915072+03	f	f	0	f	\N	\N	\N	2	1	0
102	Букет кустовых роз		22000	1	f	t	2021-05-12 16:35:09.325891+03	f	f	0	f	\N	\N	\N	2	1	0
104	Яркая композиция роз		16500	1	f	t	2021-05-12 16:37:55.09152+03	f	f	0	f	\N	\N	\N	2	1	0
105	Нежная композиция 		21000	1	f	t	2021-05-12 16:42:12.787466+03	f	f	0	f	\N	\N	\N	2	1	0
106	Букет роз		26500	1	f	t	2021-05-12 16:44:02.801089+03	f	f	0	f	\N	\N	\N	2	1	0
107	Моно букет из пион		88500	1	f	t	2021-05-12 16:46:25.120095+03	f	f	0	f	\N	\N	\N	2	1	0
108	Евробукет 	Евробукет	22000	1	f	t	2021-05-12 16:47:23.008675+03	f	f	0	f	\N	\N	\N	2	1	0
109	Букет роз		28500	1	f	t	2021-05-12 16:49:45.834799+03	f	f	17	t	\N	\N	\N	2	1	0
110	Нежная композиция 		16000	1	f	t	2021-05-12 16:51:07.638252+03	f	f	0	f	\N	\N	\N	2	1	0
111	Евробукет 		15200	1	f	f	2021-05-12 16:52:44.669421+03	f	f	0	f	\N	\N	\N	2	1	0
112	Композиция премиум класса		75000	1	f	t	2021-05-12 16:55:10.534924+03	f	f	0	f	\N	\N	\N	2	1	0
113	Яркая композиция 		30400	1	f	t	2021-05-12 16:58:24.96235+03	f	f	0	f	\N	\N	\N	2	1	0
114	Яркая композиция роз		16500	1	f	f	2021-05-12 17:06:58.788895+03	f	f	0	f	\N	\N	\N	2	1	0
115	Евробукет 		15000	1	f	t	2021-05-12 17:07:37.470264+03	f	f	0	f	\N	\N	\N	2	1	0
119	Конверт комплимент		7800	1	f	f	2021-05-14 10:43:53.899201+03	f	f	0	f	\N	\N	\N	2	1	0
121	Конверт комплимент		8300	1	f	f	2021-05-14 10:45:41.190746+03	f	f	0	f	\N	\N	\N	2	1	0
122	Букет роз		13500	1	f	t	2021-05-14 10:46:22.988815+03	f	f	0	f	\N	\N	\N	2	1	0
123	Конверт комплимент		6600	1	f	f	2021-05-14 10:47:11.866872+03	f	f	0	f	\N	\N	\N	2	1	0
124	Нежная композиция 		25800	1	f	t	2021-05-14 10:48:57.111615+03	f	f	0	f	\N	\N	\N	2	1	0
126	Евробукет 	Евробукет	13000	1	f	f	2021-05-14 10:55:44.496862+03	f	f	0	f	\N	\N	\N	2	1	0
127	Евробукет 	Евробукет	18500	1	f	t	2021-05-14 10:56:26.362346+03	f	f	0	f	\N	\N	\N	2	1	0
128	Букет роз		13500	1	f	f	2021-05-15 18:49:20.442855+03	f	t	0	f	\N	\N	\N	2	1	0
129	Облако гипсофилы		13000	1	f	t	2021-05-15 18:51:28.227982+03	f	t	0	f	\N	\N	\N	2	1	0
132	Евробукет 		15500	1	f	t	2021-05-15 18:55:07.171273+03	f	f	0	f	\N	\N	\N	2	1	0
135	Евробукет премиум класса		30000	1	f	f	2021-05-18 14:12:42.926578+03	f	f	0	f	\N	\N	\N	2	1	0
136	Евробукет премиум класса		35000	1	f	t	2021-05-18 14:13:35.459467+03	f	f	0	f	\N	\N	\N	2	1	0
137	Букет роз		15000	1	f	t	2021-05-18 14:14:23.106429+03	f	f	0	f	\N	\N	\N	2	1	0
138	Композиция гипсофилы		15000	1	f	t	2021-05-18 14:15:51.993657+03	f	f	0	f	\N	\N	\N	2	1	0
139	Букет из сирени		15000	1	f	f	2021-05-18 14:17:00.46776+03	f	f	0	f	\N	\N	\N	2	1	0
140	Букет роз		13500	1	f	t	2021-05-18 14:17:53.940064+03	f	f	0	f	\N	\N	\N	2	1	0
141	Композиция из роз		19000	1	f	t	2021-05-18 14:19:32.665945+03	f	f	13	t	\N	\N	\N	2	1	0
142	Нежная композиция 		33500	1	f	t	2021-05-18 14:22:13.011571+03	f	f	0	f	\N	\N	\N	2	1	0
144	Букет роз		26500	1	f	t	2021-05-21 15:38:27.711168+03	f	f	0	f	\N	\N	\N	2	1	0
145	Букет роз		50500	1	f	t	2021-05-21 15:38:57.80648+03	f	f	0	f	\N	\N	\N	2	1	0
147	Евробукет 		16000	1	f	t	2021-05-21 15:40:06.593527+03	f	f	0	f	\N	\N	\N	2	1	0
148	Композиция премиум класса		25000	1	f	t	2021-05-21 15:40:48.29921+03	f	f	0	f	\N	\N	\N	2	1	0
149	Букет роз		13500	1	f	t	2021-05-21 15:41:17.454816+03	f	f	0	f	\N	\N	\N	2	1	0
150	Евробукет премиум класса		35000	1	f	t	2021-05-21 15:41:51.711602+03	f	f	0	f	\N	\N	\N	2	1	0
152	Евробукет 		13000	1	f	t	2021-05-21 15:43:38.214397+03	f	f	0	f	\N	\N	\N	2	1	0
153	Композиция премиум класса		20200	1	f	t	2021-05-21 15:45:10.91482+03	f	f	0	f	\N	\N	\N	2	1	0
156	Евробукет 		12000	1	f	t	2021-05-22 17:31:33.389322+03	f	f	0	f	\N	\N	\N	2	1	0
171	Композиция премиум класса		49500	1	f	t	2021-05-27 09:46:13.67665+03	t	t	0	f	\N	\N	\N	2	1	0
173	Евробукет 		25500	1	f	t	2021-05-27 09:47:34.011596+03	f	f	0	f	\N	\N	\N	2	1	0
174	Евробукет премиум класса		18000	1	f	t	2021-05-27 09:48:15.294496+03	f	f	0	f	\N	\N	\N	2	1	0
175	Композиция из роз		16500	1	f	t	2021-05-27 12:18:02.788582+03	f	f	0	f	\N	\N	\N	2	1	0
176	Яркая композиция роз		17000	1	f	f	2021-05-30 10:25:47.586132+03	f	f	0	f	\N	\N	\N	2	1	0
177	Букет роз		26500	1	f	t	2021-05-30 10:26:19.787995+03	f	f	0	f	\N	\N	\N	2	1	0
179	Евробукет 		15000	1	f	t	2021-05-30 10:27:46.394119+03	f	f	0	f	\N	\N	\N	2	1	0
181	Евробукет 	Евробукет премиум класса	29600	1	f	t	2021-05-30 10:29:17.071915+03	f	f	0	f	\N	\N	\N	2	1	0
182	Евробукет 	Евробукет премиум класса	30000	1	f	t	2021-05-30 10:29:57.52063+03	f	f	0	f	\N	\N	\N	2	1	0
183	Облако гипсофилы		15000	1	f	t	2021-05-30 10:30:39.255147+03	f	f	0	f	\N	\N	\N	2	1	0
84	Евробукет 	экзотика	16000	1	f	t	2021-05-05 11:45:00.467243+03	f	f	0	f	\N	\N	\N	2	1	0
189	Нежная композиция с пионами	Композиция с добавлением пионов, кустовых роз	30000	1	f	f	2021-05-31 13:14:14.485653+03	t	t	0	f	\N	\N	\N	2	1	0
275	Букет "Премиум"		44500	1	f	f	2021-08-03 10:53:35.297023+03	f	t	0	f	\N	\N	\N	2	1	0
276	Букет "Бархат"		23500	1	f	f	2021-08-03 10:54:43.685734+03	t	t	0	f	\N	\N	\N	2	1	0
278	Букет "Мальвина"		17000	1	f	f	2021-08-03 10:57:26.970285+03	f	t	0	f	\N	\N	\N	2	1	0
280	Букет "Небосвод"		13000	1	f	f	2021-08-06 11:24:03.845468+03	t	t	0	f	\N	\N	\N	2	1	0
282	Букет "Шарм"		33500	1	f	f	2021-08-11 09:36:55.768946+03	t	t	0	f	\N	\N	\N	2	1	0
288	Букет "Утренняя свежесть"		29500	1	f	t	2021-08-27 11:58:01.728607+03	f	t	0	f	\N	\N	\N	2	1	0
310	Букет "Розовый жемчуг"		37200	1	f	f	2021-10-26 10:46:08.705543+03	f	t	0	f	\N	\N	\N	2	1	0
312	Букет "Нежность"		13500	1	f	f	2021-10-26 10:56:46.483773+03	f	t	15500	t	\N	\N	\N	2	1	0
313	Композиция "Эйфория"		17500	1	f	t	2021-10-28 08:51:12.367406+03	t	f	0	f	\N	\N	\N	2	1	0
315	Композиция "Юпитер"		30000	1	f	t	2021-11-02 14:06:34.569994+03	t	t	17	f	\N	\N	\N	2	1	0
188	Композиция	Нежная сборная композиция	22000	1	f	t	2021-05-31 13:12:08.846485+03	t	f	0	f	\N	\N	\N	2	1	0
190	Облако гипсофилы	Воздушное облако гипсофилы	11000	1	f	t	2021-05-31 13:16:25.206501+03	f	f	0	f	\N	\N	\N	2	1	0
191	Композиция гигантской любви		85000	1	f	t	2021-05-31 13:22:54.842241+03	t	f	0	f	\N	\N	\N	2	1	0
206	Композиция "Коктейль"		19000	1	f	t	2021-06-09 07:07:16.384759+03	t	t	0	f	\N	\N	\N	2	1	0
218	Композиция "Бисквит"		21500	1	f	t	2021-06-11 07:47:52.555461+03	t	t	0	f	\N	\N	\N	2	1	0
231	Стильная композиция		27500	1	f	f	2021-06-17 07:19:33.638245+03	t	f	0	f	\N	\N	\N	2	1	0
234	Нежный евробукет		26000	1	f	t	2021-06-17 08:07:20.194204+03	f	f	0	f	\N	\N	\N	2	1	0
239	Композиция премиум класса		25900	1	f	t	2021-06-25 07:38:49.534085+03	t	f	0	f	\N	\N	\N	2	1	0
242	Евробукет		17500	1	f	t	2021-06-25 07:42:57.808006+03	f	f	0	f	\N	\N	\N	2	1	0
243	Букет роз		11000	1	f	t	2021-06-25 07:43:41.664475+03	f	f	0	f	\N	\N	\N	2	1	0
244	Букет роз		14000	1	f	t	2021-06-25 07:44:20.898247+03	f	f	0	f	\N	\N	\N	2	1	0
245	Евробукет		13000	1	f	t	2021-06-25 07:45:17.564544+03	f	f	0	f	\N	\N	\N	2	1	0
246	Композиция		17000	1	f	t	2021-06-26 10:51:16.382768+03	t	f	0	f	\N	\N	\N	2	1	0
247	Облако гипсофилы		13000	1	f	t	2021-06-26 10:56:10.985727+03	f	f	0	f	\N	\N	\N	2	1	0
248	Яркий букет роз		26500	1	f	t	2021-06-26 10:57:06.661518+03	f	f	0	f	\N	\N	\N	2	1	0
251	Нежный букет пионов		36900	1	f	f	2021-07-01 11:39:27.464089+03	f	f	0	f	\N	\N	\N	2	1	0
252	Сборный евробукет		20000	1	f	f	2021-07-01 11:42:13.713589+03	f	f	0	f	\N	\N	\N	2	1	0
253	Сборный евробукет		19500	1	f	f	2021-07-01 11:45:22.701373+03	f	f	0	f	\N	\N	\N	2	1	0
254	Облако гипсофилы		11000	1	f	f	2021-07-01 12:35:19.075564+03	f	f	0	f	\N	\N	\N	2	1	0
256	Шикарный букет роз		53000	1	f	f	2021-07-07 10:05:00.976842+03	f	f	0	f	\N	\N	\N	2	1	0
257	Сладкая композиция		17500	1	f	f	2021-07-07 10:06:40.265835+03	f	f	0	f	\N	\N	\N	2	1	0
\.


--
-- Data for Name: mainapp_flowers_category; Type: TABLE DATA; Schema: public; Owner: mysite_user
--

COPY public.mainapp_flowers_category (id, flowers_id, category_id) FROM stdin;
1488	14	3
1489	14	4
1490	14	5
1491	14	6
965	40	3
966	40	6
979	43	3
993	46	5
994	46	6
1492	14	7
1493	14	8
1494	14	9
1495	14	10
1496	14	11
1497	14	12
1498	14	13
1499	14	14
1500	14	15
1501	14	16
1502	14	17
1503	14	18
658	30	3
659	30	7
1504	14	19
1505	14	20
1506	14	21
1507	14	22
1508	14	23
1509	14	24
680	17	3
1510	14	25
1511	14	26
1553	195	12
1554	195	15
1555	195	21
1561	199	5
1562	199	6
1563	199	21
1569	204	3
1575	208	26
1606	228	26
1610	232	12
1614	236	3
1620	240	3
1627	244	3
1641	251	4
803	18	3
804	18	4
805	18	5
806	18	6
206	12	3
207	12	4
208	12	5
209	12	6
210	12	7
211	12	8
212	12	9
213	12	10
214	12	11
215	12	12
216	12	13
217	12	14
218	12	15
219	12	16
220	12	17
221	12	18
222	12	19
223	12	20
224	12	21
225	12	22
226	12	23
227	12	24
228	12	25
229	12	26
807	18	7
808	18	8
809	18	9
810	18	10
811	18	11
812	18	12
813	18	13
814	18	14
815	18	15
816	18	16
817	18	17
818	18	18
819	18	19
820	18	20
821	18	21
822	18	22
823	18	23
824	18	24
825	18	25
826	18	26
1645	255	6
1646	255	12
1654	259	3
1655	259	5
1662	263	3
1663	263	5
1666	266	3
863	13	3
864	13	4
865	13	5
866	13	6
867	13	7
868	13	8
869	13	9
870	13	10
871	13	11
872	13	12
873	13	13
874	13	14
875	13	15
876	13	16
877	13	17
878	13	18
879	13	19
880	13	20
881	13	21
882	13	22
883	13	23
884	13	24
885	13	25
886	13	26
1667	266	24
1674	270	3
937	16	3
1676	272	3
1677	272	5
770	7	3
771	7	4
772	7	5
773	7	6
774	7	7
775	7	8
776	7	9
777	7	10
778	7	16
827	5	3
828	5	4
829	5	5
830	5	6
831	5	7
832	5	8
833	5	9
834	5	10
938	16	4
939	16	5
940	16	6
941	16	7
942	16	8
943	16	9
944	16	10
1512	11	3
1513	11	4
648	25	3
649	25	7
1514	11	5
1515	11	6
1516	11	7
1517	11	8
1518	11	9
1519	11	10
1520	11	11
676	37	21
945	16	11
946	16	12
947	16	13
948	16	14
949	16	15
950	16	16
951	16	17
952	16	18
953	16	19
954	16	20
955	16	21
956	16	22
957	16	23
958	16	24
959	16	25
960	16	26
967	41	3
968	41	11
969	41	21
970	41	22
971	41	23
972	41	24
1521	11	12
1522	11	13
1523	11	14
1524	11	15
1525	11	16
1526	11	17
995	46	7
996	46	11
997	46	12
998	46	21
999	46	22
1000	46	23
1001	46	24
1024	49	5
1025	49	7
1026	49	8
1027	49	12
1028	49	21
1031	51	6
1032	51	7
1033	51	12
1527	11	18
436	8	26
437	10	3
438	10	4
439	10	5
440	10	6
441	10	7
442	10	9
443	10	10
444	10	11
445	10	12
446	10	13
447	10	14
448	10	15
449	10	16
450	10	17
451	10	18
452	10	19
453	10	20
454	10	21
455	10	22
456	10	23
457	10	24
458	10	25
459	10	26
961	39	5
962	39	12
963	39	22
964	39	24
1528	11	19
1529	11	20
1530	11	21
1531	11	22
1532	11	23
1533	11	24
986	45	3
987	45	8
988	45	10
989	45	12
990	45	17
991	45	22
992	45	23
1002	47	3
1003	47	8
1004	47	13
1005	47	16
1006	47	23
1007	47	24
1016	48	5
1534	11	25
1535	11	26
1564	200	3
1570	205	12
1582	213	3
1601	225	3
1611	233	26
1616	237	3
1621	241	5
1622	241	6
1636	248	3
1642	252	4
1647	256	3
1656	260	3
1664	264	3
1668	267	3
1669	267	22
1678	273	3
1679	273	4
1680	273	6
1681	273	8
1684	191	3
1685	191	4
1686	191	5
1687	191	22
1690	276	3
1694	278	7
1695	278	11
1696	278	12
1698	280	26
1700	282	3
1701	282	6
1702	282	11
1705	284	3
1706	284	6
1707	284	7
1708	285	12
1713	287	3
1721	291	3
1724	293	3
1725	293	24
1729	295	4
1536	9	3
650	26	3
651	26	7
1537	9	4
1538	9	5
662	32	3
663	32	7
669	35	3
670	35	7
671	35	24
779	19	3
780	19	4
781	19	5
782	19	6
783	19	7
784	19	8
785	19	9
786	19	10
787	19	11
788	19	12
789	19	13
790	19	14
791	19	15
792	19	16
793	19	17
794	19	18
795	19	19
796	19	20
797	19	21
798	19	22
799	19	23
800	19	24
801	19	25
802	19	26
1017	48	6
1018	48	8
1019	48	11
1020	48	16
1021	48	22
1022	48	23
1023	48	24
1029	50	5
1030	50	6
1539	9	6
1540	9	7
1541	9	8
1542	9	9
1543	9	10
1544	9	11
1545	9	12
1546	9	19
1547	9	20
1548	9	25
1549	9	26
1583	214	3
1589	218	3
1044	53	7
1602	226	3
1604	226	11
1608	230	12
1612	234	4
1051	52	5
1052	52	6
1053	52	7
1054	52	10
1055	52	12
1056	52	22
1057	52	24
1058	52	25
1059	56	3
1060	56	16
1061	56	21
1062	56	24
1625	242	12
1638	249	11
1639	249	21
1643	253	12
1648	257	3
1649	257	5
1650	257	11
1078	59	3
1079	59	6
1080	59	7
1081	60	3
1082	60	7
1083	60	8
1084	60	11
1085	60	14
1086	60	21
1087	60	24
1088	61	3
1089	61	6
1090	61	7
1091	62	3
1092	62	6
1093	62	7
1094	63	3
1095	63	6
1096	63	7
1651	257	21
1098	65	3
1099	65	8
1100	65	21
1101	65	22
1652	257	26
1658	261	12
1659	261	22
1670	268	26
1688	274	3
1691	277	11
1692	277	12
1138	44	3
1139	44	5
1140	44	8
1141	44	22
1142	44	23
1143	44	24
1148	27	3
1149	27	7
1153	1	3
1154	1	5
1155	1	6
1156	1	7
1157	71	3
1159	73	23
1160	74	23
1161	75	26
1162	76	4
1163	76	12
1164	77	3
1165	78	3
1166	79	3
1167	80	3
1168	81	4
1170	83	3
1171	84	3
1172	85	3
1173	86	12
1174	86	22
1175	87	3
1177	89	3
1178	90	3
1181	88	3
1182	72	3
1183	92	26
1184	93	3
1185	94	3
1186	95	12
1187	96	3
1188	97	3
1189	98	3
1190	99	3
1191	100	3
1192	101	3
1193	102	3
1194	103	3
1195	104	3
1196	105	3
1197	106	3
1198	107	4
1199	108	3
1202	111	3
1203	112	3
1204	113	3
1205	113	4
1206	113	5
1207	113	6
1208	113	7
1209	113	8
1210	113	9
1211	113	10
1212	114	3
1213	115	3
1217	119	3
1218	120	3
1221	122	3
1223	123	3
1226	124	3
1229	127	3
1230	126	3
1231	121	3
1232	121	4
1233	110	3
1243	132	3
1244	132	4
1245	132	12
1246	133	3
1248	135	3
1249	135	4
1250	135	22
1251	136	3
1252	136	4
1253	136	12
1254	136	24
1255	137	3
1256	138	26
1257	139	3
1258	140	3
1260	142	3
1261	142	4
1262	142	5
1263	142	6
1264	142	7
1267	131	4
1268	131	9
1269	131	12
1272	109	3
1275	141	3
1276	116	3
1277	82	26
1278	144	3
1279	145	3
1280	146	3
1281	147	3
1282	148	3
1283	149	3
1284	150	3
1287	153	3
1288	154	3
1289	155	3
1290	156	3
1291	156	22
1292	152	3
1293	143	3
1294	143	11
1297	157	3
1298	157	4
1299	158	3
1300	158	4
1301	158	12
1302	159	3
1307	163	3
1310	164	3
1311	164	5
1312	165	3
1313	166	3
1314	166	4
1315	167	3
1317	169	3
1318	170	3
1321	173	4
1322	174	3
1323	175	3
1325	33	3
1326	33	5
1327	151	3
1328	161	3
1329	161	22
1330	129	26
1331	128	3
1332	130	3
1333	130	4
1334	130	5
1335	130	6
1336	91	3
1337	69	6
1338	69	8
1339	69	11
1340	69	12
1341	69	14
1342	69	21
1343	69	22
1344	69	24
1345	68	3
1346	68	7
1347	67	3
1348	67	7
1349	58	3
1350	58	5
1351	58	6
1352	58	7
1353	57	3
1354	55	3
1355	55	5
1356	55	11
1357	55	12
1358	55	24
1359	176	3
1360	177	3
1361	178	3
1362	178	4
1363	178	5
1364	178	26
1365	179	3
1366	179	4
1367	179	5
1368	179	6
1369	180	3
1370	180	4
1371	180	5
1372	180	6
1373	181	3
1374	181	12
1377	183	26
1378	184	3
1379	185	4
1380	185	6
1381	182	3
1382	182	4
1384	187	26
1385	188	3
1386	188	22
1387	188	26
1388	189	3
1389	189	4
1390	189	5
1391	190	26
1396	192	5
1397	193	3
1398	193	12
1399	193	21
1400	66	3
1401	66	21
1402	66	22
1403	64	26
1404	38	3
1405	38	21
1406	38	23
1407	36	3
1408	36	5
1409	36	11
1410	36	23
1550	194	3
1414	34	3
1415	34	21
1416	34	23
1419	28	3
1420	28	7
1421	24	5
1422	24	23
1423	23	12
1424	22	3
1425	22	23
1427	6	3
1428	6	4
1429	6	5
1430	6	6
1431	6	7
1432	6	8
1433	6	9
1434	6	10
1435	6	13
1436	3	3
1437	3	4
1438	3	5
1439	3	6
1440	3	7
1441	3	8
1442	3	10
1443	4	3
1444	4	4
1445	4	5
1446	4	6
1447	4	7
1448	4	8
1449	4	9
1568	203	12
1579	211	3
1457	2	3
1464	20	3
1465	20	4
1466	20	5
1467	20	6
1468	20	7
1469	20	8
1470	20	9
1471	20	10
1472	20	11
1473	20	12
1474	20	13
1475	20	14
1476	20	15
1477	20	16
1478	20	17
1479	20	18
1480	20	19
1481	20	20
1482	20	21
1483	20	22
1484	20	23
1485	20	24
1486	20	25
1487	20	26
1585	215	3
1605	227	3
1609	231	6
1613	235	3
1619	239	5
1626	243	3
1634	246	3
1644	254	26
1653	258	26
1660	262	3
1661	262	5
1665	265	3
1671	269	3
1672	269	5
1675	271	12
1682	29	3
1683	29	7
1689	275	12
1693	277	21
1697	279	3
1699	281	3
1703	283	3
1704	283	22
1709	286	3
1710	286	6
1711	286	11
1712	286	22
1715	288	11
1716	288	12
1726	294	3
1727	294	5
1728	294	21
1730	295	12
1731	295	24
1732	296	12
1733	296	24
1734	297	3
1735	298	3
1736	298	5
1737	299	3
1741	301	3
1742	302	3
1744	304	3
1746	306	3
1747	307	26
1748	308	12
1750	310	3
1752	312	3
1753	312	21
1754	302	21
1755	297	11
1756	297	21
1757	313	3
1760	315	3
1762	317	3
1763	318	3
1766	321	26
1767	322	3
1768	323	3
1769	324	11
1771	250	3
1772	290	3
1774	171	11
1775	171	3
1776	171	12
1777	247	26
1778	226	21
1779	194	21
1780	234	11
1781	234	3
1782	292	3
1783	249	3
1784	245	3
1785	245	21
1786	242	3
1787	242	21
1788	239	3
1789	292	5
1791	326	3
1792	327	3
1793	325	3
1798	288	3
1799	288	22
1800	238	11
1801	238	3
1802	238	22
1803	218	18
1804	218	21
1806	221	3
1807	203	3
1808	203	22
1809	194	11
1810	194	22
1813	319	3
1814	225	24
1815	225	11
1816	225	22
1821	322	22
1823	331	3
1824	332	3
1827	331	11
1828	331	21
1829	214	11
1830	211	22
1831	223	11
1832	223	3
1833	223	21
1834	207	3
1835	206	11
1836	206	3
1837	206	22
1838	215	24
1839	215	11
1840	209	3
1841	209	22
1842	201	3
1843	201	21
1898	329	3
1899	328	3
1900	328	11
1901	328	22
1902	328	24
\.


--
-- Data for Name: mainapp_flowers_city; Type: TABLE DATA; Schema: public; Owner: mysite_user
--

COPY public.mainapp_flowers_city (id, flowers_id, city_id) FROM stdin;
1	19	1
2	12	1
3	8	1
4	10	1
6	5	1
7	25	1
8	32	1
9	16	1
10	26	1
11	17	1
12	7	1
13	18	1
14	35	1
15	30	1
16	37	1
17	1	1
18	28	1
19	29	1
20	24	1
21	27	1
22	6	1
24	34	1
25	13	1
26	81	1
27	36	1
28	82	1
29	33	1
31	4	1
32	20	1
33	14	1
34	11	1
35	9	1
36	39	1
37	40	1
38	41	1
39	43	1
40	45	1
41	46	1
42	47	1
43	48	1
44	49	1
45	50	1
46	51	1
47	53	1
48	52	1
49	56	1
50	66	1
52	59	1
53	60	1
54	61	1
55	62	1
56	63	1
57	65	1
59	23	1
60	44	1
61	71	1
62	73	1
63	74	1
64	75	1
65	76	1
66	77	1
67	78	1
68	79	1
69	80	1
70	69	1
71	68	1
72	67	1
73	58	1
74	57	1
75	55	1
76	64	1
77	38	1
78	3	1
79	2	1
80	83	1
81	110	1
82	84	1
83	85	1
84	86	1
85	87	1
86	89	1
87	90	1
88	22	1
89	88	1
90	72	1
91	92	1
92	93	1
93	94	1
94	95	1
95	96	1
96	97	1
97	98	1
98	99	1
99	100	1
100	101	1
101	102	1
102	103	1
103	104	1
104	105	1
105	106	1
106	107	1
107	108	1
108	111	1
109	112	1
110	113	1
111	114	1
112	115	1
115	119	1
116	120	1
117	122	1
118	123	1
119	124	1
121	127	1
122	126	1
123	121	1
124	132	1
125	133	1
127	135	1
128	136	1
129	137	1
130	138	1
131	109	1
132	116	1
133	139	1
134	129	1
135	128	1
136	91	1
137	140	1
138	142	1
139	131	1
140	183	1
141	141	1
142	144	1
143	145	1
144	146	1
145	147	1
146	148	1
147	149	1
148	150	1
149	153	1
150	155	1
151	156	1
152	152	1
153	143	1
154	184	1
155	185	1
156	157	1
157	159	1
160	163	1
161	164	1
162	165	1
163	166	1
164	167	1
165	169	1
166	170	1
167	171	1
168	173	1
169	174	1
170	175	1
172	151	1
173	161	1
174	130	1
175	176	1
176	177	1
177	178	1
178	179	1
179	180	1
180	181	1
181	182	1
183	154	1
184	188	1
185	189	1
186	190	1
187	191	1
188	192	1
189	193	1
190	194	1
191	187	1
192	195	1
196	199	1
197	200	1
198	201	1
199	203	1
200	204	1
201	205	1
202	206	1
203	207	1
204	208	1
205	209	1
207	211	1
209	213	1
210	214	1
211	215	1
214	218	1
216	158	1
218	221	1
219	223	1
221	225	1
223	226	1
224	227	1
225	228	1
232	299	1
233	298	1
234	298	23
235	299	23
236	297	1
237	297	23
238	296	1
239	296	23
240	295	1
241	295	23
242	294	1
243	294	23
244	293	1
245	293	23
246	292	1
247	292	23
248	291	1
249	291	23
252	290	1
253	290	23
254	288	1
255	288	23
256	287	1
257	287	23
258	286	1
259	286	23
260	285	1
261	285	23
262	284	1
263	284	23
264	283	1
265	283	23
266	282	1
267	282	23
268	281	1
269	281	23
270	279	1
271	279	23
272	280	1
273	280	23
274	278	1
275	278	23
276	277	1
277	277	23
278	276	1
279	276	23
280	275	1
281	275	23
282	274	1
283	274	23
284	273	1
285	273	23
286	272	1
287	272	23
288	271	1
289	271	23
290	270	1
291	270	23
292	269	1
293	269	23
294	268	1
295	268	23
296	267	1
297	267	23
298	266	1
299	266	23
300	265	1
301	265	23
302	264	1
303	264	23
304	263	1
305	263	23
306	261	1
307	261	23
308	262	1
309	262	23
310	260	1
311	260	23
312	259	1
313	259	23
314	258	1
315	258	23
316	257	1
317	257	23
318	256	1
319	256	23
320	255	1
321	255	23
322	254	1
323	254	23
324	253	1
325	253	23
326	252	1
327	252	23
328	251	1
329	251	23
330	250	1
331	250	23
332	249	1
333	249	23
334	248	1
335	248	23
336	247	1
337	247	23
338	246	1
339	246	23
340	245	1
341	245	23
342	244	1
343	244	23
344	243	1
345	243	23
346	242	1
347	242	23
348	241	1
349	241	23
350	240	1
351	240	23
352	239	1
353	239	23
354	238	1
355	238	23
356	237	1
357	237	23
358	236	1
359	236	23
360	235	1
361	235	23
362	234	1
363	234	23
364	233	1
365	233	23
366	232	1
367	232	23
368	231	1
369	231	23
370	230	1
371	230	23
372	301	1
373	301	23
374	302	1
375	302	23
378	304	1
379	304	23
382	306	1
383	306	23
384	307	1
385	307	23
386	308	1
387	308	23
390	310	1
391	310	23
394	312	1
395	312	23
396	1	23
397	2	23
398	313	1
399	313	23
402	315	1
403	315	23
407	171	23
408	317	1
409	317	23
411	318	1
412	318	23
414	228	23
415	227	23
416	225	23
418	223	23
419	221	23
420	218	23
423	215	23
424	214	23
425	213	23
426	226	23
427	211	23
428	209	23
429	208	23
430	207	23
431	206	23
432	205	23
433	204	23
434	203	23
435	201	23
436	200	23
437	199	23
440	195	23
441	194	23
442	192	23
443	319	1
444	319	23
447	321	1
448	321	23
449	322	1
450	322	23
451	323	1
452	323	23
453	324	1
454	324	23
455	17	23
456	325	1
457	325	23
458	326	1
459	326	23
460	327	1
461	327	23
462	328	1
463	328	23
464	329	1
465	329	23
468	331	1
469	331	23
470	332	1
471	332	23
472	332	2
\.


--
-- Data for Name: mainapp_flowers_povod; Type: TABLE DATA; Schema: public; Owner: mysite_user
--

COPY public.mainapp_flowers_povod (id, flowers_id, povods_id) FROM stdin;
1844	69	1
1845	69	2
1846	69	3
1847	69	4
885	5	1
886	5	2
887	5	3
888	5	4
889	5	5
890	5	7
2180	20	1
2181	20	2
2182	20	3
2183	20	4
2184	20	5
2185	20	6
579	26	1
580	26	3
581	26	4
582	26	5
583	26	6
584	26	7
585	26	8
586	26	9
587	26	15
588	26	16
1848	69	5
1849	69	6
1850	69	7
1851	69	8
1852	69	9
1853	69	10
1854	69	11
1855	69	12
1856	69	15
1857	69	16
1858	69	18
1922	55	1
1923	55	2
1924	55	3
1925	55	4
1926	55	5
1927	55	6
1928	55	7
1929	55	8
1930	55	9
629	30	1
630	30	3
631	30	4
632	30	5
194	12	1
195	12	2
196	12	3
197	12	4
198	12	5
199	12	6
200	12	7
201	12	8
202	12	9
203	12	10
204	12	11
205	12	12
206	12	13
207	12	14
208	12	15
209	12	16
210	12	18
633	30	6
634	30	7
984	16	1
985	16	2
986	16	3
987	16	4
988	16	5
989	16	6
990	16	7
991	16	8
992	16	9
993	16	10
994	16	11
995	16	12
996	16	13
997	16	14
998	16	15
999	16	16
1000	16	17
1001	16	18
1021	41	1
1022	41	2
1023	41	3
1024	41	4
1025	41	5
1026	41	6
1027	41	7
1028	41	8
1029	41	9
1030	41	10
1031	41	11
1032	41	12
1033	41	15
1931	55	10
1932	55	11
1933	55	12
1934	55	15
1935	55	16
1936	55	17
1946	179	3
1954	183	3
1968	189	3
1969	189	5
1970	189	6
1971	189	9
1980	192	3
1106	47	1
1107	47	3
1108	47	4
1109	47	5
1110	47	6
1111	47	7
1112	47	9
1125	48	2
1126	48	3
1127	48	4
1128	48	5
1129	48	6
1130	48	7
2186	20	7
2187	20	8
2188	20	9
2189	20	10
2190	20	11
2191	20	12
2192	20	13
2193	20	14
2194	20	15
2195	20	16
2196	20	18
1002	39	3
1003	39	6
1004	39	7
1859	68	1
2297	206	3
2298	206	5
2299	206	6
2300	206	7
2301	206	8
2302	206	9
2323	213	2
2324	213	3
569	25	1
570	25	3
571	25	4
572	25	5
573	25	6
574	25	7
575	25	8
1005	39	8
1006	39	9
1007	39	12
1860	68	2
1861	68	3
1862	68	4
1863	68	5
1864	68	6
1865	68	7
1866	68	8
1867	68	9
1868	68	10
1869	68	11
1870	68	12
1871	68	13
1872	68	15
1873	68	16
576	25	9
577	25	15
578	25	16
1874	68	18
1937	176	1
1938	176	2
1939	176	3
1940	176	4
1941	176	5
1947	180	1
1948	180	2
1949	180	3
1950	180	4
1951	180	5
1955	184	3
1959	187	3
1960	187	4
1076	45	1
1077	45	2
1078	45	3
1079	45	4
1080	45	5
1081	45	6
1082	45	7
1083	45	8
1084	45	9
1085	45	10
1086	45	11
1087	45	12
1088	45	13
1089	45	15
1090	45	16
1091	45	18
370	8	1
371	8	2
372	8	3
373	8	4
374	8	5
375	8	6
376	8	7
377	8	8
378	8	9
379	8	10
380	8	11
381	8	12
382	8	13
383	8	14
384	8	15
385	8	16
386	8	18
387	10	1
388	10	2
389	10	3
390	10	4
391	10	5
392	10	6
393	10	7
394	10	8
395	10	9
396	10	10
397	10	11
398	10	12
399	10	13
400	10	14
401	10	15
402	10	16
403	10	18
1961	187	5
1962	187	7
1963	187	8
1972	190	3
1973	190	5
1974	190	7
635	30	8
636	30	9
637	30	10
638	30	11
639	30	12
640	30	14
641	30	15
642	30	16
643	30	18
1975	190	9
1981	192	4
1982	192	5
1988	66	1
1989	66	2
1990	66	3
1991	66	4
1992	66	5
1993	66	6
1994	66	7
1995	66	8
1996	66	9
1997	66	10
1998	66	11
1999	66	12
659	32	1
660	32	4
661	32	5
662	32	6
663	32	7
664	32	8
665	32	9
666	32	10
667	32	11
668	32	12
669	32	14
670	32	15
671	32	16
672	32	18
2000	66	13
2001	66	15
2002	66	16
2003	66	18
2019	38	1
2020	38	2
2021	38	3
2022	38	4
2023	38	5
2024	38	6
2025	38	7
1875	67	1
1876	67	2
1877	67	3
1878	67	4
2197	14	1
2198	14	2
2199	14	3
2200	14	4
2201	14	5
2202	14	6
2203	14	7
2204	14	8
2205	14	9
2206	14	10
2207	14	11
2208	14	12
2209	14	13
2210	14	14
2211	14	15
2212	14	16
2213	14	17
705	35	1
706	35	2
707	35	3
708	35	4
709	35	5
710	35	6
711	35	7
712	35	8
713	35	9
714	35	10
715	35	11
716	35	12
717	35	13
718	35	14
719	35	15
720	35	16
721	35	17
722	35	18
2214	14	18
2303	207	3
2304	207	4
2305	207	6
2325	213	5
2326	213	6
2327	213	9
2346	218	3
2347	218	4
2348	218	5
2349	218	9
2366	223	3
2367	223	4
740	37	1
741	37	2
742	37	3
743	37	4
744	37	5
745	37	6
746	37	7
747	37	8
748	37	9
749	37	10
750	37	11
751	37	12
752	37	13
753	37	14
754	37	15
755	37	16
756	37	18
1879	67	5
1880	67	6
1881	67	7
1882	67	8
1883	67	9
1884	67	10
1885	67	11
1886	67	12
1887	67	15
1888	67	16
1889	67	18
1942	177	3
1952	181	3
1956	185	3
1964	188	3
1965	188	4
1966	188	5
774	17	1
775	17	2
776	17	3
777	17	4
778	17	5
779	17	6
780	17	7
781	17	8
782	17	9
783	17	10
784	17	11
785	17	12
786	17	13
787	17	14
788	17	15
789	17	16
790	17	17
791	17	18
2368	223	5
2369	223	7
2404	233	3
2405	233	4
843	7	1
844	7	2
845	7	3
846	7	4
847	7	5
848	7	6
849	7	8
850	19	1
851	19	2
852	19	3
853	19	4
854	19	5
855	19	6
856	19	7
857	19	8
858	19	9
859	19	10
860	19	11
861	19	12
862	19	13
863	19	14
864	19	15
865	19	17
866	19	18
867	18	1
868	18	2
869	18	3
870	18	4
871	18	5
872	18	6
873	18	7
874	18	8
875	18	9
876	18	10
877	18	11
878	18	12
879	18	13
880	18	14
881	18	15
882	18	16
883	18	17
884	18	18
2406	233	5
2420	237	3
2421	237	4
2422	237	5
2423	237	6
2434	241	3
921	13	1
922	13	2
923	13	3
924	13	4
2435	241	4
2436	241	5
2465	247	3
2466	247	9
2467	247	15
2468	247	16
2477	250	3
2478	250	4
2479	250	5
2480	250	7
2490	253	3
2491	253	4
2492	253	5
2501	256	3
2502	256	4
925	13	5
926	13	6
927	13	7
928	13	8
929	13	9
930	13	10
931	13	11
932	13	12
933	13	13
934	13	14
935	13	15
936	13	16
937	13	17
938	13	18
2215	11	1
2216	11	2
2217	11	3
2218	11	4
2219	11	5
2220	11	6
2221	11	7
2222	11	8
2223	11	9
2224	11	10
1008	40	2
1009	40	3
1010	40	4
1011	40	5
1012	40	6
1013	40	7
1014	40	8
1015	40	9
1016	40	11
1017	40	12
1018	40	15
1019	40	16
1020	40	17
1048	43	1
1049	43	2
1050	43	3
1051	43	4
1052	43	5
1053	43	6
1054	43	7
1055	43	8
1056	43	9
1057	43	11
1058	43	12
1059	43	15
1060	43	16
1061	43	18
1092	46	1
1093	46	2
1094	46	3
1095	46	4
1096	46	5
1097	46	6
1098	46	7
1099	46	8
1100	46	9
1101	46	10
1102	46	11
1103	46	12
1104	46	15
1105	46	16
1131	48	8
1132	48	9
1133	48	10
1134	48	11
1135	48	12
1136	48	15
1137	49	2
1138	49	3
1139	49	4
1140	49	5
1141	49	6
1142	49	7
1143	49	8
1144	49	10
1145	49	11
1146	49	12
1147	50	1
1148	50	2
1149	50	3
1150	50	4
1151	50	5
1152	50	6
1153	50	7
1154	50	8
1155	50	9
1156	50	15
1157	51	2
1158	51	3
1159	51	4
1160	51	5
1161	51	8
1162	51	9
1163	51	10
1164	51	12
1165	51	15
1166	51	16
2225	11	11
2226	11	12
2227	11	13
2228	11	14
2229	11	15
2230	11	16
2231	11	18
2270	199	3
2271	199	4
2272	199	5
2273	199	7
2306	208	6
2307	208	7
2308	208	9
2328	214	3
2329	214	5
2330	214	7
1193	53	1
1194	53	2
1195	53	3
1196	53	5
1197	53	7
1198	53	8
1199	53	9
1200	53	10
2407	234	3
2408	234	4
2409	234	5
1229	52	2
1230	52	3
1231	52	4
1232	52	5
1233	52	6
1234	52	7
1235	52	8
1236	52	9
1237	52	15
1238	52	16
1239	56	1
1240	56	2
1241	56	3
1242	56	4
1243	56	5
1244	56	6
1245	56	7
1246	56	8
1247	56	9
1248	56	10
1249	56	11
1250	56	12
1251	56	17
2232	9	1
2233	9	2
2234	9	3
2235	9	4
2236	9	5
2237	9	6
2238	9	7
2239	9	8
2240	9	9
2241	9	10
2242	9	11
2243	9	12
2244	9	13
2245	9	14
2246	9	15
2247	9	16
2248	9	18
2274	200	4
2275	200	5
2276	200	15
2309	209	3
2310	209	5
2311	209	6
2312	209	9
2332	215	3
2333	215	4
2334	215	5
1343	59	1
1344	59	2
1345	59	3
1346	59	4
1347	59	5
1348	59	6
1349	59	7
1350	59	8
1351	59	9
1352	59	10
1353	59	11
1354	59	12
1355	59	13
1356	59	14
1357	59	15
1358	59	16
1359	59	17
1360	59	18
1361	60	1
1362	60	2
1363	60	3
1364	60	4
1365	60	5
1366	60	6
1367	60	7
1368	60	8
1369	60	9
1370	60	10
1371	60	11
1372	60	12
1373	60	13
1374	60	14
1375	60	15
1376	60	16
1377	60	18
1378	61	1
1379	61	2
1380	61	3
1381	61	4
1382	61	5
1383	61	6
1384	61	7
1385	61	8
1386	61	9
1387	61	10
1388	61	11
1389	61	12
1390	61	13
1391	61	14
1392	61	15
1393	61	16
1394	61	18
1395	62	1
1396	62	2
1397	62	3
1398	62	4
1399	62	5
1400	62	6
1401	62	7
1402	62	8
1403	62	9
1404	62	10
1405	62	11
1406	62	12
1407	62	14
1408	62	15
1409	62	16
1410	62	18
1411	63	1
1412	63	2
1413	63	3
1414	63	4
1415	63	5
1416	63	6
1417	63	7
1418	63	8
1419	63	9
1420	63	10
1421	63	11
1422	63	12
1423	63	13
1424	63	15
1425	63	16
1426	63	18
2393	230	3
2394	230	4
2395	230	5
2396	230	6
2397	230	7
2410	234	9
2424	238	3
2425	238	5
2426	238	7
2437	242	3
2438	242	4
1442	65	1
1443	65	2
1444	65	3
1445	65	4
1446	65	5
1447	65	6
1448	65	7
1449	65	8
1450	65	9
1451	65	10
1452	65	11
1453	65	12
1454	65	15
1455	65	16
1456	65	18
2439	242	5
2440	242	6
2441	242	15
2456	245	3
2457	245	4
2458	245	5
2459	245	6
2460	245	7
2469	248	3
2470	248	4
2471	248	5
2472	248	7
2473	248	8
2481	251	3
2482	251	4
2483	251	5
2484	251	7
2485	251	9
2493	254	3
2494	254	4
2495	254	5
2496	254	6
2503	256	5
2504	256	6
2505	256	15
2510	258	3
2511	258	4
2512	258	5
2513	258	6
2514	258	7
2519	260	3
2520	260	4
2521	260	5
2525	262	3
2526	262	4
2527	262	5
2531	264	3
2537	266	3
2249	194	3
2250	194	4
2251	194	5
2277	201	4
2278	201	5
2279	201	7
2280	201	9
2282	203	3
2283	203	4
2284	203	5
2285	203	7
2286	203	9
1551	44	1
1552	44	2
1553	44	3
1554	44	4
1555	44	5
1556	44	6
1557	44	7
1558	44	8
1559	44	9
1560	44	10
1561	44	11
1562	44	12
1563	44	15
1564	44	16
2358	221	2
2359	221	3
2360	221	4
2361	221	5
2378	226	3
2379	226	4
2380	226	5
2398	231	3
2399	231	4
2400	231	5
2411	235	3
2412	235	4
2413	235	5
2414	235	9
1595	27	1
1596	27	3
1597	27	4
1598	27	5
1599	27	6
1600	27	7
1601	27	8
1602	27	9
1603	27	15
1604	27	16
2415	235	15
2427	239	3
2428	239	4
2429	239	5
2430	239	7
2442	243	3
2443	243	4
2444	243	5
2445	243	7
2461	246	3
2462	246	4
2463	246	5
1621	1	1
1622	1	2
1623	1	3
1624	1	4
1625	71	3
1890	58	1
1627	73	3
1628	74	3
1629	75	3
1630	76	3
1631	77	3
1632	78	3
1633	79	3
1634	80	3
1635	81	3
1891	58	2
1637	83	3
1638	84	3
1639	85	3
1640	86	3
1641	87	3
1892	58	3
1643	89	3
1644	90	3
1893	58	4
1894	58	5
1647	88	3
1648	72	3
1649	92	3
1650	93	3
1651	94	3
1652	95	3
1653	96	3
1654	97	3
1655	98	3
1656	99	3
1657	100	3
1658	101	3
1659	102	3
1660	103	3
1661	104	3
1662	105	3
1663	106	3
1664	107	3
1665	108	3
1895	58	6
1896	58	7
1668	111	3
1669	112	3
1670	113	1
1671	113	2
1672	113	3
1673	113	4
1674	113	5
1675	113	6
1676	113	7
1677	114	3
1678	115	3
1897	58	8
1682	119	3
1683	120	3
1898	58	9
1685	122	3
1899	58	10
1687	123	3
1900	58	11
1689	124	3
1901	58	12
1692	127	3
1693	126	3
1694	126	4
1695	126	5
1696	121	3
1697	110	3
1902	58	13
1903	58	14
1904	58	15
1905	58	16
1906	58	18
1907	57	1
1908	57	2
1909	57	3
1709	132	3
1710	133	3
1712	135	2
1713	135	3
1714	135	4
1715	136	3
1716	137	3
1717	138	3
1718	139	3
1719	139	4
1720	140	3
1910	57	4
1722	142	2
1723	142	3
1724	142	4
1725	142	5
1911	57	5
1912	57	6
1913	57	7
1914	57	8
1915	57	9
1916	57	10
1917	57	11
1918	57	12
1919	57	13
1920	57	15
1921	57	16
1737	131	3
1943	178	1
1944	178	2
1740	109	3
1945	178	3
2252	195	3
1957	182	3
1967	188	6
1983	193	3
1984	193	4
1985	193	5
1752	141	3
1753	116	3
1754	82	3
1755	144	3
1756	145	3
1757	146	3
1758	147	3
1759	148	3
1760	149	3
1761	150	3
1986	193	6
1987	193	9
1764	153	3
1765	154	3
1766	155	3
1767	156	3
1768	152	3
1769	143	1
1770	143	2
1771	143	3
1772	143	4
1773	143	5
1774	143	6
1775	143	7
1776	143	8
1777	143	9
1778	143	10
1779	143	11
2004	64	1
1781	157	3
1782	158	1
1783	158	2
1784	158	3
1785	158	4
1786	158	5
1787	158	6
1788	159	3
2005	64	2
1792	163	3
2006	64	3
2007	64	4
2008	64	5
2009	64	6
2010	64	7
1798	164	1
1799	164	2
1800	164	3
1801	164	4
1802	164	5
1803	165	2
1804	165	3
1805	166	3
1806	167	3
1808	169	3
1809	170	3
1810	171	3
2011	64	8
1812	173	3
1813	174	3
1814	175	3
1816	33	1
1817	33	3
1818	33	4
1819	33	5
1820	33	6
1821	33	7
1822	33	8
1823	33	9
1824	33	10
1825	33	11
1826	33	12
1827	33	14
1828	33	15
1829	33	16
1830	33	18
1831	151	3
1832	161	3
1833	129	3
1834	128	1
1835	128	2
1836	128	3
1837	128	4
1838	128	5
1839	130	2
1840	130	3
1841	130	4
1842	130	5
1843	91	3
2012	64	9
2013	64	10
2014	64	11
2015	64	12
2016	64	15
2017	64	16
2018	64	18
2026	38	8
2027	38	9
2028	38	10
2029	38	11
2030	38	12
2031	38	13
2032	38	14
2033	38	15
2034	38	16
2035	38	18
2036	36	1
2037	36	2
2038	36	3
2039	36	4
2040	36	5
2041	36	6
2042	36	7
2043	36	8
2044	36	9
2045	36	10
2046	36	11
2047	36	12
2048	36	13
2049	36	14
2050	36	15
2051	36	16
2052	36	18
2253	195	4
2254	195	5
2255	195	7
2256	195	9
2287	204	3
2288	204	4
2289	204	5
2290	204	12
2291	204	15
2316	211	3
2317	211	4
2318	211	5
2319	211	7
2070	34	1
2071	34	2
2072	34	3
2073	34	4
2074	34	5
2075	34	6
2076	34	7
2077	34	8
2078	34	9
2079	34	10
2080	34	11
2081	34	12
2082	34	13
2083	34	14
2084	34	15
2085	34	16
2086	34	18
2102	28	1
2103	28	3
2104	28	4
2105	28	5
2106	28	6
2107	28	7
2108	28	8
2109	28	9
2110	28	10
2111	28	11
2112	28	12
2113	28	14
2114	28	15
2115	28	16
2116	28	18
2117	24	1
2118	24	3
2119	24	4
2120	24	5
2121	24	6
2122	24	7
2123	24	8
2124	24	9
2125	24	15
2126	24	16
2127	23	1
2128	23	3
2129	23	4
2130	23	5
2131	23	6
2132	23	7
2133	23	8
2134	23	9
2135	22	1
2136	22	3
2137	22	5
2138	22	6
2139	22	7
2140	22	8
2142	6	1
2143	6	2
2144	6	3
2145	6	4
2146	6	5
2147	6	6
2148	6	7
2149	6	8
2150	3	1
2151	3	2
2152	3	3
2153	3	4
2154	3	5
2155	3	7
2156	4	1
2157	4	2
2158	4	3
2159	4	4
2160	4	5
2161	4	6
2292	205	3
2293	205	4
2294	205	5
2295	205	6
2296	205	15
2171	2	1
2172	2	2
2173	2	3
2174	2	4
2175	2	5
2176	2	6
2177	2	7
2178	2	8
2179	2	9
2381	227	3
2382	227	4
2383	227	5
2401	232	3
2402	232	4
2403	232	5
2416	236	2
2417	236	3
2418	236	4
2419	236	5
2431	240	3
2432	240	4
2433	240	5
2446	244	3
2447	244	4
2448	244	5
2449	244	8
2450	244	9
2464	246	6
2474	249	3
2475	249	4
2476	249	5
2486	252	3
2487	252	4
2488	252	5
2489	252	6
2497	255	3
2498	255	4
2499	255	5
2500	255	6
2506	257	3
2507	257	4
2508	257	6
2509	257	9
2515	259	3
2516	259	7
2517	259	9
2518	259	15
2522	261	3
2523	261	9
2524	261	15
2528	263	3
2529	263	4
2530	263	5
2532	265	3
2533	265	4
2534	265	5
2535	265	6
2536	265	7
2538	266	4
2539	266	5
2540	266	6
2541	267	3
2542	267	4
2543	268	1
2544	268	3
2545	268	4
2546	268	5
2547	268	6
2548	268	9
2549	269	2
2550	269	3
2551	269	4
2552	270	3
2553	270	4
2554	270	5
2555	271	1
2556	271	3
2557	271	4
2558	271	5
2559	271	6
2560	271	9
2561	272	3
2562	272	5
2563	272	6
2564	272	7
2565	272	8
2566	272	9
2567	273	2
2568	273	4
2569	273	5
2570	273	7
2571	29	1
2572	29	3
2573	29	4
2574	29	5
2575	29	6
2576	29	7
2577	29	8
2578	29	9
2579	29	10
2580	29	11
2581	29	12
2582	29	14
2583	29	15
2584	29	16
2585	29	18
2586	191	3
2587	191	4
2588	191	5
2589	191	7
2590	274	3
2591	274	4
2592	274	5
2593	275	3
2594	275	4
2595	275	5
2596	275	9
2597	276	3
2598	276	4
2599	276	6
2600	276	9
2601	277	3
2602	277	4
2603	277	5
2604	278	3
2605	278	4
2606	278	5
2607	279	3
2608	279	4
2609	279	5
2610	279	6
2611	279	9
2612	280	3
2613	280	5
2614	280	6
2615	280	9
2616	281	1
2617	281	2
2618	281	3
2619	281	4
2620	281	5
2621	281	6
2622	282	2
2623	282	3
2624	282	4
2625	282	9
2627	283	2
2628	283	3
2629	283	4
2630	283	5
2631	284	3
2632	284	5
2633	284	6
2634	284	9
2635	284	15
2636	285	3
2637	285	4
2638	285	5
2639	285	6
2640	285	7
2641	285	8
2642	285	9
2643	286	3
2644	286	4
2645	286	5
2646	286	9
2647	287	3
2648	287	4
2649	287	5
2650	287	6
2651	287	9
2652	287	11
2653	288	3
2654	288	4
2655	288	5
2656	288	6
2657	288	7
2663	290	3
2664	290	4
2665	290	5
2666	290	9
2667	291	1
2668	291	3
2669	291	5
2670	291	7
2671	292	2
2672	292	3
2673	292	4
2674	292	5
2675	293	3
2676	293	4
2677	293	5
2678	293	7
2679	293	15
2680	294	3
2681	294	4
2682	294	5
2683	294	6
2684	294	7
2685	294	8
2686	295	2
2687	295	3
2688	295	9
2689	295	15
2690	296	2
2691	296	3
2692	296	5
2693	296	6
2694	297	2
2695	297	3
2696	297	4
2697	297	5
2698	297	6
2699	297	8
2700	297	9
2701	298	2
2702	298	3
2703	298	5
2704	299	2
2705	299	3
2706	299	5
2707	299	6
2723	301	1
2724	301	2
2725	301	3
2726	301	4
2727	301	5
2728	301	6
2729	301	7
2730	301	8
2731	301	9
2732	301	12
2733	301	15
2734	301	16
2735	301	18
2736	302	1
2737	302	2
2738	302	3
2739	302	4
2740	302	5
2741	302	6
2742	302	7
2743	302	8
2744	302	9
2745	302	12
2746	302	15
2747	302	16
2748	302	18
2763	304	1
2764	304	2
2765	304	3
2766	304	4
2767	304	5
2768	304	6
2769	304	7
2770	304	8
2771	304	9
2772	304	11
2773	304	12
2774	304	15
2775	304	16
2776	304	18
2790	306	1
2791	306	2
2792	306	3
2793	306	4
2794	306	5
2795	306	6
2796	306	7
2797	306	8
2798	306	9
2799	306	12
2800	306	15
2801	306	16
2802	306	18
2803	307	1
2804	307	2
2805	307	3
2806	307	4
2807	307	5
2808	307	6
2809	307	7
2810	307	8
2811	307	9
2812	307	10
2813	307	11
2814	307	12
2815	307	15
2816	307	16
2817	307	18
2818	308	1
2819	308	2
2820	308	3
2821	308	4
2822	308	5
2823	308	6
2824	308	7
2825	308	8
2826	308	9
2827	308	12
2828	308	15
2829	308	16
2830	308	17
2831	308	18
2845	310	1
2846	310	2
2847	310	3
2848	310	4
2849	310	5
2850	310	6
2851	310	7
2852	310	8
2853	310	9
2854	310	12
2855	310	15
2856	310	16
2857	310	18
2871	312	1
2872	312	2
2873	312	3
2874	312	4
2875	312	5
2876	312	6
2877	312	7
2878	312	8
2879	312	9
2880	312	12
2881	312	15
2882	312	16
2883	312	18
2884	1	5
2885	1	6
2886	1	7
2887	1	8
2888	1	9
2889	1	12
2890	1	15
2891	1	16
2892	1	18
2893	299	1
2894	299	4
2895	299	7
2896	299	8
2897	299	9
2898	299	10
2899	299	12
2900	299	15
2901	299	16
2902	299	17
2903	299	18
2904	298	1
2905	298	4
2906	298	6
2907	298	7
2908	298	8
2909	298	9
2910	298	12
2911	298	15
2912	298	16
2913	298	17
2914	298	18
2915	297	1
2916	297	7
2917	297	11
2918	297	12
2919	297	15
2920	297	16
2921	297	18
2922	296	1
2923	296	4
2924	296	7
2925	296	8
2926	296	9
2927	296	12
2928	296	15
2929	296	16
2930	296	17
2931	296	18
2932	295	1
2933	295	4
2934	295	5
2935	295	6
2936	295	7
2937	295	8
2938	295	12
2939	295	16
2940	295	18
2941	294	1
2942	294	9
2943	294	12
2944	294	15
2945	294	16
2946	294	18
2947	293	1
2948	293	2
2949	293	8
2950	293	9
2951	293	12
2952	293	16
2953	293	17
2954	293	18
2955	292	1
2956	292	6
2957	292	7
2958	292	8
2959	292	9
2960	292	12
2961	292	15
2962	292	16
2963	292	18
2964	291	2
2965	291	4
2966	291	6
2967	291	8
2968	291	9
2969	291	12
2970	291	15
2971	291	16
2972	291	18
2973	290	1
2974	290	2
2975	290	6
2976	290	7
2977	290	8
2978	290	12
2979	290	15
2980	290	16
2981	290	18
2982	288	1
2983	288	2
2984	288	8
2985	288	9
2986	288	12
2987	288	15
2988	288	16
2989	288	18
2990	287	1
2991	287	2
2992	287	7
2993	287	8
2994	287	12
2995	287	15
2996	287	16
2997	287	18
2998	286	1
2999	286	2
3000	286	6
3001	286	7
3002	286	8
3003	286	12
3004	286	15
3005	286	16
3006	286	18
3007	285	1
3008	285	2
3009	285	12
3010	285	15
3011	285	16
3012	285	18
3013	284	1
3014	284	2
3015	284	4
3016	284	7
3017	284	8
3018	284	12
3019	284	16
3020	284	18
3021	283	1
3022	283	6
3023	283	7
3024	283	8
3025	283	9
3026	283	12
3027	283	15
3028	283	16
3029	283	18
3030	282	1
3031	282	5
3032	282	6
3033	282	7
3034	282	8
3035	282	12
3036	282	15
3037	282	16
3038	282	18
3039	278	1
3040	278	2
3041	278	6
3042	278	7
3043	278	8
3044	278	9
3045	278	12
3046	278	15
3047	278	16
3048	278	18
3049	277	1
3050	277	2
3051	277	6
3052	277	7
3053	277	8
3054	277	9
3055	277	12
3056	277	15
3057	277	16
3058	277	18
3059	276	1
3060	276	2
3061	276	5
3062	276	7
3063	276	8
3064	276	12
3065	276	15
3066	276	16
3067	276	18
3068	275	1
3069	275	2
3070	275	6
3071	275	7
3072	275	8
3073	275	12
3074	275	15
3075	275	16
3076	275	18
3077	274	1
3078	274	2
3079	274	6
3080	274	7
3081	274	8
3082	274	9
3083	274	12
3084	274	15
3085	274	16
3086	274	18
3087	273	1
3088	273	3
3089	273	6
3090	273	8
3091	273	9
3092	273	12
3093	273	15
3094	273	16
3095	273	18
3096	272	1
3097	272	2
3098	272	4
3099	272	12
3100	272	15
3101	272	16
3102	272	18
3103	271	2
3104	271	7
3105	271	8
3106	271	12
3107	271	15
3108	271	16
3109	271	18
3110	270	1
3111	270	2
3112	270	6
3113	270	7
3114	270	8
3115	270	9
3116	270	15
3117	270	16
3118	270	18
3119	269	1
3120	269	5
3121	269	6
3122	269	7
3123	269	8
3124	269	9
3125	269	12
3126	269	15
3127	269	16
3128	269	18
3129	268	8
3130	268	2
3131	268	7
3132	267	1
3133	267	2
3134	267	5
3135	267	6
3136	267	7
3137	267	8
3138	267	9
3139	267	12
3140	267	15
3141	267	16
3142	267	18
3143	266	1
3144	266	2
3145	266	7
3146	266	8
3147	266	9
3148	266	12
3149	266	15
3150	266	16
3151	266	18
3152	265	1
3153	265	2
3154	265	8
3155	265	9
3156	265	12
3157	265	15
3158	265	16
3159	265	18
3160	264	1
3161	264	2
3162	264	4
3163	264	5
3164	264	6
3165	264	7
3166	264	8
3167	264	9
3168	264	12
3169	264	15
3170	264	16
3171	264	18
3172	313	1
3173	313	2
3174	313	3
3175	313	4
3176	313	5
3177	313	6
3178	313	7
3179	313	8
3180	313	9
3181	313	12
3182	313	15
3183	313	16
3184	313	17
3185	313	18
3199	263	1
3200	263	2
3201	263	6
3202	263	7
3203	263	8
3204	263	9
3205	263	12
3206	263	15
3207	263	16
3208	263	18
3209	315	1
3210	315	2
3211	315	3
3212	315	4
3213	315	5
3214	315	6
3215	315	7
3216	315	8
3217	315	9
3218	315	12
3219	315	15
3220	315	16
3221	315	18
3234	317	1
3235	317	2
3236	317	3
3237	317	4
3238	317	5
3239	317	6
3240	317	7
3241	317	8
3242	317	9
3243	317	12
3244	317	15
3245	317	16
3246	317	18
3247	318	1
3248	318	2
3249	318	3
3250	318	4
3251	318	5
3252	318	6
3253	318	7
3254	318	8
3255	318	9
3256	318	12
3257	318	15
3258	318	16
3259	318	17
3260	318	18
3261	262	1
3262	262	2
3263	262	6
3264	262	7
3265	262	8
3266	262	9
3267	262	12
3268	262	15
3269	262	16
3270	262	17
3271	262	18
3272	261	1
3273	261	2
3274	261	4
3275	261	5
3276	261	6
3277	261	7
3278	261	8
3279	261	12
3280	261	16
3281	261	18
3282	260	1
3283	260	2
3284	260	6
3285	260	7
3286	260	8
3287	260	9
3288	260	12
3289	260	14
3290	260	15
3291	260	16
3292	260	18
3293	259	1
3294	259	2
3295	259	4
3296	259	5
3297	259	6
3298	259	8
3299	259	16
3300	259	18
3301	228	1
3302	228	12
3303	228	15
3304	228	16
3305	228	18
3306	227	1
3307	227	2
3308	227	6
3309	227	7
3310	227	8
3311	227	9
3312	227	12
3313	227	14
3314	227	15
3315	227	16
3316	227	18
3317	226	1
3318	226	2
3319	226	6
3320	226	7
3321	226	8
3322	226	9
3323	226	12
3324	226	15
3325	226	16
3326	226	18
3327	225	16
3328	225	1
3329	225	18
3330	225	15
3335	215	1
3336	215	2
3337	215	6
3338	215	7
3339	215	8
3340	215	9
3341	215	12
3342	215	15
3343	215	16
3344	215	18
3345	214	2
3346	214	4
3347	214	6
3348	200	1
3349	200	2
3350	200	3
3351	200	6
3352	200	7
3353	200	8
3354	200	9
3355	200	12
3356	200	16
3357	200	18
3358	199	1
3359	199	2
3360	199	6
3361	199	8
3362	199	9
3363	199	12
3364	199	14
3365	199	15
3366	199	16
3367	199	18
3368	192	1
3369	192	2
3370	192	6
3371	192	7
3372	192	12
3373	192	15
3374	192	16
3375	192	18
3398	321	1
3399	321	2
3400	321	3
3401	321	5
3402	321	7
3403	321	8
3404	321	12
3405	321	16
3406	322	1
3407	322	2
3408	322	3
3409	322	5
3410	322	6
3411	322	9
3412	322	12
3413	322	15
3414	322	16
3415	322	18
3416	323	1
3417	323	2
3418	323	3
3419	323	4
3420	323	5
3421	323	7
3422	323	8
3423	323	9
3424	323	15
3425	323	16
3426	323	18
3427	324	1
3428	324	2
3429	324	3
3430	324	4
3431	324	5
3432	324	7
3433	324	8
3434	324	9
3435	324	12
3436	324	15
3437	324	16
3438	324	18
3439	325	1
3440	325	2
3441	325	3
3442	325	4
3443	325	5
3444	325	6
3445	325	7
3446	325	8
3447	325	9
3448	325	12
3449	325	15
3450	325	16
3451	325	18
3454	326	3
3455	326	4
3456	326	5
3457	326	6
3466	327	1
3467	327	2
3468	327	3
3469	327	4
3470	327	5
3471	327	6
3472	327	7
3473	327	8
3474	327	9
3475	327	10
3476	327	12
3477	327	15
3478	327	16
3479	327	18
3492	238	1
3493	238	2
3494	238	4
3495	238	6
3496	238	8
3497	238	9
3498	238	12
3499	238	15
3500	238	16
3501	238	18
3502	218	1
3503	218	2
3504	218	6
3505	218	7
3506	218	8
3507	218	12
3508	218	15
3509	218	16
3510	218	18
3524	221	6
3525	221	7
3526	221	8
3527	221	9
3528	221	12
3529	221	15
3530	221	16
3531	221	18
3532	203	2
3533	203	6
3534	203	8
3535	203	12
3536	203	15
3537	203	16
3538	203	18
3539	194	2
3540	194	6
3541	194	7
3542	194	8
3543	194	9
3544	194	12
3545	194	15
3546	194	16
3547	194	18
3566	319	2
3567	319	3
3568	319	5
3569	319	7
3570	319	8
3571	319	9
3572	319	12
3573	319	16
3574	319	1
3584	322	8
3585	322	4
3586	322	7
3609	331	1
3610	331	2
3611	331	3
3612	331	4
3613	331	5
3614	331	6
3615	331	7
3616	331	8
3617	331	9
3618	331	12
3619	331	14
3620	331	15
3621	331	16
3622	331	18
3623	332	1
3624	332	2
3625	332	3
3626	332	4
3627	332	5
3628	332	6
3629	332	7
3630	332	8
3631	332	9
3632	332	12
3633	332	15
3634	332	16
3635	332	17
3636	332	18
3637	236	1
3638	236	6
3639	236	7
3640	236	8
3641	236	9
3642	236	12
3643	236	15
3644	236	16
3645	236	18
3646	214	1
3647	214	8
3648	214	9
3649	214	12
3650	214	16
3651	214	18
3652	211	1
3653	211	2
3654	211	6
3655	211	8
3656	211	9
3657	211	12
3658	211	15
3659	211	16
3660	211	18
3661	223	1
3662	223	2
3663	223	6
3664	223	8
3665	223	9
3666	223	12
3667	223	15
3668	223	16
3669	223	17
3670	223	18
3671	213	1
3672	213	4
3673	213	7
3674	213	8
3675	213	12
3676	213	15
3677	213	16
3678	213	18
3679	207	1
3680	207	2
3681	207	5
3682	207	7
3683	207	8
3684	207	9
3685	207	12
3686	207	15
3687	207	18
3688	207	16
3689	206	1
3690	206	2
3691	206	4
3692	206	12
3693	206	15
3694	206	16
3695	206	18
3696	209	1
3697	209	2
3698	209	4
3699	209	7
3700	209	8
3701	209	12
3702	209	15
3703	209	16
3704	209	17
3705	209	18
3706	201	1
3707	201	2
3708	201	3
3709	201	6
3710	201	8
3711	201	12
3712	201	15
3713	201	16
3714	201	18
3892	329	1
3893	329	2
3894	329	3
3895	329	4
3896	329	5
3897	329	6
3898	329	7
3899	329	8
3900	329	9
3901	329	12
3902	329	15
3903	329	16
3904	329	18
3905	328	2
3906	328	3
3907	328	4
3908	328	5
3909	328	6
3910	328	7
3911	328	8
3912	328	9
3913	328	12
3914	328	15
3915	328	16
3916	328	18
\.


--
-- Data for Name: mainapp_povods; Type: TABLE DATA; Schema: public; Owner: mysite_user
--

COPY public.mainapp_povods (id, name) FROM stdin;
2	День Валентина
3	День Рождение
4	Юбилей
5	Праздник
6	Свадьба
7	Рождение ребенка
8	Новоселье
9	Годовщина
10	1 сентября
11	День учителя
12	День матери
13	23 февраля
14	7 мая
15	Кудалык
16	Крестины
17	Скидки!
18	Новый год
1	8 марта
\.


--
-- Data for Name: mainapp_setsextraproducts; Type: TABLE DATA; Schema: public; Owner: mysite_user
--

COPY public.mainapp_setsextraproducts (id, name) FROM stdin;
2	Стандартный сет
\.


--
-- Data for Name: mainapp_setsextraproducts_extra; Type: TABLE DATA; Schema: public; Owner: mysite_user
--

COPY public.mainapp_setsextraproducts_extra (id, setsextraproducts_id, extraproducts_id) FROM stdin;
8	2	1
9	2	2
10	2	3
11	2	4
12	2	5
13	2	6
14	2	7
\.


--
-- Data for Name: mainapp_users; Type: TABLE DATA; Schema: public; Owner: mysite_user
--

COPY public.mainapp_users (id, work, user_id, city_id, filial_id, name, phone, email) FROM stdin;
3	Админ	4	\N	\N	\N	\N	\N
6	Клиент	7	\N	\N	\N	\N	\N
13	Клиент	16	\N	\N	\N	\N	\N
18	Клиент	21	\N	\N	\N	\N	\N
19	Клиент	22	\N	\N	\N	\N	\N
20	Клиент	23	\N	\N	\N	\N	\N
21	Клиент	24	\N	\N	\N	\N	\N
22	Клиент	25	\N	\N	\N	\N	\N
23	Клиент	26	\N	\N	\N	\N	\N
24	Клиент	27	\N	\N	\N	\N	\N
25	Клиент	28	\N	\N	\N	\N	\N
26	Клиент	30	\N	\N	\N	\N	\N
27	Клиент	31	\N	\N	\N	\N	\N
28	Клиент	32	\N	\N	\N	\N	\N
29	Клиент	33	\N	\N	\N	\N	\N
30	Клиент	34	\N	\N	\N	\N	\N
31	Клиент	35	\N	\N	\N	\N	\N
32	Клиент	36	\N	\N	\N	\N	\N
33	Клиент	37	\N	\N	\N	\N	\N
34	Клиент	38	\N	\N	\N	\N	\N
35	Клиент	39	\N	\N	\N	\N	\N
36	Клиент	40	\N	\N	\N	\N	\N
37	Клиент	41	\N	\N	\N	\N	\N
38	Клиент	42	\N	\N	\N	\N	\N
39	Клиент	43	\N	\N	\N	\N	\N
40	Клиент	44	\N	\N	\N	\N	\N
41	Клиент	45	\N	\N	\N	\N	\N
42	Клиент	47	\N	\N	\N	\N	\N
43	Клиент	48	\N	\N	\N	\N	\N
44	Клиент	49	\N	\N	\N	\N	\N
45	Клиент	50	\N	\N	\N	\N	\N
46	Клиент	51	\N	\N	\N	\N	\N
47	Клиент	52	\N	\N	\N	\N	\N
48	Клиент	53	\N	\N	\N	\N	\N
49	Клиент	54	\N	\N	\N	\N	\N
50	Клиент	55	\N	\N	\N	\N	\N
51	Клиент	56	\N	\N	\N	\N	\N
52	Клиент	58	\N	\N	\N	\N	\N
53	Клиент	59	\N	\N	\N	\N	\N
54	Клиент	60	\N	\N	\N	\N	\N
55	Клиент	61	\N	\N	\N	\N	\N
56	Клиент	62	\N	\N	\N	\N	\N
57	Клиент	63	\N	\N	\N	\N	\N
58	Клиент	64	\N	\N	\N	\N	\N
59	Клиент	67	\N	\N	\N	\N	\N
60	Клиент	68	\N	\N	\N	\N	\N
61	Клиент	69	\N	\N	\N	\N	\N
62	Клиент	70	\N	\N	\N	\N	\N
63	Клиент	71	\N	\N	\N	\N	\N
64	Клиент	72	\N	\N	\N	\N	\N
65	Клиент	74	\N	\N	\N	\N	\N
66	Клиент	75	\N	\N	\N	\N	\N
67	Клиент	80	\N	\N	\N	\N	\N
68	Клиент	81	\N	\N	\N	\N	\N
69	Клиент	82	\N	\N	\N	\N	\N
70	Клиент	83	\N	\N	\N	\N	\N
71	Клиент	84	\N	\N	\N	\N	\N
72	Клиент	85	\N	\N	\N	\N	\N
73	Клиент	86	\N	\N	\N	\N	\N
74	Клиент	91	\N	\N	\N	\N	\N
75	Клиент	93	\N	\N	\N	\N	\N
76	Клиент	94	\N	\N	\N	\N	\N
77	Клиент	95	\N	\N	\N	\N	\N
78	Клиент	96	\N	\N	\N	\N	\N
79	Клиент	97	\N	\N	\N	\N	\N
80	Клиент	98	\N	\N	\N	\N	\N
81	Клиент	99	\N	\N	\N	\N	\N
82	Клиент	100	\N	\N	\N	\N	\N
83	Клиент	101	\N	\N	\N	\N	\N
84	Клиент	102	\N	\N	\N	\N	\N
85	Клиент	103	\N	\N	\N	\N	\N
86	Клиент	104	\N	\N	\N	\N	\N
87	Клиент	105	\N	\N	\N	\N	\N
88	Клиент	106	\N	\N	\N	\N	\N
89	Клиент	107	\N	\N	\N	\N	\N
90	Клиент	108	\N	\N	\N	\N	\N
91	Клиент	109	\N	\N	\N	\N	\N
92	Клиент	110	\N	\N	\N	\N	\N
93	Клиент	111	\N	\N	\N	\N	\N
94	Клиент	112	\N	\N	\N	\N	\N
95	Клиент	114	\N	\N	\N	\N	\N
96	Клиент	115	\N	\N	\N	\N	\N
97	Клиент	116	\N	\N	\N	\N	\N
98	Клиент	117	\N	\N	\N	\N	\N
99	Клиент	118	\N	\N	\N	\N	\N
100	Клиент	119	\N	\N	\N	\N	\N
101	Клиент	120	\N	\N	\N	\N	\N
102	Клиент	121	\N	\N	\N	\N	\N
103	Клиент	122	\N	\N	\N	\N	\N
104	Клиент	123	\N	\N	\N	\N	\N
105	Клиент	124	\N	\N	\N	\N	\N
106	Клиент	125	\N	\N	\N	\N	\N
107	Клиент	126	\N	\N	\N	\N	\N
108	Клиент	127	\N	\N	\N	\N	\N
109	Клиент	129	\N	\N	\N	\N	\N
110	Клиент	130	\N	\N	\N	\N	\N
111	Клиент	131	\N	\N	\N	\N	\N
112	Клиент	132	\N	\N	\N	\N	\N
113	Клиент	133	\N	\N	\N	\N	\N
114	Клиент	134	\N	\N	\N	\N	\N
115	Клиент	135	\N	\N	\N	\N	\N
116	Клиент	136	\N	\N	\N	\N	\N
123	Клиент	144	\N	\N	\N	\N	\N
124	Клиент	145	\N	\N	\N	\N	\N
125	Клиент	146	\N	\N	\N	\N	\N
126	Клиент	147	\N	\N	\N	\N	\N
127	Клиент	148	\N	\N	\N	\N	\N
128	Клиент	149	\N	\N	\N	\N	\N
129	Клиент	150	\N	\N	\N	\N	\N
130	Клиент	151	\N	\N	\N	\N	\N
131	Клиент	152	\N	\N	\N	\N	\N
132	Клиент	153	\N	\N	\N	\N	\N
133	Клиент	154	\N	\N	\N	\N	\N
134	Клиент	155	\N	\N	\N	\N	\N
135	Клиент	156	\N	\N	\N	\N	\N
136	Клиент	157	\N	\N	\N	\N	\N
137	Клиент	158	\N	\N	\N	\N	\N
138	Клиент	159	\N	\N	\N	\N	\N
139	Клиент	160	\N	\N	\N	\N	\N
140	Клиент	161	\N	\N	\N	\N	\N
146	Клиент	167	\N	\N	\N	\N	\N
147	Клиент	168	\N	\N	\N	\N	\N
142	Клиент	163	\N	\N	\N	\N	\N
148	Клиент	169	\N	\N	\N	\N	\N
144	Клиент	165	\N	\N	\N	\N	\N
145	Клиент	166	\N	\N	\N	\N	\N
149	Клиент	170	\N	\N	\N	\N	\N
150	Клиент	171	\N	\N	\N	\N	\N
151	Клиент	172	\N	\N	\N	\N	\N
152	Клиент	173	\N	\N	\N	\N	\N
153	Клиент	174	\N	\N	\N	\N	\N
154	Клиент	175	\N	\N	\N	\N	\N
155	Клиент	176	\N	\N	\N	\N	\N
156	Клиент	177	\N	\N	\N	\N	\N
157	Клиент	178	\N	\N	\N	\N	\N
158	Клиент	179	\N	\N	\N	\N	\N
159	Клиент	180	\N	\N	\N	\N	\N
160	Клиент	181	\N	\N	\N	\N	\N
161	Клиент	182	\N	\N	\N	\N	\N
162	Клиент	183	\N	\N	\N	\N	\N
163	Клиент	184	\N	\N	\N	\N	\N
164	Клиент	185	\N	\N	\N	\N	\N
165	Клиент	186	\N	\N	\N	\N	\N
166	Клиент	187	\N	\N	\N	\N	\N
167	Клиент	188	\N	\N	\N	\N	\N
168	Клиент	189	\N	\N	\N	\N	\N
169	Клиент	190	\N	\N	\N	\N	\N
170	Клиент	191	\N	\N	\N	\N	\N
171	Клиент	192	\N	\N	\N	\N	\N
172	Клиент	193	\N	\N	\N	\N	\N
173	Клиент	194	\N	\N	\N	\N	\N
174	Клиент	195	\N	\N	\N	\N	\N
175	Клиент	196	\N	\N	\N	\N	\N
176	Клиент	197	\N	\N	\N	\N	\N
177	Клиент	198	\N	\N	\N	\N	\N
178	Клиент	199	\N	\N	\N	\N	\N
179	Клиент	200	\N	\N	\N	\N	\N
180	Клиент	201	\N	\N	\N	\N	\N
181	Клиент	202	\N	\N	\N	\N	\N
182	Клиент	203	\N	\N	\N	\N	\N
183	Клиент	204	\N	\N	\N	\N	\N
184	Клиент	205	\N	\N	\N	\N	\N
185	Клиент	206	\N	\N	\N	\N	\N
186	Клиент	207	\N	\N	\N	\N	\N
187	Клиент	208	\N	\N	\N	\N	\N
188	Клиент	209	\N	\N	\N	\N	\N
189	Клиент	210	\N	\N	\N	\N	\N
190	Клиент	211	\N	\N	\N	\N	\N
191	Клиент	212	\N	\N	\N	\N	\N
192	Клиент	213	\N	\N	\N	\N	\N
193	Клиент	214	\N	\N	\N	\N	\N
194	Клиент	215	\N	\N	\N	\N	\N
195	Клиент	216	\N	\N	\N	\N	\N
196	Клиент	217	\N	\N	\N	\N	\N
197	Клиент	218	\N	\N	\N	\N	\N
198	Клиент	219	\N	\N	\N	\N	\N
199	Клиент	220	\N	\N	\N	\N	\N
200	Клиент	221	\N	\N	\N	\N	\N
201	Клиент	222	\N	\N	\N	\N	\N
202	Клиент	223	\N	\N	\N	\N	\N
203	Клиент	224	\N	\N	\N	\N	\N
204	Клиент	225	\N	\N	\N	\N	\N
205	Клиент	226	\N	\N	\N	\N	\N
206	Клиент	227	\N	\N	\N	\N	\N
207	Клиент	228	\N	\N	\N	\N	\N
208	Клиент	229	\N	\N	\N	\N	\N
209	Клиент	231	\N	\N	\N	\N	\N
210	Клиент	232	\N	\N	\N	\N	\N
211	Клиент	233	\N	\N	\N	\N	\N
212	Клиент	234	\N	\N	\N	\N	\N
1	Админ	1	\N	\N	\N	\N	\N
214	Клиент	235	\N	\N	\N	\N	\N
215	Клиент	236	\N	\N	\N	\N	\N
216	Клиент	237	\N	\N	\N	\N	\N
217	Клиент	238	\N	\N	\N	\N	\N
218	Админ	239	23	2	\N	\N	\N
219	Клиент	241	\N	\N	\N	\N	\N
220	Клиент	242	\N	\N	\N	\N	\N
226	Клиент	248	\N	\N	Роман	+375(11) 111-11-11	atkisai@mail.ru
213	Админ	230	\N	\N	Atkisai	+375(25) 123-44-77	atkisai@mail.ru
\.


--
-- Data for Name: orders_fasrorder; Type: TABLE DATA; Schema: public; Owner: mysite_user
--

COPY public.orders_fasrorder (id, first_name, phone, flower_id, date_add, city_id, filial_id) FROM stdin;
\.


--
-- Data for Name: orders_order; Type: TABLE DATA; Schema: public; Owner: mysite_user
--

COPY public.orders_order (id, first_name, recipient_phone, adres, date, "time", anonim, sended_phone, email, postcard, comments, paired, status, user_id, sum_result, date_add, like_flower, archiv, city_id, filial_id) FROM stdin;
751	Atkisai	+375(25) 123-44-77	0000000000	2022-04-30	В течение дня	t	+375(25) 123-44-77	atkisai@mail.ru	000000000000	00000000000000	Оплата наличными курьеру	Новый	230	180700	2022-04-27 11:46:09.669789+03	Букет не собран	f	1	\N
752	Atkisai	+375(25) 123-44-77	111111111111111	2022-04-29	В течение дня	t	+375(25) 123-44-77	atkisai@mail.ru	111111111111	1111111111111111	Оплата наличными курьеру	Новый	230	32500	2022-04-30 22:12:44.566697+03	Букет не собран	f	1	\N
753	Atkisai	+375(25) 123-44-77	11111111	2022-06-01	7:00-10:00	t	+375(25) 123-44-77	atkisai@mail.ru	1111111111	111111111111	Оплата наличными курьеру	Новый	230	18000	2022-06-08 12:30:51.24115+03	Букет не собран	f	1	\N
754	Atkisai	+375(25) 123-44-77	444444	2022-06-04	7:00-10:00	t	+375(25) 123-44-77	atkisai@mail.ru	4444444	444444444	Оплата наличными курьеру	Новый	230	18000	2022-06-08 12:32:55.742207+03	Букет не собран	f	1	\N
755	Atkisai	+375(25) 123-44-77	4444	2022-06-09	7:00-10:00	t	+375(25) 123-44-77	atkisai@mail.ru	44444	4444444	Оплата наличными курьеру	Новый	230	18000	2022-06-08 12:55:49.693968+03	Букет не собран	f	1	\N
\.


--
-- Data for Name: orders_order_items; Type: TABLE DATA; Schema: public; Owner: mysite_user
--

COPY public.orders_order_items (id, amount, total_price, item_id, order_id) FROM stdin;
772	1	77700	94	751
773	1	103000	304	751
775	1	14500	329	752
776	1	18000	328	753
777	1	18000	328	754
778	1	18000	328	755
\.


--
-- Data for Name: orders_order_items_extra_items; Type: TABLE DATA; Schema: public; Owner: mysite_user
--

COPY public.orders_order_items_extra_items (id, amount, extra_id, order_item_id) FROM stdin;
3	2	4	772
4	2	1	773
6	1	4	775
\.


--
-- Data for Name: orders_orderextra; Type: TABLE DATA; Schema: public; Owner: mysite_user
--

COPY public.orders_orderextra (id, extra_id, flower_id, order_id, quantity) FROM stdin;
\.


--
-- Data for Name: orders_orderflowerimage; Type: TABLE DATA; Schema: public; Owner: mysite_user
--

COPY public.orders_orderflowerimage (id, image, order_id) FROM stdin;
\.


--
-- Data for Name: orders_orderkurierimage; Type: TABLE DATA; Schema: public; Owner: mysite_user
--

COPY public.orders_orderkurierimage (id, image, order_id) FROM stdin;
\.


--
-- Name: auth_group_id_seq; Type: SEQUENCE SET; Schema: public; Owner: mysite_user
--

SELECT pg_catalog.setval('public.auth_group_id_seq', 1, true);


--
-- Name: auth_group_permissions_id_seq; Type: SEQUENCE SET; Schema: public; Owner: mysite_user
--

SELECT pg_catalog.setval('public.auth_group_permissions_id_seq', 31, true);


--
-- Name: auth_permission_id_seq; Type: SEQUENCE SET; Schema: public; Owner: mysite_user
--

SELECT pg_catalog.setval('public.auth_permission_id_seq', 152, true);


--
-- Name: auth_user_groups_id_seq; Type: SEQUENCE SET; Schema: public; Owner: mysite_user
--

SELECT pg_catalog.setval('public.auth_user_groups_id_seq', 6, true);


--
-- Name: auth_user_id_seq; Type: SEQUENCE SET; Schema: public; Owner: mysite_user
--

SELECT pg_catalog.setval('public.auth_user_id_seq', 248, true);


--
-- Name: auth_user_user_permissions_id_seq; Type: SEQUENCE SET; Schema: public; Owner: mysite_user
--

SELECT pg_catalog.setval('public.auth_user_user_permissions_id_seq', 196, true);


--
-- Name: cart_cart_id_seq; Type: SEQUENCE SET; Schema: public; Owner: mysite_user
--

SELECT pg_catalog.setval('public.cart_cart_id_seq', 9, true);


--
-- Name: cart_item_id_seq; Type: SEQUENCE SET; Schema: public; Owner: mysite_user
--

SELECT pg_catalog.setval('public.cart_item_id_seq', 1, false);


--
-- Name: contacts_contacts_id_seq; Type: SEQUENCE SET; Schema: public; Owner: mysite_user
--

SELECT pg_catalog.setval('public.contacts_contacts_id_seq', 3, true);


--
-- Name: django_admin_log_id_seq; Type: SEQUENCE SET; Schema: public; Owner: mysite_user
--

SELECT pg_catalog.setval('public.django_admin_log_id_seq', 2472, true);


--
-- Name: django_content_type_id_seq; Type: SEQUENCE SET; Schema: public; Owner: mysite_user
--

SELECT pg_catalog.setval('public.django_content_type_id_seq', 38, true);


--
-- Name: django_migrations_id_seq; Type: SEQUENCE SET; Schema: public; Owner: mysite_user
--

SELECT pg_catalog.setval('public.django_migrations_id_seq', 123, true);


--
-- Name: django_site_id_seq; Type: SEQUENCE SET; Schema: public; Owner: mysite_user
--

SELECT pg_catalog.setval('public.django_site_id_seq', 1, true);


--
-- Name: franchise_order_id_seq; Type: SEQUENCE SET; Schema: public; Owner: mysite_user
--

SELECT pg_catalog.setval('public.franchise_order_id_seq', 2, true);


--
-- Name: franshiza_order_id_seq; Type: SEQUENCE SET; Schema: public; Owner: mysite_user
--

SELECT pg_catalog.setval('public.franshiza_order_id_seq', 6, true);


--
-- Name: logs_logs_id_seq; Type: SEQUENCE SET; Schema: public; Owner: mysite_user
--

SELECT pg_catalog.setval('public.logs_logs_id_seq', 35, true);


--
-- Name: mainapp_category_id_seq; Type: SEQUENCE SET; Schema: public; Owner: mysite_user
--

SELECT pg_catalog.setval('public.mainapp_category_id_seq', 26, true);


--
-- Name: mainapp_city_id_seq; Type: SEQUENCE SET; Schema: public; Owner: mysite_user
--

SELECT pg_catalog.setval('public.mainapp_city_id_seq', 23, true);


--
-- Name: mainapp_counts_flowers_id_seq; Type: SEQUENCE SET; Schema: public; Owner: mysite_user
--

SELECT pg_catalog.setval('public.mainapp_counts_flowers_id_seq', 9, true);


--
-- Name: mainapp_extraproducts_id_seq; Type: SEQUENCE SET; Schema: public; Owner: mysite_user
--

SELECT pg_catalog.setval('public.mainapp_extraproducts_id_seq', 7, true);


--
-- Name: mainapp_filial_id_seq; Type: SEQUENCE SET; Schema: public; Owner: mysite_user
--

SELECT pg_catalog.setval('public.mainapp_filial_id_seq', 2, true);


--
-- Name: mainapp_flowerimages_id_seq; Type: SEQUENCE SET; Schema: public; Owner: mysite_user
--

SELECT pg_catalog.setval('public.mainapp_flowerimages_id_seq', 459, true);


--
-- Name: mainapp_flowers_category_id_seq; Type: SEQUENCE SET; Schema: public; Owner: mysite_user
--

SELECT pg_catalog.setval('public.mainapp_flowers_category_id_seq', 1902, true);


--
-- Name: mainapp_flowers_city_id_seq; Type: SEQUENCE SET; Schema: public; Owner: mysite_user
--

SELECT pg_catalog.setval('public.mainapp_flowers_city_id_seq', 477, true);


--
-- Name: mainapp_flowers_id_seq; Type: SEQUENCE SET; Schema: public; Owner: mysite_user
--

SELECT pg_catalog.setval('public.mainapp_flowers_id_seq', 364, true);


--
-- Name: mainapp_flowers_povod_id_seq; Type: SEQUENCE SET; Schema: public; Owner: mysite_user
--

SELECT pg_catalog.setval('public.mainapp_flowers_povod_id_seq', 3916, true);


--
-- Name: mainapp_povods_id_seq; Type: SEQUENCE SET; Schema: public; Owner: mysite_user
--

SELECT pg_catalog.setval('public.mainapp_povods_id_seq', 18, true);


--
-- Name: mainapp_setsextraproducts_extra_id_seq; Type: SEQUENCE SET; Schema: public; Owner: mysite_user
--

SELECT pg_catalog.setval('public.mainapp_setsextraproducts_extra_id_seq', 14, true);


--
-- Name: mainapp_setsextraproducts_id_seq; Type: SEQUENCE SET; Schema: public; Owner: mysite_user
--

SELECT pg_catalog.setval('public.mainapp_setsextraproducts_id_seq', 2, true);


--
-- Name: mainapp_users_id_seq; Type: SEQUENCE SET; Schema: public; Owner: mysite_user
--

SELECT pg_catalog.setval('public.mainapp_users_id_seq', 226, true);


--
-- Name: orders_fasrorder_id_seq; Type: SEQUENCE SET; Schema: public; Owner: mysite_user
--

SELECT pg_catalog.setval('public.orders_fasrorder_id_seq', 566, true);


--
-- Name: orders_order_id_seq; Type: SEQUENCE SET; Schema: public; Owner: mysite_user
--

SELECT pg_catalog.setval('public.orders_order_id_seq', 755, true);


--
-- Name: orders_order_items_extra_items_id_seq; Type: SEQUENCE SET; Schema: public; Owner: mysite_user
--

SELECT pg_catalog.setval('public.orders_order_items_extra_items_id_seq', 6, true);


--
-- Name: orders_order_items_id_seq; Type: SEQUENCE SET; Schema: public; Owner: mysite_user
--

SELECT pg_catalog.setval('public.orders_order_items_id_seq', 778, true);


--
-- Name: orders_orderextra_id_seq; Type: SEQUENCE SET; Schema: public; Owner: mysite_user
--

SELECT pg_catalog.setval('public.orders_orderextra_id_seq', 156, true);


--
-- Name: orders_orderflowerimage_id_seq; Type: SEQUENCE SET; Schema: public; Owner: mysite_user
--

SELECT pg_catalog.setval('public.orders_orderflowerimage_id_seq', 26, true);


--
-- Name: orders_orderkurierimage_id_seq; Type: SEQUENCE SET; Schema: public; Owner: mysite_user
--

SELECT pg_catalog.setval('public.orders_orderkurierimage_id_seq', 19, true);


--
-- Name: auth_group auth_group_name_key; Type: CONSTRAINT; Schema: public; Owner: mysite_user
--

ALTER TABLE ONLY public.auth_group
    ADD CONSTRAINT auth_group_name_key UNIQUE (name);


--
-- Name: auth_group_permissions auth_group_permissions_group_id_permission_id_0cd325b0_uniq; Type: CONSTRAINT; Schema: public; Owner: mysite_user
--

ALTER TABLE ONLY public.auth_group_permissions
    ADD CONSTRAINT auth_group_permissions_group_id_permission_id_0cd325b0_uniq UNIQUE (group_id, permission_id);


--
-- Name: auth_group_permissions auth_group_permissions_pkey; Type: CONSTRAINT; Schema: public; Owner: mysite_user
--

ALTER TABLE ONLY public.auth_group_permissions
    ADD CONSTRAINT auth_group_permissions_pkey PRIMARY KEY (id);


--
-- Name: auth_group auth_group_pkey; Type: CONSTRAINT; Schema: public; Owner: mysite_user
--

ALTER TABLE ONLY public.auth_group
    ADD CONSTRAINT auth_group_pkey PRIMARY KEY (id);


--
-- Name: auth_permission auth_permission_content_type_id_codename_01ab375a_uniq; Type: CONSTRAINT; Schema: public; Owner: mysite_user
--

ALTER TABLE ONLY public.auth_permission
    ADD CONSTRAINT auth_permission_content_type_id_codename_01ab375a_uniq UNIQUE (content_type_id, codename);


--
-- Name: auth_permission auth_permission_pkey; Type: CONSTRAINT; Schema: public; Owner: mysite_user
--

ALTER TABLE ONLY public.auth_permission
    ADD CONSTRAINT auth_permission_pkey PRIMARY KEY (id);


--
-- Name: auth_user_groups auth_user_groups_pkey; Type: CONSTRAINT; Schema: public; Owner: mysite_user
--

ALTER TABLE ONLY public.auth_user_groups
    ADD CONSTRAINT auth_user_groups_pkey PRIMARY KEY (id);


--
-- Name: auth_user_groups auth_user_groups_user_id_group_id_94350c0c_uniq; Type: CONSTRAINT; Schema: public; Owner: mysite_user
--

ALTER TABLE ONLY public.auth_user_groups
    ADD CONSTRAINT auth_user_groups_user_id_group_id_94350c0c_uniq UNIQUE (user_id, group_id);


--
-- Name: auth_user auth_user_pkey; Type: CONSTRAINT; Schema: public; Owner: mysite_user
--

ALTER TABLE ONLY public.auth_user
    ADD CONSTRAINT auth_user_pkey PRIMARY KEY (id);


--
-- Name: auth_user_user_permissions auth_user_user_permissions_pkey; Type: CONSTRAINT; Schema: public; Owner: mysite_user
--

ALTER TABLE ONLY public.auth_user_user_permissions
    ADD CONSTRAINT auth_user_user_permissions_pkey PRIMARY KEY (id);


--
-- Name: auth_user_user_permissions auth_user_user_permissions_user_id_permission_id_14a6b632_uniq; Type: CONSTRAINT; Schema: public; Owner: mysite_user
--

ALTER TABLE ONLY public.auth_user_user_permissions
    ADD CONSTRAINT auth_user_user_permissions_user_id_permission_id_14a6b632_uniq UNIQUE (user_id, permission_id);


--
-- Name: auth_user auth_user_username_key; Type: CONSTRAINT; Schema: public; Owner: mysite_user
--

ALTER TABLE ONLY public.auth_user
    ADD CONSTRAINT auth_user_username_key UNIQUE (username);


--
-- Name: cart_cart cart_cart_pkey; Type: CONSTRAINT; Schema: public; Owner: mysite_user
--

ALTER TABLE ONLY public.cart_cart
    ADD CONSTRAINT cart_cart_pkey PRIMARY KEY (id);


--
-- Name: cart_item cart_item_pkey; Type: CONSTRAINT; Schema: public; Owner: mysite_user
--

ALTER TABLE ONLY public.cart_item
    ADD CONSTRAINT cart_item_pkey PRIMARY KEY (id);


--
-- Name: contacts_contacts contacts_contacts_pkey; Type: CONSTRAINT; Schema: public; Owner: mysite_user
--

ALTER TABLE ONLY public.contacts_contacts
    ADD CONSTRAINT contacts_contacts_pkey PRIMARY KEY (id);


--
-- Name: django_admin_log django_admin_log_pkey; Type: CONSTRAINT; Schema: public; Owner: mysite_user
--

ALTER TABLE ONLY public.django_admin_log
    ADD CONSTRAINT django_admin_log_pkey PRIMARY KEY (id);


--
-- Name: django_content_type django_content_type_app_label_model_76bd3d3b_uniq; Type: CONSTRAINT; Schema: public; Owner: mysite_user
--

ALTER TABLE ONLY public.django_content_type
    ADD CONSTRAINT django_content_type_app_label_model_76bd3d3b_uniq UNIQUE (app_label, model);


--
-- Name: django_content_type django_content_type_pkey; Type: CONSTRAINT; Schema: public; Owner: mysite_user
--

ALTER TABLE ONLY public.django_content_type
    ADD CONSTRAINT django_content_type_pkey PRIMARY KEY (id);


--
-- Name: django_migrations django_migrations_pkey; Type: CONSTRAINT; Schema: public; Owner: mysite_user
--

ALTER TABLE ONLY public.django_migrations
    ADD CONSTRAINT django_migrations_pkey PRIMARY KEY (id);


--
-- Name: django_session django_session_pkey; Type: CONSTRAINT; Schema: public; Owner: mysite_user
--

ALTER TABLE ONLY public.django_session
    ADD CONSTRAINT django_session_pkey PRIMARY KEY (session_key);


--
-- Name: django_site django_site_domain_a2e37b91_uniq; Type: CONSTRAINT; Schema: public; Owner: mysite_user
--

ALTER TABLE ONLY public.django_site
    ADD CONSTRAINT django_site_domain_a2e37b91_uniq UNIQUE (domain);


--
-- Name: django_site django_site_pkey; Type: CONSTRAINT; Schema: public; Owner: mysite_user
--

ALTER TABLE ONLY public.django_site
    ADD CONSTRAINT django_site_pkey PRIMARY KEY (id);


--
-- Name: franchise_order franchise_order_pkey; Type: CONSTRAINT; Schema: public; Owner: mysite_user
--

ALTER TABLE ONLY public.franchise_order
    ADD CONSTRAINT franchise_order_pkey PRIMARY KEY (id);


--
-- Name: franshiza_order franshiza_order_pkey; Type: CONSTRAINT; Schema: public; Owner: mysite_user
--

ALTER TABLE ONLY public.franshiza_order
    ADD CONSTRAINT franshiza_order_pkey PRIMARY KEY (id);


--
-- Name: logs_logs logs_logs_pkey; Type: CONSTRAINT; Schema: public; Owner: mysite_user
--

ALTER TABLE ONLY public.logs_logs
    ADD CONSTRAINT logs_logs_pkey PRIMARY KEY (id);


--
-- Name: mainapp_category mainapp_category_pkey; Type: CONSTRAINT; Schema: public; Owner: mysite_user
--

ALTER TABLE ONLY public.mainapp_category
    ADD CONSTRAINT mainapp_category_pkey PRIMARY KEY (id);


--
-- Name: mainapp_city mainapp_city_pkey; Type: CONSTRAINT; Schema: public; Owner: mysite_user
--

ALTER TABLE ONLY public.mainapp_city
    ADD CONSTRAINT mainapp_city_pkey PRIMARY KEY (id);


--
-- Name: mainapp_counts_flowers mainapp_counts_flowers_pkey; Type: CONSTRAINT; Schema: public; Owner: mysite_user
--

ALTER TABLE ONLY public.mainapp_counts_flowers
    ADD CONSTRAINT mainapp_counts_flowers_pkey PRIMARY KEY (id);


--
-- Name: mainapp_extraproducts mainapp_extraproducts_pkey; Type: CONSTRAINT; Schema: public; Owner: mysite_user
--

ALTER TABLE ONLY public.mainapp_extraproducts
    ADD CONSTRAINT mainapp_extraproducts_pkey PRIMARY KEY (id);


--
-- Name: mainapp_filial mainapp_filial_pkey; Type: CONSTRAINT; Schema: public; Owner: mysite_user
--

ALTER TABLE ONLY public.mainapp_filial
    ADD CONSTRAINT mainapp_filial_pkey PRIMARY KEY (id);


--
-- Name: mainapp_flowerimages mainapp_flowerimages_pkey; Type: CONSTRAINT; Schema: public; Owner: mysite_user
--

ALTER TABLE ONLY public.mainapp_flowerimages
    ADD CONSTRAINT mainapp_flowerimages_pkey PRIMARY KEY (id);


--
-- Name: mainapp_flowers_category mainapp_flowers_category_flowers_id_category_id_9acd483b_uniq; Type: CONSTRAINT; Schema: public; Owner: mysite_user
--

ALTER TABLE ONLY public.mainapp_flowers_category
    ADD CONSTRAINT mainapp_flowers_category_flowers_id_category_id_9acd483b_uniq UNIQUE (flowers_id, category_id);


--
-- Name: mainapp_flowers_category mainapp_flowers_category_pkey; Type: CONSTRAINT; Schema: public; Owner: mysite_user
--

ALTER TABLE ONLY public.mainapp_flowers_category
    ADD CONSTRAINT mainapp_flowers_category_pkey PRIMARY KEY (id);


--
-- Name: mainapp_flowers_city mainapp_flowers_city_flowers_id_city_id_f1be892b_uniq; Type: CONSTRAINT; Schema: public; Owner: mysite_user
--

ALTER TABLE ONLY public.mainapp_flowers_city
    ADD CONSTRAINT mainapp_flowers_city_flowers_id_city_id_f1be892b_uniq UNIQUE (flowers_id, city_id);


--
-- Name: mainapp_flowers_city mainapp_flowers_city_pkey; Type: CONSTRAINT; Schema: public; Owner: mysite_user
--

ALTER TABLE ONLY public.mainapp_flowers_city
    ADD CONSTRAINT mainapp_flowers_city_pkey PRIMARY KEY (id);


--
-- Name: mainapp_flowers mainapp_flowers_pkey; Type: CONSTRAINT; Schema: public; Owner: mysite_user
--

ALTER TABLE ONLY public.mainapp_flowers
    ADD CONSTRAINT mainapp_flowers_pkey PRIMARY KEY (id);


--
-- Name: mainapp_flowers_povod mainapp_flowers_povod_flowers_id_povods_id_a9ca3fb4_uniq; Type: CONSTRAINT; Schema: public; Owner: mysite_user
--

ALTER TABLE ONLY public.mainapp_flowers_povod
    ADD CONSTRAINT mainapp_flowers_povod_flowers_id_povods_id_a9ca3fb4_uniq UNIQUE (flowers_id, povods_id);


--
-- Name: mainapp_flowers_povod mainapp_flowers_povod_pkey; Type: CONSTRAINT; Schema: public; Owner: mysite_user
--

ALTER TABLE ONLY public.mainapp_flowers_povod
    ADD CONSTRAINT mainapp_flowers_povod_pkey PRIMARY KEY (id);


--
-- Name: mainapp_povods mainapp_povods_pkey; Type: CONSTRAINT; Schema: public; Owner: mysite_user
--

ALTER TABLE ONLY public.mainapp_povods
    ADD CONSTRAINT mainapp_povods_pkey PRIMARY KEY (id);


--
-- Name: mainapp_setsextraproducts_extra mainapp_setsextraproduct_setsextraproducts_id_ext_fda2f484_uniq; Type: CONSTRAINT; Schema: public; Owner: mysite_user
--

ALTER TABLE ONLY public.mainapp_setsextraproducts_extra
    ADD CONSTRAINT mainapp_setsextraproduct_setsextraproducts_id_ext_fda2f484_uniq UNIQUE (setsextraproducts_id, extraproducts_id);


--
-- Name: mainapp_setsextraproducts_extra mainapp_setsextraproducts_extra_pkey; Type: CONSTRAINT; Schema: public; Owner: mysite_user
--

ALTER TABLE ONLY public.mainapp_setsextraproducts_extra
    ADD CONSTRAINT mainapp_setsextraproducts_extra_pkey PRIMARY KEY (id);


--
-- Name: mainapp_setsextraproducts mainapp_setsextraproducts_pkey; Type: CONSTRAINT; Schema: public; Owner: mysite_user
--

ALTER TABLE ONLY public.mainapp_setsextraproducts
    ADD CONSTRAINT mainapp_setsextraproducts_pkey PRIMARY KEY (id);


--
-- Name: mainapp_users mainapp_users_pkey; Type: CONSTRAINT; Schema: public; Owner: mysite_user
--

ALTER TABLE ONLY public.mainapp_users
    ADD CONSTRAINT mainapp_users_pkey PRIMARY KEY (id);


--
-- Name: mainapp_users mainapp_users_user_id_key; Type: CONSTRAINT; Schema: public; Owner: mysite_user
--

ALTER TABLE ONLY public.mainapp_users
    ADD CONSTRAINT mainapp_users_user_id_key UNIQUE (user_id);


--
-- Name: orders_fasrorder orders_fasrorder_pkey; Type: CONSTRAINT; Schema: public; Owner: mysite_user
--

ALTER TABLE ONLY public.orders_fasrorder
    ADD CONSTRAINT orders_fasrorder_pkey PRIMARY KEY (id);


--
-- Name: orders_order_items_extra_items orders_order_items_extra_items_pkey; Type: CONSTRAINT; Schema: public; Owner: mysite_user
--

ALTER TABLE ONLY public.orders_order_items_extra_items
    ADD CONSTRAINT orders_order_items_extra_items_pkey PRIMARY KEY (id);


--
-- Name: orders_order_items orders_order_items_pkey; Type: CONSTRAINT; Schema: public; Owner: mysite_user
--

ALTER TABLE ONLY public.orders_order_items
    ADD CONSTRAINT orders_order_items_pkey PRIMARY KEY (id);


--
-- Name: orders_order orders_order_pkey; Type: CONSTRAINT; Schema: public; Owner: mysite_user
--

ALTER TABLE ONLY public.orders_order
    ADD CONSTRAINT orders_order_pkey PRIMARY KEY (id);


--
-- Name: orders_orderextra orders_orderextra_pkey; Type: CONSTRAINT; Schema: public; Owner: mysite_user
--

ALTER TABLE ONLY public.orders_orderextra
    ADD CONSTRAINT orders_orderextra_pkey PRIMARY KEY (id);


--
-- Name: orders_orderflowerimage orders_orderflowerimage_order_id_key; Type: CONSTRAINT; Schema: public; Owner: mysite_user
--

ALTER TABLE ONLY public.orders_orderflowerimage
    ADD CONSTRAINT orders_orderflowerimage_order_id_key UNIQUE (order_id);


--
-- Name: orders_orderflowerimage orders_orderflowerimage_pkey; Type: CONSTRAINT; Schema: public; Owner: mysite_user
--

ALTER TABLE ONLY public.orders_orderflowerimage
    ADD CONSTRAINT orders_orderflowerimage_pkey PRIMARY KEY (id);


--
-- Name: orders_orderkurierimage orders_orderkurierimage_order_id_key; Type: CONSTRAINT; Schema: public; Owner: mysite_user
--

ALTER TABLE ONLY public.orders_orderkurierimage
    ADD CONSTRAINT orders_orderkurierimage_order_id_key UNIQUE (order_id);


--
-- Name: orders_orderkurierimage orders_orderkurierimage_pkey; Type: CONSTRAINT; Schema: public; Owner: mysite_user
--

ALTER TABLE ONLY public.orders_orderkurierimage
    ADD CONSTRAINT orders_orderkurierimage_pkey PRIMARY KEY (id);


--
-- Name: auth_group_name_a6ea08ec_like; Type: INDEX; Schema: public; Owner: mysite_user
--

CREATE INDEX auth_group_name_a6ea08ec_like ON public.auth_group USING btree (name varchar_pattern_ops);


--
-- Name: auth_group_permissions_group_id_b120cbf9; Type: INDEX; Schema: public; Owner: mysite_user
--

CREATE INDEX auth_group_permissions_group_id_b120cbf9 ON public.auth_group_permissions USING btree (group_id);


--
-- Name: auth_group_permissions_permission_id_84c5c92e; Type: INDEX; Schema: public; Owner: mysite_user
--

CREATE INDEX auth_group_permissions_permission_id_84c5c92e ON public.auth_group_permissions USING btree (permission_id);


--
-- Name: auth_permission_content_type_id_2f476e4b; Type: INDEX; Schema: public; Owner: mysite_user
--

CREATE INDEX auth_permission_content_type_id_2f476e4b ON public.auth_permission USING btree (content_type_id);


--
-- Name: auth_user_groups_group_id_97559544; Type: INDEX; Schema: public; Owner: mysite_user
--

CREATE INDEX auth_user_groups_group_id_97559544 ON public.auth_user_groups USING btree (group_id);


--
-- Name: auth_user_groups_user_id_6a12ed8b; Type: INDEX; Schema: public; Owner: mysite_user
--

CREATE INDEX auth_user_groups_user_id_6a12ed8b ON public.auth_user_groups USING btree (user_id);


--
-- Name: auth_user_user_permissions_permission_id_1fbb5f2c; Type: INDEX; Schema: public; Owner: mysite_user
--

CREATE INDEX auth_user_user_permissions_permission_id_1fbb5f2c ON public.auth_user_user_permissions USING btree (permission_id);


--
-- Name: auth_user_user_permissions_user_id_a95ead1b; Type: INDEX; Schema: public; Owner: mysite_user
--

CREATE INDEX auth_user_user_permissions_user_id_a95ead1b ON public.auth_user_user_permissions USING btree (user_id);


--
-- Name: auth_user_username_6821ab7c_like; Type: INDEX; Schema: public; Owner: mysite_user
--

CREATE INDEX auth_user_username_6821ab7c_like ON public.auth_user USING btree (username varchar_pattern_ops);


--
-- Name: cart_item_cart_id_157ecf5f; Type: INDEX; Schema: public; Owner: mysite_user
--

CREATE INDEX cart_item_cart_id_157ecf5f ON public.cart_item USING btree (cart_id);


--
-- Name: cart_item_content_type_id_5737916f; Type: INDEX; Schema: public; Owner: mysite_user
--

CREATE INDEX cart_item_content_type_id_5737916f ON public.cart_item USING btree (content_type_id);


--
-- Name: contacts_contacts_city_id_09b52ee2; Type: INDEX; Schema: public; Owner: mysite_user
--

CREATE INDEX contacts_contacts_city_id_09b52ee2 ON public.contacts_contacts USING btree (city_id);


--
-- Name: django_admin_log_content_type_id_c4bce8eb; Type: INDEX; Schema: public; Owner: mysite_user
--

CREATE INDEX django_admin_log_content_type_id_c4bce8eb ON public.django_admin_log USING btree (content_type_id);


--
-- Name: django_admin_log_user_id_c564eba6; Type: INDEX; Schema: public; Owner: mysite_user
--

CREATE INDEX django_admin_log_user_id_c564eba6 ON public.django_admin_log USING btree (user_id);


--
-- Name: django_session_expire_date_a5c62663; Type: INDEX; Schema: public; Owner: mysite_user
--

CREATE INDEX django_session_expire_date_a5c62663 ON public.django_session USING btree (expire_date);


--
-- Name: django_session_session_key_c0390e0f_like; Type: INDEX; Schema: public; Owner: mysite_user
--

CREATE INDEX django_session_session_key_c0390e0f_like ON public.django_session USING btree (session_key varchar_pattern_ops);


--
-- Name: django_site_domain_a2e37b91_like; Type: INDEX; Schema: public; Owner: mysite_user
--

CREATE INDEX django_site_domain_a2e37b91_like ON public.django_site USING btree (domain varchar_pattern_ops);


--
-- Name: mainapp_flowerimages_flower_id_e9c6379f; Type: INDEX; Schema: public; Owner: mysite_user
--

CREATE INDEX mainapp_flowerimages_flower_id_e9c6379f ON public.mainapp_flowerimages USING btree (flower_id);


--
-- Name: mainapp_flowers_category_category_id_50cd8481; Type: INDEX; Schema: public; Owner: mysite_user
--

CREATE INDEX mainapp_flowers_category_category_id_50cd8481 ON public.mainapp_flowers_category USING btree (category_id);


--
-- Name: mainapp_flowers_category_flowers_id_7607e8d8; Type: INDEX; Schema: public; Owner: mysite_user
--

CREATE INDEX mainapp_flowers_category_flowers_id_7607e8d8 ON public.mainapp_flowers_category USING btree (flowers_id);


--
-- Name: mainapp_flowers_city_city_id_b4f1f47c; Type: INDEX; Schema: public; Owner: mysite_user
--

CREATE INDEX mainapp_flowers_city_city_id_b4f1f47c ON public.mainapp_flowers_city USING btree (city_id);


--
-- Name: mainapp_flowers_city_flowers_id_de9637df; Type: INDEX; Schema: public; Owner: mysite_user
--

CREATE INDEX mainapp_flowers_city_flowers_id_de9637df ON public.mainapp_flowers_city USING btree (flowers_id);


--
-- Name: mainapp_flowers_count_in_id_b5b281ee; Type: INDEX; Schema: public; Owner: mysite_user
--

CREATE INDEX mainapp_flowers_count_in_id_b5b281ee ON public.mainapp_flowers USING btree (count_in_id);


--
-- Name: mainapp_flowers_filial_id_0705e532; Type: INDEX; Schema: public; Owner: mysite_user
--

CREATE INDEX mainapp_flowers_filial_id_0705e532 ON public.mainapp_flowers USING btree (filial_id);


--
-- Name: mainapp_flowers_povod_flowers_id_6f3c358c; Type: INDEX; Schema: public; Owner: mysite_user
--

CREATE INDEX mainapp_flowers_povod_flowers_id_6f3c358c ON public.mainapp_flowers_povod USING btree (flowers_id);


--
-- Name: mainapp_flowers_povod_povods_id_e0601054; Type: INDEX; Schema: public; Owner: mysite_user
--

CREATE INDEX mainapp_flowers_povod_povods_id_e0601054 ON public.mainapp_flowers_povod USING btree (povods_id);


--
-- Name: mainapp_flowers_set_id_56687e63; Type: INDEX; Schema: public; Owner: mysite_user
--

CREATE INDEX mainapp_flowers_set_id_56687e63 ON public.mainapp_flowers USING btree (set_id);


--
-- Name: mainapp_setsextraproducts_extra_extraproducts_id_68aa097f; Type: INDEX; Schema: public; Owner: mysite_user
--

CREATE INDEX mainapp_setsextraproducts_extra_extraproducts_id_68aa097f ON public.mainapp_setsextraproducts_extra USING btree (extraproducts_id);


--
-- Name: mainapp_setsextraproducts_extra_setsextraproducts_id_84834d4a; Type: INDEX; Schema: public; Owner: mysite_user
--

CREATE INDEX mainapp_setsextraproducts_extra_setsextraproducts_id_84834d4a ON public.mainapp_setsextraproducts_extra USING btree (setsextraproducts_id);


--
-- Name: mainapp_users_city_id_b2ee8202; Type: INDEX; Schema: public; Owner: mysite_user
--

CREATE INDEX mainapp_users_city_id_b2ee8202 ON public.mainapp_users USING btree (city_id);


--
-- Name: mainapp_users_filial_id_8c410771; Type: INDEX; Schema: public; Owner: mysite_user
--

CREATE INDEX mainapp_users_filial_id_8c410771 ON public.mainapp_users USING btree (filial_id);


--
-- Name: orders_fasrorder_city_id_b8db33ae; Type: INDEX; Schema: public; Owner: mysite_user
--

CREATE INDEX orders_fasrorder_city_id_b8db33ae ON public.orders_fasrorder USING btree (city_id);


--
-- Name: orders_fasrorder_filial_id_d8c927f4; Type: INDEX; Schema: public; Owner: mysite_user
--

CREATE INDEX orders_fasrorder_filial_id_d8c927f4 ON public.orders_fasrorder USING btree (filial_id);


--
-- Name: orders_fasrorder_flower_id_04f990ef; Type: INDEX; Schema: public; Owner: mysite_user
--

CREATE INDEX orders_fasrorder_flower_id_04f990ef ON public.orders_fasrorder USING btree (flower_id);


--
-- Name: orders_order_city_id_25bcdba7; Type: INDEX; Schema: public; Owner: mysite_user
--

CREATE INDEX orders_order_city_id_25bcdba7 ON public.orders_order USING btree (city_id);


--
-- Name: orders_order_filial_id_71409fda; Type: INDEX; Schema: public; Owner: mysite_user
--

CREATE INDEX orders_order_filial_id_71409fda ON public.orders_order USING btree (filial_id);


--
-- Name: orders_order_items_extra_items_extra_id_a94b8f01; Type: INDEX; Schema: public; Owner: mysite_user
--

CREATE INDEX orders_order_items_extra_items_extra_id_a94b8f01 ON public.orders_order_items_extra_items USING btree (extra_id);


--
-- Name: orders_order_items_extra_items_order_item_id_d5fec80e; Type: INDEX; Schema: public; Owner: mysite_user
--

CREATE INDEX orders_order_items_extra_items_order_item_id_d5fec80e ON public.orders_order_items_extra_items USING btree (order_item_id);


--
-- Name: orders_order_items_item_id_93a63640; Type: INDEX; Schema: public; Owner: mysite_user
--

CREATE INDEX orders_order_items_item_id_93a63640 ON public.orders_order_items USING btree (item_id);


--
-- Name: orders_order_items_order_id_ffafb841; Type: INDEX; Schema: public; Owner: mysite_user
--

CREATE INDEX orders_order_items_order_id_ffafb841 ON public.orders_order_items USING btree (order_id);


--
-- Name: orders_order_user_id_e9b59eb1; Type: INDEX; Schema: public; Owner: mysite_user
--

CREATE INDEX orders_order_user_id_e9b59eb1 ON public.orders_order USING btree (user_id);


--
-- Name: orders_orderextra_extra_id_f265677d; Type: INDEX; Schema: public; Owner: mysite_user
--

CREATE INDEX orders_orderextra_extra_id_f265677d ON public.orders_orderextra USING btree (extra_id);


--
-- Name: orders_orderextra_flower_id_9e056faa; Type: INDEX; Schema: public; Owner: mysite_user
--

CREATE INDEX orders_orderextra_flower_id_9e056faa ON public.orders_orderextra USING btree (flower_id);


--
-- Name: orders_orderextra_order_id_45d433b4; Type: INDEX; Schema: public; Owner: mysite_user
--

CREATE INDEX orders_orderextra_order_id_45d433b4 ON public.orders_orderextra USING btree (order_id);


--
-- Name: auth_group_permissions auth_group_permissio_permission_id_84c5c92e_fk_auth_perm; Type: FK CONSTRAINT; Schema: public; Owner: mysite_user
--

ALTER TABLE ONLY public.auth_group_permissions
    ADD CONSTRAINT auth_group_permissio_permission_id_84c5c92e_fk_auth_perm FOREIGN KEY (permission_id) REFERENCES public.auth_permission(id) DEFERRABLE INITIALLY DEFERRED;


--
-- Name: auth_group_permissions auth_group_permissions_group_id_b120cbf9_fk_auth_group_id; Type: FK CONSTRAINT; Schema: public; Owner: mysite_user
--

ALTER TABLE ONLY public.auth_group_permissions
    ADD CONSTRAINT auth_group_permissions_group_id_b120cbf9_fk_auth_group_id FOREIGN KEY (group_id) REFERENCES public.auth_group(id) DEFERRABLE INITIALLY DEFERRED;


--
-- Name: auth_permission auth_permission_content_type_id_2f476e4b_fk_django_co; Type: FK CONSTRAINT; Schema: public; Owner: mysite_user
--

ALTER TABLE ONLY public.auth_permission
    ADD CONSTRAINT auth_permission_content_type_id_2f476e4b_fk_django_co FOREIGN KEY (content_type_id) REFERENCES public.django_content_type(id) DEFERRABLE INITIALLY DEFERRED;


--
-- Name: auth_user_groups auth_user_groups_group_id_97559544_fk_auth_group_id; Type: FK CONSTRAINT; Schema: public; Owner: mysite_user
--

ALTER TABLE ONLY public.auth_user_groups
    ADD CONSTRAINT auth_user_groups_group_id_97559544_fk_auth_group_id FOREIGN KEY (group_id) REFERENCES public.auth_group(id) DEFERRABLE INITIALLY DEFERRED;


--
-- Name: auth_user_groups auth_user_groups_user_id_6a12ed8b_fk_auth_user_id; Type: FK CONSTRAINT; Schema: public; Owner: mysite_user
--

ALTER TABLE ONLY public.auth_user_groups
    ADD CONSTRAINT auth_user_groups_user_id_6a12ed8b_fk_auth_user_id FOREIGN KEY (user_id) REFERENCES public.auth_user(id) DEFERRABLE INITIALLY DEFERRED;


--
-- Name: auth_user_user_permissions auth_user_user_permi_permission_id_1fbb5f2c_fk_auth_perm; Type: FK CONSTRAINT; Schema: public; Owner: mysite_user
--

ALTER TABLE ONLY public.auth_user_user_permissions
    ADD CONSTRAINT auth_user_user_permi_permission_id_1fbb5f2c_fk_auth_perm FOREIGN KEY (permission_id) REFERENCES public.auth_permission(id) DEFERRABLE INITIALLY DEFERRED;


--
-- Name: auth_user_user_permissions auth_user_user_permissions_user_id_a95ead1b_fk_auth_user_id; Type: FK CONSTRAINT; Schema: public; Owner: mysite_user
--

ALTER TABLE ONLY public.auth_user_user_permissions
    ADD CONSTRAINT auth_user_user_permissions_user_id_a95ead1b_fk_auth_user_id FOREIGN KEY (user_id) REFERENCES public.auth_user(id) DEFERRABLE INITIALLY DEFERRED;


--
-- Name: cart_item cart_item_cart_id_157ecf5f_fk_cart_cart_id; Type: FK CONSTRAINT; Schema: public; Owner: mysite_user
--

ALTER TABLE ONLY public.cart_item
    ADD CONSTRAINT cart_item_cart_id_157ecf5f_fk_cart_cart_id FOREIGN KEY (cart_id) REFERENCES public.cart_cart(id) DEFERRABLE INITIALLY DEFERRED;


--
-- Name: cart_item cart_item_content_type_id_5737916f_fk_django_content_type_id; Type: FK CONSTRAINT; Schema: public; Owner: mysite_user
--

ALTER TABLE ONLY public.cart_item
    ADD CONSTRAINT cart_item_content_type_id_5737916f_fk_django_content_type_id FOREIGN KEY (content_type_id) REFERENCES public.django_content_type(id) DEFERRABLE INITIALLY DEFERRED;


--
-- Name: contacts_contacts contacts_contacts_city_id_09b52ee2_fk_mainapp_city_id; Type: FK CONSTRAINT; Schema: public; Owner: mysite_user
--

ALTER TABLE ONLY public.contacts_contacts
    ADD CONSTRAINT contacts_contacts_city_id_09b52ee2_fk_mainapp_city_id FOREIGN KEY (city_id) REFERENCES public.mainapp_city(id) DEFERRABLE INITIALLY DEFERRED;


--
-- Name: django_admin_log django_admin_log_content_type_id_c4bce8eb_fk_django_co; Type: FK CONSTRAINT; Schema: public; Owner: mysite_user
--

ALTER TABLE ONLY public.django_admin_log
    ADD CONSTRAINT django_admin_log_content_type_id_c4bce8eb_fk_django_co FOREIGN KEY (content_type_id) REFERENCES public.django_content_type(id) DEFERRABLE INITIALLY DEFERRED;


--
-- Name: django_admin_log django_admin_log_user_id_c564eba6_fk_auth_user_id; Type: FK CONSTRAINT; Schema: public; Owner: mysite_user
--

ALTER TABLE ONLY public.django_admin_log
    ADD CONSTRAINT django_admin_log_user_id_c564eba6_fk_auth_user_id FOREIGN KEY (user_id) REFERENCES public.auth_user(id) DEFERRABLE INITIALLY DEFERRED;


--
-- Name: mainapp_flowerimages mainapp_flowerimages_flower_id_e9c6379f_fk_mainapp_flowers_id; Type: FK CONSTRAINT; Schema: public; Owner: mysite_user
--

ALTER TABLE ONLY public.mainapp_flowerimages
    ADD CONSTRAINT mainapp_flowerimages_flower_id_e9c6379f_fk_mainapp_flowers_id FOREIGN KEY (flower_id) REFERENCES public.mainapp_flowers(id) DEFERRABLE INITIALLY DEFERRED;


--
-- Name: mainapp_flowers_category mainapp_flowers_cate_category_id_50cd8481_fk_mainapp_c; Type: FK CONSTRAINT; Schema: public; Owner: mysite_user
--

ALTER TABLE ONLY public.mainapp_flowers_category
    ADD CONSTRAINT mainapp_flowers_cate_category_id_50cd8481_fk_mainapp_c FOREIGN KEY (category_id) REFERENCES public.mainapp_category(id) DEFERRABLE INITIALLY DEFERRED;


--
-- Name: mainapp_flowers_category mainapp_flowers_cate_flowers_id_7607e8d8_fk_mainapp_f; Type: FK CONSTRAINT; Schema: public; Owner: mysite_user
--

ALTER TABLE ONLY public.mainapp_flowers_category
    ADD CONSTRAINT mainapp_flowers_cate_flowers_id_7607e8d8_fk_mainapp_f FOREIGN KEY (flowers_id) REFERENCES public.mainapp_flowers(id) DEFERRABLE INITIALLY DEFERRED;


--
-- Name: mainapp_flowers_city mainapp_flowers_city_city_id_b4f1f47c_fk_mainapp_city_id; Type: FK CONSTRAINT; Schema: public; Owner: mysite_user
--

ALTER TABLE ONLY public.mainapp_flowers_city
    ADD CONSTRAINT mainapp_flowers_city_city_id_b4f1f47c_fk_mainapp_city_id FOREIGN KEY (city_id) REFERENCES public.mainapp_city(id) DEFERRABLE INITIALLY DEFERRED;


--
-- Name: mainapp_flowers_city mainapp_flowers_city_flowers_id_de9637df_fk_mainapp_flowers_id; Type: FK CONSTRAINT; Schema: public; Owner: mysite_user
--

ALTER TABLE ONLY public.mainapp_flowers_city
    ADD CONSTRAINT mainapp_flowers_city_flowers_id_de9637df_fk_mainapp_flowers_id FOREIGN KEY (flowers_id) REFERENCES public.mainapp_flowers(id) DEFERRABLE INITIALLY DEFERRED;


--
-- Name: mainapp_flowers mainapp_flowers_count_in_id_b5b281ee_fk_mainapp_c; Type: FK CONSTRAINT; Schema: public; Owner: mysite_user
--

ALTER TABLE ONLY public.mainapp_flowers
    ADD CONSTRAINT mainapp_flowers_count_in_id_b5b281ee_fk_mainapp_c FOREIGN KEY (count_in_id) REFERENCES public.mainapp_counts_flowers(id) DEFERRABLE INITIALLY DEFERRED;


--
-- Name: mainapp_flowers mainapp_flowers_filial_id_0705e532_fk_mainapp_filial_id; Type: FK CONSTRAINT; Schema: public; Owner: mysite_user
--

ALTER TABLE ONLY public.mainapp_flowers
    ADD CONSTRAINT mainapp_flowers_filial_id_0705e532_fk_mainapp_filial_id FOREIGN KEY (filial_id) REFERENCES public.mainapp_filial(id) DEFERRABLE INITIALLY DEFERRED;


--
-- Name: mainapp_flowers_povod mainapp_flowers_povod_flowers_id_6f3c358c_fk_mainapp_flowers_id; Type: FK CONSTRAINT; Schema: public; Owner: mysite_user
--

ALTER TABLE ONLY public.mainapp_flowers_povod
    ADD CONSTRAINT mainapp_flowers_povod_flowers_id_6f3c358c_fk_mainapp_flowers_id FOREIGN KEY (flowers_id) REFERENCES public.mainapp_flowers(id) DEFERRABLE INITIALLY DEFERRED;


--
-- Name: mainapp_flowers_povod mainapp_flowers_povod_povods_id_e0601054_fk_mainapp_povods_id; Type: FK CONSTRAINT; Schema: public; Owner: mysite_user
--

ALTER TABLE ONLY public.mainapp_flowers_povod
    ADD CONSTRAINT mainapp_flowers_povod_povods_id_e0601054_fk_mainapp_povods_id FOREIGN KEY (povods_id) REFERENCES public.mainapp_povods(id) DEFERRABLE INITIALLY DEFERRED;


--
-- Name: mainapp_flowers mainapp_flowers_set_id_56687e63_fk_mainapp_setsextraproducts_id; Type: FK CONSTRAINT; Schema: public; Owner: mysite_user
--

ALTER TABLE ONLY public.mainapp_flowers
    ADD CONSTRAINT mainapp_flowers_set_id_56687e63_fk_mainapp_setsextraproducts_id FOREIGN KEY (set_id) REFERENCES public.mainapp_setsextraproducts(id) DEFERRABLE INITIALLY DEFERRED;


--
-- Name: mainapp_setsextraproducts_extra mainapp_setsextrapro_extraproducts_id_68aa097f_fk_mainapp_e; Type: FK CONSTRAINT; Schema: public; Owner: mysite_user
--

ALTER TABLE ONLY public.mainapp_setsextraproducts_extra
    ADD CONSTRAINT mainapp_setsextrapro_extraproducts_id_68aa097f_fk_mainapp_e FOREIGN KEY (extraproducts_id) REFERENCES public.mainapp_extraproducts(id) DEFERRABLE INITIALLY DEFERRED;


--
-- Name: mainapp_setsextraproducts_extra mainapp_setsextrapro_setsextraproducts_id_84834d4a_fk_mainapp_s; Type: FK CONSTRAINT; Schema: public; Owner: mysite_user
--

ALTER TABLE ONLY public.mainapp_setsextraproducts_extra
    ADD CONSTRAINT mainapp_setsextrapro_setsextraproducts_id_84834d4a_fk_mainapp_s FOREIGN KEY (setsextraproducts_id) REFERENCES public.mainapp_setsextraproducts(id) DEFERRABLE INITIALLY DEFERRED;


--
-- Name: mainapp_users mainapp_users_city_id_b2ee8202_fk_mainapp_city_id; Type: FK CONSTRAINT; Schema: public; Owner: mysite_user
--

ALTER TABLE ONLY public.mainapp_users
    ADD CONSTRAINT mainapp_users_city_id_b2ee8202_fk_mainapp_city_id FOREIGN KEY (city_id) REFERENCES public.mainapp_city(id) DEFERRABLE INITIALLY DEFERRED;


--
-- Name: mainapp_users mainapp_users_filial_id_8c410771_fk_mainapp_filial_id; Type: FK CONSTRAINT; Schema: public; Owner: mysite_user
--

ALTER TABLE ONLY public.mainapp_users
    ADD CONSTRAINT mainapp_users_filial_id_8c410771_fk_mainapp_filial_id FOREIGN KEY (filial_id) REFERENCES public.mainapp_filial(id) DEFERRABLE INITIALLY DEFERRED;


--
-- Name: mainapp_users mainapp_users_user_id_e9659730_fk_auth_user_id; Type: FK CONSTRAINT; Schema: public; Owner: mysite_user
--

ALTER TABLE ONLY public.mainapp_users
    ADD CONSTRAINT mainapp_users_user_id_e9659730_fk_auth_user_id FOREIGN KEY (user_id) REFERENCES public.auth_user(id) DEFERRABLE INITIALLY DEFERRED;


--
-- Name: orders_fasrorder orders_fasrorder_city_id_b8db33ae_fk_mainapp_city_id; Type: FK CONSTRAINT; Schema: public; Owner: mysite_user
--

ALTER TABLE ONLY public.orders_fasrorder
    ADD CONSTRAINT orders_fasrorder_city_id_b8db33ae_fk_mainapp_city_id FOREIGN KEY (city_id) REFERENCES public.mainapp_city(id) DEFERRABLE INITIALLY DEFERRED;


--
-- Name: orders_fasrorder orders_fasrorder_filial_id_d8c927f4_fk_mainapp_filial_id; Type: FK CONSTRAINT; Schema: public; Owner: mysite_user
--

ALTER TABLE ONLY public.orders_fasrorder
    ADD CONSTRAINT orders_fasrorder_filial_id_d8c927f4_fk_mainapp_filial_id FOREIGN KEY (filial_id) REFERENCES public.mainapp_filial(id) DEFERRABLE INITIALLY DEFERRED;


--
-- Name: orders_fasrorder orders_fasrorder_flower_id_04f990ef_fk_mainapp_flowers_id; Type: FK CONSTRAINT; Schema: public; Owner: mysite_user
--

ALTER TABLE ONLY public.orders_fasrorder
    ADD CONSTRAINT orders_fasrorder_flower_id_04f990ef_fk_mainapp_flowers_id FOREIGN KEY (flower_id) REFERENCES public.mainapp_flowers(id) DEFERRABLE INITIALLY DEFERRED;


--
-- Name: orders_order orders_order_city_id_25bcdba7_fk_mainapp_city_id; Type: FK CONSTRAINT; Schema: public; Owner: mysite_user
--

ALTER TABLE ONLY public.orders_order
    ADD CONSTRAINT orders_order_city_id_25bcdba7_fk_mainapp_city_id FOREIGN KEY (city_id) REFERENCES public.mainapp_city(id) DEFERRABLE INITIALLY DEFERRED;


--
-- Name: orders_order orders_order_filial_id_71409fda_fk_mainapp_filial_id; Type: FK CONSTRAINT; Schema: public; Owner: mysite_user
--

ALTER TABLE ONLY public.orders_order
    ADD CONSTRAINT orders_order_filial_id_71409fda_fk_mainapp_filial_id FOREIGN KEY (filial_id) REFERENCES public.mainapp_filial(id) DEFERRABLE INITIALLY DEFERRED;


--
-- Name: orders_order_items_extra_items orders_order_items_e_extra_id_a94b8f01_fk_mainapp_e; Type: FK CONSTRAINT; Schema: public; Owner: mysite_user
--

ALTER TABLE ONLY public.orders_order_items_extra_items
    ADD CONSTRAINT orders_order_items_e_extra_id_a94b8f01_fk_mainapp_e FOREIGN KEY (extra_id) REFERENCES public.mainapp_extraproducts(id) DEFERRABLE INITIALLY DEFERRED;


--
-- Name: orders_order_items_extra_items orders_order_items_e_order_item_id_d5fec80e_fk_orders_or; Type: FK CONSTRAINT; Schema: public; Owner: mysite_user
--

ALTER TABLE ONLY public.orders_order_items_extra_items
    ADD CONSTRAINT orders_order_items_e_order_item_id_d5fec80e_fk_orders_or FOREIGN KEY (order_item_id) REFERENCES public.orders_order_items(id) DEFERRABLE INITIALLY DEFERRED;


--
-- Name: orders_order_items orders_order_items_item_id_93a63640_fk_mainapp_flowers_id; Type: FK CONSTRAINT; Schema: public; Owner: mysite_user
--

ALTER TABLE ONLY public.orders_order_items
    ADD CONSTRAINT orders_order_items_item_id_93a63640_fk_mainapp_flowers_id FOREIGN KEY (item_id) REFERENCES public.mainapp_flowers(id) DEFERRABLE INITIALLY DEFERRED;


--
-- Name: orders_order_items orders_order_items_order_id_ffafb841_fk_orders_order_id; Type: FK CONSTRAINT; Schema: public; Owner: mysite_user
--

ALTER TABLE ONLY public.orders_order_items
    ADD CONSTRAINT orders_order_items_order_id_ffafb841_fk_orders_order_id FOREIGN KEY (order_id) REFERENCES public.orders_order(id) DEFERRABLE INITIALLY DEFERRED;


--
-- Name: orders_order orders_order_user_id_e9b59eb1_fk_auth_user_id; Type: FK CONSTRAINT; Schema: public; Owner: mysite_user
--

ALTER TABLE ONLY public.orders_order
    ADD CONSTRAINT orders_order_user_id_e9b59eb1_fk_auth_user_id FOREIGN KEY (user_id) REFERENCES public.auth_user(id) DEFERRABLE INITIALLY DEFERRED;


--
-- Name: orders_orderextra orders_orderextra_extra_id_f265677d_fk_mainapp_extraproducts_id; Type: FK CONSTRAINT; Schema: public; Owner: mysite_user
--

ALTER TABLE ONLY public.orders_orderextra
    ADD CONSTRAINT orders_orderextra_extra_id_f265677d_fk_mainapp_extraproducts_id FOREIGN KEY (extra_id) REFERENCES public.mainapp_extraproducts(id) DEFERRABLE INITIALLY DEFERRED;


--
-- Name: orders_orderextra orders_orderextra_flower_id_9e056faa_fk_mainapp_flowers_id; Type: FK CONSTRAINT; Schema: public; Owner: mysite_user
--

ALTER TABLE ONLY public.orders_orderextra
    ADD CONSTRAINT orders_orderextra_flower_id_9e056faa_fk_mainapp_flowers_id FOREIGN KEY (flower_id) REFERENCES public.mainapp_flowers(id) DEFERRABLE INITIALLY DEFERRED;


--
-- Name: orders_orderextra orders_orderextra_order_id_45d433b4_fk_orders_order_id; Type: FK CONSTRAINT; Schema: public; Owner: mysite_user
--

ALTER TABLE ONLY public.orders_orderextra
    ADD CONSTRAINT orders_orderextra_order_id_45d433b4_fk_orders_order_id FOREIGN KEY (order_id) REFERENCES public.orders_order(id) DEFERRABLE INITIALLY DEFERRED;


--
-- Name: orders_orderflowerimage orders_orderflowerimage_order_id_5efaaa6f_fk_orders_order_id; Type: FK CONSTRAINT; Schema: public; Owner: mysite_user
--

ALTER TABLE ONLY public.orders_orderflowerimage
    ADD CONSTRAINT orders_orderflowerimage_order_id_5efaaa6f_fk_orders_order_id FOREIGN KEY (order_id) REFERENCES public.orders_order(id) DEFERRABLE INITIALLY DEFERRED;


--
-- Name: orders_orderkurierimage orders_orderkurierimage_order_id_58f9db07_fk_orders_order_id; Type: FK CONSTRAINT; Schema: public; Owner: mysite_user
--

ALTER TABLE ONLY public.orders_orderkurierimage
    ADD CONSTRAINT orders_orderkurierimage_order_id_58f9db07_fk_orders_order_id FOREIGN KEY (order_id) REFERENCES public.orders_order(id) DEFERRABLE INITIALLY DEFERRED;


--
-- PostgreSQL database dump complete
--

